{"type":"FeatureCollection","features":[{"type":"Feature","geometry":{"type":"Point","coordinates":[73.074431,33.730907]},"properties":{"id":"zameen-53579753","source":"Zameen","confidenceScore":100,"confidenceBand":"High","isOutlier":false,"title":"F-6 Brand New House For Sale With Modern Architecture Design","propertyGroup":"house","location":"F-6, Islamabad","neighborhood":"F-6","pricePkr":1300000000,"pricePerSqft":96296.3,"pricePerMarla":21666666.67,"areaSqft":13500.0,"beds":7,"baths":null,"url":"https://www.zameen.com/Property/islamabad_f-6_f-6_brand_new_house_for_sale_with_modern_architecture_design-53579753-164-1.html"}},{"type":"Feature","geometry":{"type":"Point","coordinates":[73.056493,33.720413]},"properties":{"id":"zameen-54829517","source":"Zameen","confidenceScore":100,"confidenceBand":"High","isOutlier":false,"title":"ULTRA LUXURY 1 KANAL 533 SQYD Triple-Story House for Sale in F-7 Islamabad","propertyGroup":"house","location":"F-7, Islamabad","neighborhood":"F-7","pricePkr":410000000,"pricePerSqft":91111.11,"pricePerMarla":20500000.0,"areaSqft":4500.0,"beds":6,"baths":6,"url":"https://www.zameen.com/Property/islamabad_f-7_ultra_luxury_1_kanal_533_sqyd_triple-story_house_for_sale_in_f-7_islamabad-54829517-165-1.html"}},{"type":"Feature","geometry":{"type":"Point","coordinates":[73.016229,33.692002]},"properties":{"id":"zameen-54024286","source":"Zameen","confidenceScore":100,"confidenceBand":"High","isOutlier":false,"title":"1600 Square Feet Flat For sale In Sukh Chayn Residence Islamabad","propertyGroup":"apartment","location":"Sukh Chayn Residence, F-10","neighborhood":"F-10","pricePkr":145000000,"pricePerSqft":90625.0,"pricePerMarla":20390625.0,"areaSqft":1600.0,"beds":4,"baths":4,"url":"https://www.zameen.com/Property/f_10_sukh_chayn_residence_1600_square_feet_flat_for_sale_in_sukh_chayn_residence_islamabad-54024286-13589-1.html"}},{"type":"Feature","geometry":{"type":"Point","coordinates":[73.077486,33.735118]},"properties":{"id":"zameen-54766663","source":"Zameen","confidenceScore":100,"confidenceBand":"High","isOutlier":false,"title":"F--6/3 4 KANAL FOR SALE NEXT TO MARGALLA ROAD","propertyGroup":"house","location":"F-6/3, F-6","neighborhood":"F-6","pricePkr":1400000000,"pricePerSqft":77777.78,"pricePerMarla":17500000.0,"areaSqft":18000.0,"beds":11,"baths":7,"url":"https://www.zameen.com/Property/f_6_f-6_3_f--6_3_4_kanal_for_sale_next_to_margalla_road-54766663-3301-1.html"}},{"type":"Feature","geometry":{"type":"Point","coordinates":[73.056493,33.720413]},"properties":{"id":"zameen-54135899","source":"Zameen","confidenceScore":100,"confidenceBand":"High","isOutlier":false,"title":"F-7 Corner House For Sale","propertyGroup":"house","location":"F-7, Islamabad","neighborhood":"F-7","pricePkr":450000000,"pricePerSqft":71428.57,"pricePerMarla":16071428.57,"areaSqft":6300.0,"beds":7,"baths":null,"url":"https://www.zameen.com/Property/islamabad_f-7_f-7_corner_house_for_sale-54135899-165-1.html"}},{"type":"Feature","geometry":{"type":"Point","coordinates":[73.036201,33.694138]},"properties":{"id":"zameen-49363958","source":"Zameen","confidenceScore":100,"confidenceBand":"High","isOutlier":false,"title":"G-9/3 Brand New Triple Storey House For Sale With Extra Land","propertyGroup":"house","location":"G-9/3, G-9","neighborhood":"G-9","pricePkr":91500000,"pricePerSqft":67777.78,"pricePerMarla":15250000.0,"areaSqft":1350.0,"beds":6,"baths":6,"url":"https://www.zameen.com/Property/g_9_g-9_3_g-9_3_brand_new_triple_storey_house_for_sale_with_extra_land-49363958-3386-1.html"}},{"type":"Feature","geometry":{"type":"Point","coordinates":[72.954798,33.707182]},"properties":{"id":"zameen-54170791","source":"Zameen","confidenceScore":100,"confidenceBand":"High","isOutlier":false,"title":"10 Marla Spanish Design Park-Face House For Sale In D12/3","propertyGroup":"house","location":"D-12, Islamabad","neighborhood":"D-12","pricePkr":150000000,"pricePerSqft":66666.67,"pricePerMarla":15000000.0,"areaSqft":2250.0,"beds":6,"baths":6,"url":"https://www.zameen.com/Property/islamabad_d-12_10_marla_spanish_design_park-face_house_for_sale_in_d12_3-54170791-160-1.html"}},{"type":"Feature","geometry":{"type":"Point","coordinates":[72.948532,33.701636]},"properties":{"id":"zameen-54170877","source":"Zameen","confidenceScore":100,"confidenceBand":"High","isOutlier":false,"title":"A Beautifully Designed 10 Marla Triple Story Corner House Offering Luxury, Space, And A Stunning View Of Margalla Hills.","propertyGroup":"house","location":"D-12, Islamabad","neighborhood":"D-12","pricePkr":150000000,"pricePerSqft":66666.67,"pricePerMarla":15000000.0,"areaSqft":2250.0,"beds":7,"baths":6,"url":"https://www.zameen.com/Property/islamabad_d-12_a_beautifully_designed_10_marla_triple_story_corner_house_offering_luxury_space_and_a_stunning_view_of_margalla_hills-54170877-160-1.html"}},{"type":"Feature","geometry":{"type":"Point","coordinates":[72.948532,33.701636]},"properties":{"id":"zameen-54680955","source":"Zameen","confidenceScore":100,"confidenceBand":"High","isOutlier":false,"title":"BEAUTIFUL LOCATION BRAND NEW PARK FACE HOUSE FOR SALE","propertyGroup":"house","location":"D-12, Islamabad","neighborhood":"D-12","pricePkr":150000000,"pricePerSqft":66666.67,"pricePerMarla":15000000.0,"areaSqft":2250.0,"beds":5,"baths":6,"url":"https://www.zameen.com/Property/islamabad_d-12_beautiful_location_brand_new_park_face_house_for_sale-54680955-160-1.html"}},{"type":"Feature","geometry":{"type":"Point","coordinates":[73.050973,33.70672]},"properties":{"id":"zameen-52966643","source":"Zameen","confidenceScore":100,"confidenceBand":"High","isOutlier":false,"title":"Elysium Mall Blue Area Islamabad Opposite To Centures Mall Two Side Corner Apartment Available For Sale Beautiful Location","propertyGroup":"apartment","location":"Elysium Mall, Blue Area","neighborhood":"Blue Area","pricePkr":110000000,"pricePerSqft":64896.76,"pricePerMarla":14601769.91,"areaSqft":1695.0,"beds":2,"baths":2,"url":"https://www.zameen.com/Property/blue_area_elysium_mall_elysium_mall_blue_area_islamabad_opposite_to_centures_mall_two_side_corner_apartment_available_for_sale_beautiful_location-52966643-10739-1.html"}},{"type":"Feature","geometry":{"type":"Point","coordinates":[73.050476,33.707982]},"properties":{"id":"zameen-54804842","source":"Zameen","confidenceScore":100,"confidenceBand":"High","isOutlier":false,"title":"Luxury 2-Bed Apartment With Maid Room For Sale In The Centaurus, Islamabad","propertyGroup":"apartment","location":"The Centaurus, F-8","neighborhood":"F-8","pricePkr":140000000,"pricePerSqft":63636.36,"pricePerMarla":14318181.82,"areaSqft":2200.0,"beds":2,"baths":3,"url":"https://www.zameen.com/Property/f_8_the_centaurus_luxury_2-bed_apartment_with_maid_room_for_sale_in_the_centaurus_islamabad-54804842-8349-1.html"}},{"type":"Feature","geometry":{"type":"Point","coordinates":[73.016229,33.692002]},"properties":{"id":"zameen-54248161","source":"Zameen","confidenceScore":100,"confidenceBand":"High","isOutlier":false,"title":"One Bed Apartment Available For Sale In Sukh Chayn Residence F-10","propertyGroup":"apartment","location":"Sukh Chayn Residence, F-10","neighborhood":"F-10","pricePkr":54000000,"pricePerSqft":63529.41,"pricePerMarla":14294117.65,"areaSqft":850.0,"beds":1,"baths":1,"url":"https://www.zameen.com/Property/f_10_sukh_chayn_residence_one_bed_apartment_available_for_sale_in_sukh_chayn_residence_f-10-54248161-13589-1.html"}},{"type":"Feature","geometry":{"type":"Point","coordinates":[72.99041,33.683532]},"properties":{"id":"zameen-54591381","source":"Zameen","confidenceScore":100,"confidenceBand":"High","isOutlier":false,"title":"Brand New & Beautifully Designed 10 Marla House For Sale In F-11, Islamabad","propertyGroup":"house","location":"F-11, Islamabad","neighborhood":"F-11","pricePkr":140000000,"pricePerSqft":62222.22,"pricePerMarla":14000000.0,"areaSqft":2250.0,"beds":4,"baths":5,"url":"https://www.zameen.com/Property/islamabad_f-11_brand_new_beautifully_designed_10_marla_house_for_sale_in_f-11_islamabad-54591381-163-1.html"}},{"type":"Feature","geometry":{"type":"Point","coordinates":[73.056493,33.720413]},"properties":{"id":"zameen-54356264","source":"Zameen","confidenceScore":100,"confidenceBand":"High","isOutlier":false,"title":"F-7 666 Sq Yard Cornor House For Sale","propertyGroup":"house","location":"F-7, Islamabad","neighborhood":"F-7","pricePkr":360000000,"pricePerSqft":61538.46,"pricePerMarla":13846153.85,"areaSqft":5850.0,"beds":6,"baths":6,"url":"https://www.zameen.com/Property/islamabad_f-7_f-7_666_sq_yard_cornor_house_for_sale-54356264-165-1.html"}},{"type":"Feature","geometry":{"type":"Point","coordinates":[72.947887,33.701246]},"properties":{"id":"graana-1557639","source":"Graana","confidenceScore":88,"confidenceBand":"High","isOutlier":false,"title":"4 Marla House for Sale","propertyGroup":"house","location":"D-12, Islamabad","neighborhood":"D-12","pricePkr":55000000,"pricePerSqft":61111.11,"pricePerMarla":13750000.0,"areaSqft":900.0,"beds":3,"baths":3,"url":"https://www.graana.com/property/1557639"}},{"type":"Feature","geometry":{"type":"Point","coordinates":[73.074703,33.673783]},"properties":{"id":"zameen-54687104","source":"Zameen","confidenceScore":100,"confidenceBand":"High","isOutlier":false,"title":"Street End Corner With Extra Land - Triple Storey Spacious House - Peaceful & Prime Location Of I-8/3 Islamabad","propertyGroup":"house","location":"I-8/3, I-8","neighborhood":"I-8","pricePkr":170000000,"pricePerSqft":60931.9,"pricePerMarla":13709677.42,"areaSqft":2790.0,"beds":10,"baths":7,"url":"https://www.zameen.com/Property/i_8_i-8_3_street_end_corner_with_extra_land_-_triple_storey_spacious_house_-_peaceful_prime_location_of_i-8_3_islamabad-54687104-3443-1.html"}},{"type":"Feature","geometry":{"type":"Point","coordinates":[72.941837,33.702421]},"properties":{"id":"zameen-54756079","source":"Zameen","confidenceScore":100,"confidenceBand":"High","isOutlier":false,"title":"Get In Touch Now To Buy A Facing Park House In Islamabad","propertyGroup":"house","location":"D-12/2, D-12","neighborhood":"D-12","pricePkr":135000000,"pricePerSqft":60000.0,"pricePerMarla":13500000.0,"areaSqft":2250.0,"beds":5,"baths":6,"url":"https://www.zameen.com/Property/d_12_d-12_2_get_in_touch_now_to_buy_a_facing_park_house_in_islamabad-54756079-3155-1.html"}},{"type":"Feature","geometry":{"type":"Point","coordinates":[73.042209,33.716665]},"properties":{"id":"zameen-54841025","source":"Zameen","confidenceScore":100,"confidenceBand":"High","isOutlier":false,"title":"F-8/3 house for sale 500 yards","propertyGroup":"house","location":"F-8/3, F-8","neighborhood":"F-8","pricePkr":270000000,"pricePerSqft":60000.0,"pricePerMarla":13500000.0,"areaSqft":4500.0,"beds":5,"baths":5,"url":"https://www.zameen.com/Property/f_8_f-8_3_f-8_3_house_for_sale_500_yards-54841025-3316-1.html"}},{"type":"Feature","geometry":{"type":"Point","coordinates":[73.050476,33.707982]},"properties":{"id":"zameen-54835507","source":"Zameen","confidenceScore":100,"confidenceBand":"High","isOutlier":false,"title":"2200 Sq Ft Luxury 2-Bed Furnished Apartment (F-9 Park View) | The Centaurus, Islamabad","propertyGroup":"apartment","location":"The Centaurus, F-8","neighborhood":"F-8","pricePkr":130000000,"pricePerSqft":59090.91,"pricePerMarla":13295454.55,"areaSqft":2200.0,"beds":2,"baths":3,"url":"https://www.zameen.com/Property/f_8_the_centaurus_2200_sq_ft_luxury_2-bed_furnished_apartment_f-9_park_view_the_centaurus_islamabad-54835507-8349-1.html"}},{"type":"Feature","geometry":{"type":"Point","coordinates":[73.038383,33.713131]},"properties":{"id":"zameen-54795555","source":"Zameen","confidenceScore":100,"confidenceBand":"High","isOutlier":false,"title":"50X90 Standard Size Back Open Old House is for SALE","propertyGroup":"house","location":"F-8, Islamabad","neighborhood":"F-8","pricePkr":262500000,"pricePerSqft":58333.33,"pricePerMarla":13125000.0,"areaSqft":4500.0,"beds":5,"baths":5,"url":"https://www.zameen.com/Property/islamabad_f-8_50x90_standard_size_back_open_old_house_is_for_sale-54795555-166-1.html"}},{"type":"Feature","geometry":{"type":"Point","coordinates":[72.948532,33.701636]},"properties":{"id":"zameen-54390368","source":"Zameen","confidenceScore":100,"confidenceBand":"High","isOutlier":false,"title":"BEAUTIFUL LOCATION BRAND NEW HOUSE FOR SALE","propertyGroup":"house","location":"D-12, Islamabad","neighborhood":"D-12","pricePkr":65000000,"pricePerSqft":57777.78,"pricePerMarla":13000000.0,"areaSqft":1125.0,"beds":4,"baths":5,"url":"https://www.zameen.com/Property/islamabad_d-12_beautiful_location_brand_new_house_for_sale-54390368-160-1.html"}},{"type":"Feature","geometry":{"type":"Point","coordinates":[72.948532,33.701636]},"properties":{"id":"zameen-54711928","source":"Zameen","confidenceScore":100,"confidenceBand":"High","isOutlier":false,"title":"4 Bed House For Sale | 5 Baths | Ultra Modern Design | Beautiful Location","propertyGroup":"house","location":"D-12, Islamabad","neighborhood":"D-12","pricePkr":65000000,"pricePerSqft":57777.78,"pricePerMarla":13000000.0,"areaSqft":1125.0,"beds":4,"baths":5,"url":"https://www.zameen.com/Property/islamabad_d-12_4_bed_house_for_sale_5_baths_ultra_modern_design_beautiful_location-54711928-160-1.html"}},{"type":"Feature","geometry":{"type":"Point","coordinates":[72.944241,33.697565]},"properties":{"id":"zameen-54723428","source":"Zameen","confidenceScore":100,"confidenceBand":"High","isOutlier":false,"title":"Ideal On Excellent Location 5 Marla House has landed on market in D-12/1, Islamabad","propertyGroup":"house","location":"D-12/1, D-12","neighborhood":"D-12","pricePkr":65000000,"pricePerSqft":57777.78,"pricePerMarla":13000000.0,"areaSqft":1125.0,"beds":3,"baths":4,"url":"https://www.zameen.com/Property/d_12_d-12_1_ideal_on_excellent_location_5_marla_house_has_landed_on_market_in_d-12_1_islamabad-54723428-3154-1.html"}},{"type":"Feature","geometry":{"type":"Point","coordinates":[72.948532,33.701636]},"properties":{"id":"zameen-54801515","source":"Zameen","confidenceScore":100,"confidenceBand":"High","isOutlier":false,"title":"Margalla-Facing Luxury 5 Marla House for Sale in D-12/1 | Jacuzzi + Rooftop BBQ","propertyGroup":"house","location":"D-12, Islamabad","neighborhood":"D-12","pricePkr":65000000,"pricePerSqft":57777.78,"pricePerMarla":13000000.0,"areaSqft":1125.0,"beds":4,"baths":4,"url":"https://www.zameen.com/Property/islamabad_d-12_margalla-facing_luxury_5_marla_house_for_sale_in_d-12_1_jacuzzi_rooftop_bbq-54801515-160-1.html"}},{"type":"Feature","geometry":{"type":"Point","coordinates":[72.944241,33.697565]},"properties":{"id":"zameen-54815893","source":"Zameen","confidenceScore":100,"confidenceBand":"High","isOutlier":false,"title":"Reasonably-Priced 5 Marla House In D-12/1, Islamabad Is Available As Of Now","propertyGroup":"house","location":"D-12/1, D-12","neighborhood":"D-12","pricePkr":65000000,"pricePerSqft":57777.78,"pricePerMarla":13000000.0,"areaSqft":1125.0,"beds":4,"baths":4,"url":"https://www.zameen.com/Property/d_12_d-12_1_reasonably-priced_5_marla_house_in_d-12_1_islamabad_is_available_as_of_now-54815893-3154-1.html"}},{"type":"Feature","geometry":{"type":"Point","coordinates":[72.947887,33.701246]},"properties":{"id":"graana-1557634","source":"Graana","confidenceScore":88,"confidenceBand":"High","isOutlier":false,"title":"5 Marla House for Sale","propertyGroup":"house","location":"D-12, Islamabad","neighborhood":"D-12","pricePkr":64000000,"pricePerSqft":56888.89,"pricePerMarla":12800000.0,"areaSqft":1125.0,"beds":3,"baths":3,"url":"https://www.graana.com/property/1557634"}},{"type":"Feature","geometry":{"type":"Point","coordinates":[72.948532,33.701636]},"properties":{"id":"zameen-54740568","source":"Zameen","confidenceScore":100,"confidenceBand":"High","isOutlier":false,"title":"Brand New 10 Marla Beautiful House For Sale","propertyGroup":"house","location":"D-12, Islamabad","neighborhood":"D-12","pricePkr":128000000,"pricePerSqft":56888.89,"pricePerMarla":12800000.0,"areaSqft":2250.0,"beds":6,"baths":6,"url":"https://www.zameen.com/Property/islamabad_d-12_brand_new_10_marla_beautiful_house_for_sale-54740568-160-1.html"}},{"type":"Feature","geometry":{"type":"Point","coordinates":[72.948532,33.701636]},"properties":{"id":"zameen-54502840","source":"Zameen","confidenceScore":100,"confidenceBand":"High","isOutlier":false,"title":"Your Ideal Prime Location 10 Marla House Has Just Become Available In D-12","propertyGroup":"house","location":"D-12, Islamabad","neighborhood":"D-12","pricePkr":127500000,"pricePerSqft":56666.67,"pricePerMarla":12750000.0,"areaSqft":2250.0,"beds":5,"baths":6,"url":"https://www.zameen.com/Property/islamabad_d-12_your_ideal_prime_location_10_marla_house_has_just_become_available_in_d-12-54502840-160-1.html"}},{"type":"Feature","geometry":{"type":"Point","coordinates":[73.038383,33.713131]},"properties":{"id":"zameen-54805670","source":"Zameen","confidenceScore":100,"confidenceBand":"High","isOutlier":false,"title":"F-8 House For Sale On Most Prime Location","propertyGroup":"house","location":"F-8, Islamabad","neighborhood":"F-8","pricePkr":255000000,"pricePerSqft":56666.67,"pricePerMarla":12750000.0,"areaSqft":4500.0,"beds":4,"baths":5,"url":"https://www.zameen.com/Property/islamabad_f-8_f-8_house_for_sale_on_most_prime_location-54805670-166-1.html"}},{"type":"Feature","geometry":{"type":"Point","coordinates":[72.944241,33.697565]},"properties":{"id":"zameen-50999499","source":"Zameen","confidenceScore":100,"confidenceBand":"High","isOutlier":false,"title":"10 Marla Brand New House At Top Location","propertyGroup":"house","location":"D-12/1, D-12","neighborhood":"D-12","pricePkr":120000000,"pricePerSqft":53333.33,"pricePerMarla":12000000.0,"areaSqft":2250.0,"beds":5,"baths":6,"url":"https://www.zameen.com/Property/d_12_d-12_1_10_marla_brand_new_house_at_top_location-50999499-3154-1.html"}},{"type":"Feature","geometry":{"type":"Point","coordinates":[72.944241,33.697565]},"properties":{"id":"zameen-54390493","source":"Zameen","confidenceScore":100,"confidenceBand":"High","isOutlier":false,"title":"10 Marla Ideal Luxury Single Unit House For Sale","propertyGroup":"house","location":"D-12/1, D-12","neighborhood":"D-12","pricePkr":120000000,"pricePerSqft":53333.33,"pricePerMarla":12000000.0,"areaSqft":2250.0,"beds":5,"baths":5,"url":"https://www.zameen.com/Property/d_12_d-12_1_10_marla_ideal_luxury_single_unit_house_for_sale-54390493-3154-1.html"}},{"type":"Feature","geometry":{"type":"Point","coordinates":[72.948532,33.701636]},"properties":{"id":"zameen-54679152","source":"Zameen","confidenceScore":100,"confidenceBand":"High","isOutlier":false,"title":"BEAUTIFUL LOCATION STREET CORNER HOUSE FOR SALE","propertyGroup":"house","location":"D-12, Islamabad","neighborhood":"D-12","pricePkr":240000000,"pricePerSqft":53333.33,"pricePerMarla":12000000.0,"areaSqft":4500.0,"beds":7,"baths":6,"url":"https://www.zameen.com/Property/islamabad_d-12_beautiful_location_street_corner_house_for_sale-54679152-160-1.html"}},{"type":"Feature","geometry":{"type":"Point","coordinates":[73.042209,33.716665]},"properties":{"id":"zameen-54581665","source":"Zameen","confidenceScore":100,"confidenceBand":"High","isOutlier":false,"title":"F-8/3 666 Sq Yard House For Sale On Most Prime Location","propertyGroup":"house","location":"F-8/3, F-8","neighborhood":"F-8","pricePkr":310000000,"pricePerSqft":52991.45,"pricePerMarla":11923076.92,"areaSqft":5850.0,"beds":4,"baths":5,"url":"https://www.zameen.com/Property/f_8_f-8_3_f-8_3_666_sq_yard_house_for_sale_on_most_prime_location-54581665-3316-1.html"}},{"type":"Feature","geometry":{"type":"Point","coordinates":[73.056493,33.720413]},"properties":{"id":"zameen-54803216","source":"Zameen","confidenceScore":100,"confidenceBand":"High","isOutlier":false,"title":"1066 SQYRD HOUSE FOR SALE IN F-7","propertyGroup":"house","location":"F-7, Islamabad","neighborhood":"F-7","pricePkr":500000000,"pricePerSqft":52910.05,"pricePerMarla":11904761.9,"areaSqft":9450.0,"beds":8,"baths":7,"url":"https://www.zameen.com/Property/islamabad_f-7_1066_sqyrd_house_for_sale_in_f-7-54803216-165-1.html"}},{"type":"Feature","geometry":{"type":"Point","coordinates":[72.947887,33.701246]},"properties":{"id":"graana-1557630","source":"Graana","confidenceScore":88,"confidenceBand":"High","isOutlier":false,"title":"7 Marla House for Sale","propertyGroup":"house","location":"D-12, Islamabad","neighborhood":"D-12","pricePkr":82500000,"pricePerSqft":52380.95,"pricePerMarla":11785714.29,"areaSqft":1575.0,"beds":4,"baths":4,"url":"https://www.graana.com/property/1557630"}},{"type":"Feature","geometry":{"type":"Point","coordinates":[72.948532,33.701636]},"properties":{"id":"zameen-54680956","source":"Zameen","confidenceScore":100,"confidenceBand":"High","isOutlier":false,"title":"BEAUTIFUL LOCATION MODERN LUXURY HOUSE FOR SALE","propertyGroup":"house","location":"D-12, Islamabad","neighborhood":"D-12","pricePkr":117500000,"pricePerSqft":52222.22,"pricePerMarla":11750000.0,"areaSqft":2250.0,"beds":5,"baths":5,"url":"https://www.zameen.com/Property/islamabad_d-12_beautiful_location_modern_luxury_house_for_sale-54680956-160-1.html"}},{"type":"Feature","geometry":{"type":"Point","coordinates":[72.952859,33.641955]},"properties":{"id":"zameen-54187621","source":"Zameen","confidenceScore":100,"confidenceBand":"High","isOutlier":false,"title":"Prime Main Road Possession With Unmatched Access And Visibility.","propertyGroup":"house","location":"G-14/4, G-14","neighborhood":"G-14","pricePkr":57500000,"pricePerSqft":51111.11,"pricePerMarla":11500000.0,"areaSqft":1125.0,"beds":5,"baths":6,"url":"https://www.zameen.com/Property/g_14_g-14_4_prime_main_road_possession_with_unmatched_access_and_visibility-54187621-3346-1.html"}},{"type":"Feature","geometry":{"type":"Point","coordinates":[72.948532,33.701636]},"properties":{"id":"zameen-54502841","source":"Zameen","confidenceScore":100,"confidenceBand":"High","isOutlier":false,"title":"Prime Location House For Sale In D-12","propertyGroup":"house","location":"D-12, Islamabad","neighborhood":"D-12","pricePkr":115000000,"pricePerSqft":51111.11,"pricePerMarla":11500000.0,"areaSqft":2250.0,"beds":5,"baths":6,"url":"https://www.zameen.com/Property/islamabad_d-12_prime_location_house_for_sale_in_d-12-54502841-160-1.html"}},{"type":"Feature","geometry":{"type":"Point","coordinates":[72.952859,33.641955]},"properties":{"id":"zameen-54833867","source":"Zameen","confidenceScore":100,"confidenceBand":"High","isOutlier":false,"title":"Brand New House Having Size 25x50 (5 Marla) With AAA Quality Construction, Available For Sale In The G-14/4 Islamabad.","propertyGroup":"house","location":"G-14/4, G-14","neighborhood":"G-14","pricePkr":57500000,"pricePerSqft":51111.11,"pricePerMarla":11500000.0,"areaSqft":1125.0,"beds":3,"baths":5,"url":"https://www.zameen.com/Property/g_14_g-14_4_brand_new_house_having_size_25x50_5_marla_with_aaa_quality_construction_available_for_sale_in_the_g-14_4_islamabad-54833867-3346-1.html"}},{"type":"Feature","geometry":{"type":"Point","coordinates":[72.956686,33.701707]},"properties":{"id":"zameen-53145900","source":"Zameen","confidenceScore":100,"confidenceBand":"High","isOutlier":false,"title":"14 Marla Corner House For Sale","propertyGroup":"house","location":"D-12/4, D-12","neighborhood":"D-12","pricePkr":160000000,"pricePerSqft":50793.65,"pricePerMarla":11428571.43,"areaSqft":3150.0,"beds":5,"baths":5,"url":"https://www.zameen.com/Property/d_12_d-12_4_14_marla_corner_house_for_sale-53145900-3157-1.html"}},{"type":"Feature","geometry":{"type":"Point","coordinates":[72.951107,33.706562]},"properties":{"id":"zameen-54016082","source":"Zameen","confidenceScore":100,"confidenceBand":"High","isOutlier":false,"title":"On Excellent Location","propertyGroup":"house","location":"D-12/3, D-12","neighborhood":"D-12","pricePkr":160000000,"pricePerSqft":50793.65,"pricePerMarla":11428571.43,"areaSqft":3150.0,"beds":6,"baths":6,"url":"https://www.zameen.com/Property/d_12_d-12_3_on_excellent_location-54016082-3156-1.html"}},{"type":"Feature","geometry":{"type":"Point","coordinates":[72.944241,33.697565]},"properties":{"id":"zameen-54050755","source":"Zameen","confidenceScore":100,"confidenceBand":"High","isOutlier":false,"title":"5 Marla Brand New House For Sale","propertyGroup":"house","location":"D-12/1, D-12","neighborhood":"D-12","pricePkr":57000000,"pricePerSqft":50666.67,"pricePerMarla":11400000.0,"areaSqft":1125.0,"beds":4,"baths":4,"url":"https://www.zameen.com/Property/d_12_d-12_1_5_marla_brand_new_house_for_sale-54050755-3154-1.html"}},{"type":"Feature","geometry":{"type":"Point","coordinates":[72.956686,33.701707]},"properties":{"id":"zameen-53299458","source":"Zameen","confidenceScore":100,"confidenceBand":"High","isOutlier":false,"title":"4 Marla Prime Location House For Sale","propertyGroup":"house","location":"D-12/4, D-12","neighborhood":"D-12","pricePkr":45000000,"pricePerSqft":50000.0,"pricePerMarla":11250000.0,"areaSqft":900.0,"beds":4,"baths":4,"url":"https://www.zameen.com/Property/d_12_d-12_4_4_marla_prime_location_house_for_sale-53299458-3157-1.html"}},{"type":"Feature","geometry":{"type":"Point","coordinates":[73.056493,33.720413]},"properties":{"id":"zameen-54766475","source":"Zameen","confidenceScore":100,"confidenceBand":"High","isOutlier":false,"title":"4 KANAL MASSIVE HOUSE FOR SALE IN F-7","propertyGroup":"house","location":"F-7, Islamabad","neighborhood":"F-7","pricePkr":900000000,"pricePerSqft":50000.0,"pricePerMarla":11250000.0,"areaSqft":18000.0,"beds":11,"baths":7,"url":"https://www.zameen.com/Property/islamabad_f-7_4_kanal_massive_house_for_sale_in_f-7-54766475-165-1.html"}},{"type":"Feature","geometry":{"type":"Point","coordinates":[73.074431,33.730907]},"properties":{"id":"zameen-54773670","source":"Zameen","confidenceScore":100,"confidenceBand":"High","isOutlier":false,"title":"DEMOLISHABLE HOUSE FOR SALE IN MAIN ROAD","propertyGroup":"house","location":"F-6, Islamabad","neighborhood":"F-6","pricePkr":450000000,"pricePerSqft":50000.0,"pricePerMarla":11250000.0,"areaSqft":9000.0,"beds":null,"baths":null,"url":"https://www.zameen.com/Property/islamabad_f-6_demolishable_house_for_sale_in_main_road-54773670-164-1.html"}},{"type":"Feature","geometry":{"type":"Point","coordinates":[72.963681,33.650065]},"properties":{"id":"zameen-54843228","source":"Zameen","confidenceScore":100,"confidenceBand":"High","isOutlier":false,"title":"25/40 brand new house for sale G13/1. Islamabad","propertyGroup":"house","location":"G-13, Islamabad","neighborhood":"G-13","pricePkr":45000000,"pricePerSqft":50000.0,"pricePerMarla":11250000.0,"areaSqft":900.0,"beds":3,"baths":5,"url":"https://www.zameen.com/Property/islamabad_g-13_25_40_brand_new_house_for_sale_g13_1_islamabad-54843228-330-1.html"}},{"type":"Feature","geometry":{"type":"Point","coordinates":[73.016229,33.692002]},"properties":{"id":"zameen-54766398","source":"Zameen","confidenceScore":100,"confidenceBand":"High","isOutlier":false,"title":"Sukh Chayn Recidence F-10 Ultra Luxury 4 Bedroom Furnished Apartment Available For Sale Beautiful Location","propertyGroup":"apartment","location":"Sukh Chayn Residence, F-10","neighborhood":"F-10","pricePkr":130000000,"pricePerSqft":49523.81,"pricePerMarla":11142857.14,"areaSqft":2625.0,"beds":4,"baths":5,"url":"https://www.zameen.com/Property/f_10_sukh_chayn_residence_sukh_chayn_recidence_f-10_ultra_luxury_4_bedroom_furnished_apartment_available_for_sale_beautiful_location-54766398-13589-1.html"}},{"type":"Feature","geometry":{"type":"Point","coordinates":[72.952458,33.642717]},"properties":{"id":"zameen-52620147","source":"Zameen","confidenceScore":100,"confidenceBand":"High","isOutlier":false,"title":"5 Marla (25x50) Royal Design House For Sale G-14/4 Islamabad","propertyGroup":"house","location":"G-14/4, G-14","neighborhood":"G-14","pricePkr":55000000,"pricePerSqft":48888.89,"pricePerMarla":11000000.0,"areaSqft":1125.0,"beds":5,"baths":6,"url":"https://www.zameen.com/Property/g_14_g-14_4_5_marla_25x50_royal_design_house_for_sale_g-14_4_islamabad-52620147-3346-1.html"}},{"type":"Feature","geometry":{"type":"Point","coordinates":[73.0113063,33.6708109]},"properties":{"id":"zameen-54831407","source":"Zameen","confidenceScore":100,"confidenceBand":"High","isOutlier":false,"title":"House For Sale In G-10/1","propertyGroup":"house","location":"G-10/1, G-10","neighborhood":"G-10","pricePkr":110000000,"pricePerSqft":48888.89,"pricePerMarla":11000000.0,"areaSqft":2250.0,"beds":6,"baths":6,"url":"https://www.zameen.com/Property/g_10_g-10_1_house_for_sale_in_g-10_1-54831407-3324-1.html"}},{"type":"Feature","geometry":{"type":"Point","coordinates":[73.074431,33.730907]},"properties":{"id":"zameen-54539545","source":"Zameen","confidenceScore":100,"confidenceBand":"High","isOutlier":false,"title":"F-6 House For Sale","propertyGroup":"house","location":"F-6, Islamabad","neighborhood":"F-6","pricePkr":460000000,"pricePerSqft":48677.25,"pricePerMarla":10952380.95,"areaSqft":9450.0,"beds":5,"baths":6,"url":"https://www.zameen.com/Property/islamabad_f-6_f-6_house_for_sale-54539545-164-1.html"}},{"type":"Feature","geometry":{"type":"Point","coordinates":[73.016229,33.692002]},"properties":{"id":"zameen-54766496","source":"Zameen","confidenceScore":100,"confidenceBand":"High","isOutlier":false,"title":"Sukh Chayn Recidence F-10 3 Bedroom Type C Fully Furnished Apartment Available For Sale Beautiful Location","propertyGroup":"apartment","location":"Sukh Chayn Residence, F-10","neighborhood":"F-10","pricePkr":95000000,"pricePerSqft":48469.39,"pricePerMarla":10905612.24,"areaSqft":1960.0,"beds":3,"baths":3,"url":"https://www.zameen.com/Property/f_10_sukh_chayn_residence_sukh_chayn_recidence_f-10_3_bedroom_type_c_fully_furnished_apartment_available_for_sale_beautiful_location-54766496-13589-1.html"}},{"type":"Feature","geometry":{"type":"Point","coordinates":[73.050476,33.707982]},"properties":{"id":"zameen-54767742","source":"Zameen","confidenceScore":100,"confidenceBand":"High","isOutlier":false,"title":"Luxury Furnished 2 Bed Plus Study Room Apartment 4 Bath Available For Sale. Please Contact Only Seriou Buyer","propertyGroup":"apartment","location":"The Centaurus, F-8","neighborhood":"F-8","pricePkr":95000000,"pricePerSqft":47053.0,"pricePerMarla":10586924.22,"areaSqft":2019.0,"beds":2,"baths":4,"url":"https://www.zameen.com/Property/f_8_the_centaurus_luxury_furnished_2_bed_plus_study_room_apartment_4_bath_available_for_sale_please_contact_only_seriou_buyer-54767742-8349-1.html"}},{"type":"Feature","geometry":{"type":"Point","coordinates":[73.039076,33.686496]},"properties":{"id":"zameen-54681803","source":"Zameen","confidenceScore":100,"confidenceBand":"High","isOutlier":false,"title":"G-9/4 Corner House For Sale","propertyGroup":"house","location":"G-9/4, G-9","neighborhood":"G-9","pricePkr":105000000,"pricePerSqft":46666.67,"pricePerMarla":10500000.0,"areaSqft":2250.0,"beds":9,"baths":6,"url":"https://www.zameen.com/Property/g_9_g-9_4_g-9_4_corner_house_for_sale-54681803-3387-1.html"}},{"type":"Feature","geometry":{"type":"Point","coordinates":[72.963681,33.650065]},"properties":{"id":"zameen-54842605","source":"Zameen","confidenceScore":100,"confidenceBand":"High","isOutlier":false,"title":"G-13 30x60 Brand New Double Story House Available For Sale","propertyGroup":"house","location":"G-13, Islamabad","neighborhood":"G-13","pricePkr":72000000,"pricePerSqft":45714.29,"pricePerMarla":10285714.29,"areaSqft":1575.0,"beds":5,"baths":6,"url":"https://www.zameen.com/Property/islamabad_g-13_g-13_30x60_brand_new_double_story_house_available_for_sale-54842605-330-1.html"}},{"type":"Feature","geometry":{"type":"Point","coordinates":[73.065948,33.66764]},"properties":{"id":"zameen-46459181","source":"Zameen","confidenceScore":100,"confidenceBand":"High","isOutlier":false,"title":"House For Sale In I-8/2 Islamabad","propertyGroup":"house","location":"I-8/2, I-8","neighborhood":"I-8","pricePkr":125000000,"pricePerSqft":44802.87,"pricePerMarla":10080645.16,"areaSqft":2790.0,"beds":9,"baths":7,"url":"https://www.zameen.com/Property/i_8_i-8_2_house_for_sale_in_i-8_2_islamabad-46459181-3442-1.html"}},{"type":"Feature","geometry":{"type":"Point","coordinates":[73.175418,33.536959]},"properties":{"id":"zameen-54401498","source":"Zameen","confidenceScore":100,"confidenceBand":"High","isOutlier":false,"title":"5 MARLA BRAND NEW SOUTH FACE HOUSE FOR SALE","propertyGroup":"house","location":"DHA Phase 2 - Sector J, DHA Defence Phase 2","neighborhood":"DHA Defence","pricePkr":50000000,"pricePerSqft":44444.44,"pricePerMarla":10000000.0,"areaSqft":1125.0,"beds":4,"baths":6,"url":"https://www.zameen.com/Property/dha_defence_phase_2_dha_phase_2_-_sector_j_5_marla_brand_new_south_face_house_for_sale-54401498-8399-1.html"}},{"type":"Feature","geometry":{"type":"Point","coordinates":[73.161392,33.527944]},"properties":{"id":"zameen-54508227","source":"Zameen","confidenceScore":100,"confidenceBand":"High","isOutlier":false,"title":"5 Marla Brand New Owner-Built Luxury Double Unit House For Sale","propertyGroup":"house","location":"DHA Defence Phase 2, DHA Defence","neighborhood":"DHA Defence","pricePkr":50000000,"pricePerSqft":44444.44,"pricePerMarla":10000000.0,"areaSqft":1125.0,"beds":4,"baths":5,"url":"https://www.zameen.com/Property/dha_defence_dha_defence_phase_2_5_marla_brand_new_owner-built_luxury_double_unit_house_for_sale-54508227-339-1.html"}},{"type":"Feature","geometry":{"type":"Point","coordinates":[72.952859,33.641955]},"properties":{"id":"zameen-54750457","source":"Zameen","confidenceScore":100,"confidenceBand":"High","isOutlier":false,"title":"G 14 4 Size 35x70 10 Marla Brand New House For Sale Beautiful Location Demand","propertyGroup":"house","location":"G-14/4, G-14","neighborhood":"G-14","pricePkr":100000000,"pricePerSqft":44444.44,"pricePerMarla":10000000.0,"areaSqft":2250.0,"beds":7,"baths":6,"url":"https://www.zameen.com/Property/g_14_g-14_4_g_14_4_size_35x70_10_marla_brand_new_house_for_sale_beautiful_location_demand-54750457-3346-1.html"}},{"type":"Feature","geometry":{"type":"Point","coordinates":[72.952859,33.641955]},"properties":{"id":"zameen-54763254","source":"Zameen","confidenceScore":100,"confidenceBand":"High","isOutlier":false,"title":"Perfect 10 Marla House In G-14/4 For Sale","propertyGroup":"house","location":"G-14/4, G-14","neighborhood":"G-14","pricePkr":100000000,"pricePerSqft":44444.44,"pricePerMarla":10000000.0,"areaSqft":2250.0,"beds":7,"baths":null,"url":"https://www.zameen.com/Property/g_14_g-14_4_perfect_10_marla_house_in_g-14_4_for_sale-54763254-3346-1.html"}},{"type":"Feature","geometry":{"type":"Point","coordinates":[73.106276,33.672515]},"properties":{"id":"zameen-54782837","source":"Zameen","confidenceScore":100,"confidenceBand":"High","isOutlier":false,"title":"I'M Selling 5 Marla 2 Unit House","propertyGroup":"house","location":"Margalla Town Phase 1, Margalla Town","neighborhood":"Margalla Town","pricePkr":50000000,"pricePerSqft":44444.44,"pricePerMarla":10000000.0,"areaSqft":1125.0,"beds":3,"baths":3,"url":"https://www.zameen.com/Property/margalla_town_margalla_town_phase_1_i_m_selling_5_marla_2_unit_house-54782837-9150-1.html"}},{"type":"Feature","geometry":{"type":"Point","coordinates":[72.952859,33.641955]},"properties":{"id":"zameen-54813298","source":"Zameen","confidenceScore":100,"confidenceBand":"High","isOutlier":false,"title":"25*50 Brand New Luxury House For Sale In G-14/4 FGEHA Sector Islamabad","propertyGroup":"house","location":"G-14/4, G-14","neighborhood":"G-14","pricePkr":50000000,"pricePerSqft":44444.44,"pricePerMarla":10000000.0,"areaSqft":1125.0,"beds":5,"baths":5,"url":"https://www.zameen.com/Property/g_14_g-14_4_25_50_brand_new_luxury_house_for_sale_in_g-14_4_fgeha_sector_islamabad-54813298-3346-1.html"}},{"type":"Feature","geometry":{"type":"Point","coordinates":[72.943296,33.644456]},"properties":{"id":"zameen-54834108","source":"Zameen","confidenceScore":100,"confidenceBand":"High","isOutlier":false,"title":"Designer 10 Marla House For Sale.","propertyGroup":"house","location":"G-14, Islamabad","neighborhood":"G-14","pricePkr":100000000,"pricePerSqft":44444.44,"pricePerMarla":10000000.0,"areaSqft":2250.0,"beds":8,"baths":6,"url":"https://www.zameen.com/Property/islamabad_g-14_designer_10_marla_house_for_sale-54834108-454-1.html"}},{"type":"Feature","geometry":{"type":"Point","coordinates":[72.952859,33.641955]},"properties":{"id":"zameen-54457876","source":"Zameen","confidenceScore":100,"confidenceBand":"High","isOutlier":false,"title":"35x70 Ultra Luxury Designer House | 70 Ft Road | Double Road Back | G-14","propertyGroup":"house","location":"G-14/4, G-14","neighborhood":"G-14","pricePkr":99900000,"pricePerSqft":44400.0,"pricePerMarla":9990000.0,"areaSqft":2250.0,"beds":6,"baths":7,"url":"https://www.zameen.com/Property/g_14_g-14_4_35x70_ultra_luxury_designer_house_70_ft_road_double_road_back_g-14-54457876-3346-1.html"}},{"type":"Feature","geometry":{"type":"Point","coordinates":[72.952859,33.641955]},"properties":{"id":"zameen-54613697","source":"Zameen","confidenceScore":100,"confidenceBand":"High","isOutlier":false,"title":"G14/4 Islamabad Brand New 10 Marla (3570) Luxury House For Sale | Prime Location","propertyGroup":"house","location":"G-14/4, G-14","neighborhood":"G-14","pricePkr":99900000,"pricePerSqft":44400.0,"pricePerMarla":9990000.0,"areaSqft":2250.0,"beds":6,"baths":6,"url":"https://www.zameen.com/Property/g_14_g-14_4_g14_4_islamabad_brand_new_10_marla_3570_luxury_house_for_sale_prime_location-54613697-3346-1.html"}},{"type":"Feature","geometry":{"type":"Point","coordinates":[73.077793,33.662782]},"properties":{"id":"zameen-54147611","source":"Zameen","confidenceScore":100,"confidenceBand":"High","isOutlier":false,"title":"Highly-Desirable House Available In I-8/4 For Sale","propertyGroup":"house","location":"I-8/4, I-8","neighborhood":"I-8","pricePkr":139500000,"pricePerSqft":44285.71,"pricePerMarla":9964285.71,"areaSqft":3150.0,"beds":6,"baths":6,"url":"https://www.zameen.com/Property/i_8_i-8_4_highly-desirable_house_available_in_i-8_4_for_sale-54147611-3444-1.html"}},{"type":"Feature","geometry":{"type":"Point","coordinates":[72.99041,33.683532]},"properties":{"id":"zameen-54546284","source":"Zameen","confidenceScore":100,"confidenceBand":"High","isOutlier":false,"title":"Investors Should sale This House Located Ideally In F-11","propertyGroup":"house","location":"F-11, Islamabad","neighborhood":"F-11","pricePkr":97500000,"pricePerSqft":43333.33,"pricePerMarla":9750000.0,"areaSqft":2250.0,"beds":7,"baths":null,"url":"https://www.zameen.com/Property/islamabad_f-11_investors_should_sale_this_house_located_ideally_in_f-11-54546284-163-1.html"}},{"type":"Feature","geometry":{"type":"Point","coordinates":[73.120331,33.724426]},"properties":{"id":"zameen-54843281","source":"Zameen","confidenceScore":100,"confidenceBand":"High","isOutlier":false,"title":"Luxury 2-Bed Apartment for Sale in Karakoram Diplomatic Enclave, Islamabad","propertyGroup":"apartment","location":"Karakoram Diplomatic Enclave, Islamabad","neighborhood":"Karakoram Diplomatic Enclave","pricePkr":95000000,"pricePerSqft":43181.82,"pricePerMarla":9715909.09,"areaSqft":2200.0,"beds":2,"baths":3,"url":"https://www.zameen.com/Property/islamabad_karakoram_diplomatic_enclave_luxury_2-bed_apartment_for_sale_in_karakoram_diplomatic_enclave_islamabad-54843281-9063-1.html"}},{"type":"Feature","geometry":{"type":"Point","coordinates":[72.952859,33.641955]},"properties":{"id":"zameen-53728019","source":"Zameen","confidenceScore":100,"confidenceBand":"High","isOutlier":false,"title":"10 Marla Brand New Luxury House For Sale In G-14/4 Islamabad","propertyGroup":"house","location":"G-14/4, G-14","neighborhood":"G-14","pricePkr":97000000,"pricePerSqft":43111.11,"pricePerMarla":9700000.0,"areaSqft":2250.0,"beds":6,"baths":7,"url":"https://www.zameen.com/Property/g_14_g-14_4_10_marla_brand_new_luxury_house_for_sale_in_g-14_4_islamabad-53728019-3346-1.html"}},{"type":"Feature","geometry":{"type":"Point","coordinates":[72.952859,33.641955]},"properties":{"id":"zameen-54816877","source":"Zameen","confidenceScore":100,"confidenceBand":"High","isOutlier":false,"title":"25x50 House on 70-Ft Wide Street in G-14/4 |","propertyGroup":"house","location":"G-14/4, G-14","neighborhood":"G-14","pricePkr":48000000,"pricePerSqft":42666.67,"pricePerMarla":9600000.0,"areaSqft":1125.0,"beds":4,"baths":5,"url":"https://www.zameen.com/Property/g_14_g-14_4_25x50_house_on_70-ft_wide_street_in_g-14_4-54816877-3346-1.html"}},{"type":"Feature","geometry":{"type":"Point","coordinates":[72.952859,33.641955]},"properties":{"id":"zameen-54188120","source":"Zameen","confidenceScore":100,"confidenceBand":"High","isOutlier":false,"title":"Solid Built House Priced Right Located Perfectly","propertyGroup":"house","location":"G-14/4, G-14","neighborhood":"G-14","pricePkr":47500000,"pricePerSqft":42222.22,"pricePerMarla":9500000.0,"areaSqft":1125.0,"beds":5,"baths":6,"url":"https://www.zameen.com/Property/g_14_g-14_4_solid_built_house_priced_right_located_perfectly-54188120-3346-1.html"}},{"type":"Feature","geometry":{"type":"Point","coordinates":[72.943296,33.644456]},"properties":{"id":"zameen-54222638","source":"Zameen","confidenceScore":100,"confidenceBand":"High","isOutlier":false,"title":"5 Marla Double Storey Corner House Solid Construct House For Sale In G14","propertyGroup":"house","location":"G-14, Islamabad","neighborhood":"G-14","pricePkr":47500000,"pricePerSqft":42222.22,"pricePerMarla":9500000.0,"areaSqft":1125.0,"beds":5,"baths":5,"url":"https://www.zameen.com/Property/islamabad_g-14_5_marla_double_storey_corner_house_solid_construct_house_for_sale_in_g14-54222638-454-1.html"}},{"type":"Feature","geometry":{"type":"Point","coordinates":[73.016229,33.692002]},"properties":{"id":"zameen-53210408","source":"Zameen","confidenceScore":100,"confidenceBand":"High","isOutlier":false,"title":"Brand New 3 Bed Apartment Available For Sale In The Heart Of Islamabad, All Facilities Available","propertyGroup":"apartment","location":"Sukh Chayn Residence, F-10","neighborhood":"F-10","pricePkr":82500000,"pricePerSqft":42091.84,"pricePerMarla":9470663.27,"areaSqft":1960.0,"beds":3,"baths":3,"url":"https://www.zameen.com/Property/f_10_sukh_chayn_residence_brand_new_3_bed_apartment_available_for_sale_in_the_heart_of_islamabad_all_facilities_available-53210408-13589-1.html"}},{"type":"Feature","geometry":{"type":"Point","coordinates":[72.963681,33.650065]},"properties":{"id":"zameen-52400702","source":"Zameen","confidenceScore":100,"confidenceBand":"High","isOutlier":false,"title":"5 Marla Brand New 1st Entry Available For Sale G-14/4","propertyGroup":"house","location":"G-13, Islamabad","neighborhood":"G-13","pricePkr":47000000,"pricePerSqft":41777.78,"pricePerMarla":9400000.0,"areaSqft":1125.0,"beds":5,"baths":6,"url":"https://www.zameen.com/Property/islamabad_g-13_5_marla_brand_new_1st_entry_available_for_sale_g-14_4-52400702-330-1.html"}},{"type":"Feature","geometry":{"type":"Point","coordinates":[72.944241,33.697565]},"properties":{"id":"zameen-54311246","source":"Zameen","confidenceScore":96,"confidenceBand":"High","isOutlier":false,"title":"D-12/1 5 Marla Second To Corner Margala Face Plot For Sale","propertyGroup":"plot","location":"D-12/1, D-12","neighborhood":"D-12","pricePkr":46000000,"pricePerSqft":40888.89,"pricePerMarla":9200000.0,"areaSqft":1125.0,"beds":null,"baths":null,"url":"https://www.zameen.com/Property/d_12_d-12_1_d-12_1_5_marla_second_to_corner_margala_face_plot_for_sale-54311246-3154-2.html"}},{"type":"Feature","geometry":{"type":"Point","coordinates":[73.050476,33.707982]},"properties":{"id":"zameen-54727769","source":"Zameen","confidenceScore":100,"confidenceBand":"High","isOutlier":false,"title":"The Centaurs Luxurious Apartments For Sale","propertyGroup":"apartment","location":"The Centaurus, F-8","neighborhood":"F-8","pricePkr":180000000,"pricePerSqft":39858.28,"pricePerMarla":8968113.37,"areaSqft":4516.0,"beds":4,"baths":5,"url":"https://www.zameen.com/Property/f_8_the_centaurus_the_centaurs_luxurious_apartments_for_sale-54727769-8349-1.html"}},{"type":"Feature","geometry":{"type":"Point","coordinates":[73.031445,33.68946]},"properties":{"id":"zameen-54204914","source":"Zameen","confidenceScore":100,"confidenceBand":"High","isOutlier":false,"title":"G-9 10 Marla House For Sale","propertyGroup":"house","location":"G-9, Islamabad","neighborhood":"G-9","pricePkr":89000000,"pricePerSqft":39555.56,"pricePerMarla":8900000.0,"areaSqft":2250.0,"beds":5,"baths":4,"url":"https://www.zameen.com/Property/islamabad_g-9_g-9_10_marla_house_for_sale-54204914-171-1.html"}},{"type":"Feature","geometry":{"type":"Point","coordinates":[73.016382,33.691065]},"properties":{"id":"zameen-54294898","source":"Zameen","confidenceScore":100,"confidenceBand":"High","isOutlier":false,"title":"Beautiful 2Bed Furnished Apartment Available For Sale in Silver Oaks F-10 With Beautiful View.","propertyGroup":"apartment","location":"Silver Oaks Apartments, F-10","neighborhood":"F-10","pricePkr":47500000,"pricePerSqft":39256.2,"pricePerMarla":8832644.63,"areaSqft":1210.0,"beds":2,"baths":1,"url":"https://www.zameen.com/Property/f_10_silver_oaks_apartments_beautiful_2bed_furnished_apartment_available_for_sale_in_silver_oaks_f-10_with_beautiful_view-54294898-11308-1.html"}},{"type":"Feature","geometry":{"type":"Point","coordinates":[72.951107,33.706562]},"properties":{"id":"zameen-54716258","source":"Zameen","confidenceScore":96,"confidenceBand":"High","isOutlier":false,"title":"5 Marla Margalla Face Top Location","propertyGroup":"plot","location":"D-12/3, D-12","neighborhood":"D-12","pricePkr":44000000,"pricePerSqft":39111.11,"pricePerMarla":8800000.0,"areaSqft":1125.0,"beds":null,"baths":null,"url":"https://www.zameen.com/Property/d_12_d-12_3_5_marla_margalla_face_top_location-54716258-3156-2.html"}},{"type":"Feature","geometry":{"type":"Point","coordinates":[73.195107,33.534569]},"properties":{"id":"zameen-54127891","source":"Zameen","confidenceScore":100,"confidenceBand":"High","isOutlier":false,"title":"Luxury 1 Kanal Fully Furnished Designer House DHA 5 | Cinema & Office Inside","propertyGroup":"house","location":"DHA Defence Phase 5, DHA Defence","neighborhood":"DHA Defence","pricePkr":175000000,"pricePerSqft":38888.89,"pricePerMarla":8750000.0,"areaSqft":4500.0,"beds":6,"baths":6,"url":"https://www.zameen.com/Property/dha_defence_dha_defence_phase_5_luxury_1_kanal_fully_furnished_designer_house_dha_5_cinema_office_inside-54127891-10991-1.html"}},{"type":"Feature","geometry":{"type":"Point","coordinates":[73.012254,33.67189]},"properties":{"id":"zameen-54843830","source":"Zameen","confidenceScore":100,"confidenceBand":"High","isOutlier":false,"title":"G 10 -1 house for sale 30*55","propertyGroup":"house","location":"G-10/1, G-10","neighborhood":"G-10","pricePkr":61000000,"pricePerSqft":38730.16,"pricePerMarla":8714285.71,"areaSqft":1575.0,"beds":5,"baths":5,"url":"https://www.zameen.com/Property/g_10_g-10_1_g_10_-1_house_for_sale_30_55-54843830-3324-1.html"}},{"type":"Feature","geometry":{"type":"Point","coordinates":[72.968395,33.649315]},"properties":{"id":"zameen-54788014","source":"Zameen","confidenceScore":100,"confidenceBand":"High","isOutlier":false,"title":"35*70 House For sale in G13 Islamabad","propertyGroup":"house","location":"G-13/4, G-13","neighborhood":"G-13","pricePkr":87000000,"pricePerSqft":38666.67,"pricePerMarla":8700000.0,"areaSqft":2250.0,"beds":6,"baths":7,"url":"https://www.zameen.com/Property/g_13_g-13_4_35_70_house_for_sale_in_g13_islamabad-54788014-3340-1.html"}},{"type":"Feature","geometry":{"type":"Point","coordinates":[72.948532,33.701636]},"properties":{"id":"zameen-54575974","source":"Zameen","confidenceScore":100,"confidenceBand":"High","isOutlier":false,"title":"5 Marla Prime Location Plot","propertyGroup":"plot","location":"D-12, Islamabad","neighborhood":"D-12","pricePkr":42500000,"pricePerSqft":37777.78,"pricePerMarla":8500000.0,"areaSqft":1125.0,"beds":null,"baths":null,"url":"https://www.zameen.com/Property/islamabad_d-12_5_marla_prime_location_plot-54575974-160-2.html"}},{"type":"Feature","geometry":{"type":"Point","coordinates":[73.221013,33.522987]},"properties":{"id":"zameen-54606677","source":"Zameen","confidenceScore":100,"confidenceBand":"High","isOutlier":false,"title":"Centrally Located House In DHA Phase 5 - Sector F Is Available For Sale","propertyGroup":"house","location":"DHA Phase 5 - Sector F, DHA Defence Phase 5","neighborhood":"DHA Defence","pricePkr":42500000,"pricePerSqft":37777.78,"pricePerMarla":8500000.0,"areaSqft":1125.0,"beds":4,"baths":4,"url":"https://www.zameen.com/Property/dha_defence_phase_5_dha_phase_5_-_sector_f_centrally_located_house_in_dha_phase_5_-_sector_f_is_available_for_sale-54606677-8836-1.html"}},{"type":"Feature","geometry":{"type":"Point","coordinates":[72.968395,33.649315]},"properties":{"id":"zameen-54814853","source":"Zameen","confidenceScore":100,"confidenceBand":"High","isOutlier":false,"title":"LIVE THE LUXURY LIFE | 1 KANAL HOUSE IN G-13/4 | NEAR SRINAGAR HIGHWAY","propertyGroup":"house","location":"G-13/4, G-13","neighborhood":"G-13","pricePkr":170000000,"pricePerSqft":37777.78,"pricePerMarla":8500000.0,"areaSqft":4500.0,"beds":6,"baths":7,"url":"https://www.zameen.com/Property/g_13_g-13_4_live_the_luxury_life_1_kanal_house_in_g-13_4_near_srinagar_highway-54814853-3340-1.html"}},{"type":"Feature","geometry":{"type":"Point","coordinates":[73.190825,33.53585]},"properties":{"id":"zameen-54839184","source":"Zameen","confidenceScore":100,"confidenceBand":"High","isOutlier":false,"title":"1 Kanal Fully Loaded, Smart House, Semi Furnished, Top Of The Line","propertyGroup":"house","location":"DHA Phase 5 - Sector A, DHA Defence Phase 5","neighborhood":"DHA Defence","pricePkr":170000000,"pricePerSqft":37777.78,"pricePerMarla":8500000.0,"areaSqft":4500.0,"beds":5,"baths":6,"url":"https://www.zameen.com/Property/dha_defence_phase_5_dha_phase_5_-_sector_a_1_kanal_fully_loaded_smart_house_semi_furnished_top_of_the_line-54839184-8400-1.html"}},{"type":"Feature","geometry":{"type":"Point","coordinates":[73.161392,33.527944]},"properties":{"id":"zameen-54843468","source":"Zameen","confidenceScore":100,"confidenceBand":"High","isOutlier":false,"title":"1 Kanal ULTRA MODERN Smart Home For Sale in Dha 2 Islamabad","propertyGroup":"house","location":"DHA Defence Phase 2, DHA Defence","neighborhood":"DHA Defence","pricePkr":170000000,"pricePerSqft":37777.78,"pricePerMarla":8500000.0,"areaSqft":4500.0,"beds":5,"baths":7,"url":"https://www.zameen.com/Property/dha_defence_dha_defence_phase_2_1_kanal_ultra_modern_smart_home_for_sale_in_dha_2_islamabad-54843468-339-1.html"}},{"type":"Feature","geometry":{"type":"Point","coordinates":[73.166542,33.536816]},"properties":{"id":"zameen-40412747","source":"Zameen","confidenceScore":100,"confidenceBand":"High","isOutlier":false,"title":"1 Kanal Brand New House Available For Sale In Dha Phase 2 Islamabad","propertyGroup":"house","location":"DHA Phase 2 - Sector D, DHA Defence Phase 2","neighborhood":"DHA Defence","pricePkr":169000000,"pricePerSqft":37555.56,"pricePerMarla":8450000.0,"areaSqft":4500.0,"beds":6,"baths":7,"url":"https://www.zameen.com/Property/dha_defence_phase_2_dha_phase_2_-_sector_d_1_kanal_brand_new_house_available_for_sale_in_dha_phase_2_islamabad-40412747-3199-1.html"}},{"type":"Feature","geometry":{"type":"Point","coordinates":[73.175418,33.536959]},"properties":{"id":"zameen-54394444","source":"Zameen","confidenceScore":100,"confidenceBand":"High","isOutlier":false,"title":"Kanal Fully Furnished Corner House For Sale In Dha Phase 2 Islamabad","propertyGroup":"house","location":"DHA Phase 2 - Sector J, DHA Defence Phase 2","neighborhood":"DHA Defence","pricePkr":169000000,"pricePerSqft":37555.56,"pricePerMarla":8450000.0,"areaSqft":4500.0,"beds":5,"baths":6,"url":"https://www.zameen.com/Property/dha_defence_phase_2_dha_phase_2_-_sector_j_kanal_fully_furnished_corner_house_for_sale_in_dha_phase_2_islamabad-54394444-8399-1.html"}},{"type":"Feature","geometry":{"type":"Point","coordinates":[72.963681,33.650065]},"properties":{"id":"zameen-52828835","source":"Zameen","confidenceScore":100,"confidenceBand":"High","isOutlier":false,"title":"G-13 Brand New 500 Yds Architect Design Double Story House 6 Master Bedrooms Attached Stylish Bathrooms Two Drawing Dining Two TV Lounge Two American Style Kitchen With Dirty Kitchen , Store Two Sqtr Reasonable Price","propertyGroup":"house","location":"G-13, Islamabad","neighborhood":"G-13","pricePkr":167000000,"pricePerSqft":37111.11,"pricePerMarla":8350000.0,"areaSqft":4500.0,"beds":8,"baths":7,"url":"https://www.zameen.com/Property/islamabad_g-13_g-13_brand_new_500_yds_architect_design_double_story_house_6_master_bedrooms_attached_stylish_bathrooms_two_drawing_dining_two_tv_lounge_two_american_style_kitchen_with_dirty_kitchen_store_two_sqtr_reasonable_price-52828835-330-1.html"}},{"type":"Feature","geometry":{"type":"Point","coordinates":[73.195107,33.534569]},"properties":{"id":"zameen-54284067","source":"Zameen","confidenceScore":100,"confidenceBand":"High","isOutlier":false,"title":"5 Marla House For Sale In DHA Phase 5 Prime Location","propertyGroup":"house","location":"DHA Defence Phase 5, DHA Defence","neighborhood":"DHA Defence","pricePkr":41500000,"pricePerSqft":36888.89,"pricePerMarla":8300000.0,"areaSqft":1125.0,"beds":3,"baths":4,"url":"https://www.zameen.com/Property/dha_defence_dha_defence_phase_5_5_marla_house_for_sale_in_dha_phase_5_prime_location-54284067-10991-1.html"}},{"type":"Feature","geometry":{"type":"Point","coordinates":[73.142509,33.528946]},"properties":{"id":"zameen-45423228","source":"Zameen","confidenceScore":100,"confidenceBand":"High","isOutlier":false,"title":"Kanal Brand New House Available For Sale In Dha Phase 2 Islamabad","propertyGroup":"house","location":"DHA Phase 2 - Sector A, DHA Defence Phase 2","neighborhood":"DHA Defence","pricePkr":165000000,"pricePerSqft":36666.67,"pricePerMarla":8250000.0,"areaSqft":4500.0,"beds":6,"baths":6,"url":"https://www.zameen.com/Property/dha_defence_phase_2_dha_phase_2_-_sector_a_kanal_brand_new_house_available_for_sale_in_dha_phase_2_islamabad-45423228-3196-1.html"}},{"type":"Feature","geometry":{"type":"Point","coordinates":[72.964962,33.656995]},"properties":{"id":"zameen-54162758","source":"Zameen","confidenceScore":100,"confidenceBand":"High","isOutlier":false,"title":"Best Options For Corner House Is Available For sale In G-13/2","propertyGroup":"house","location":"G-13/2, G-13","neighborhood":"G-13","pricePkr":165000000,"pricePerSqft":36666.67,"pricePerMarla":8250000.0,"areaSqft":4500.0,"beds":8,"baths":6,"url":"https://www.zameen.com/Property/g_13_g-13_2_best_options_for_corner_house_is_available_for_sale_in_g-13_2-54162758-3338-1.html"}},{"type":"Feature","geometry":{"type":"Point","coordinates":[73.161392,33.527944]},"properties":{"id":"zameen-54731107","source":"Zameen","confidenceScore":100,"confidenceBand":"High","isOutlier":false,"title":"10 Marla House Is Available In Affordable Price In DHA Defence Phase 2","propertyGroup":"house","location":"DHA Defence Phase 2, DHA Defence","neighborhood":"DHA Defence","pricePkr":82500000,"pricePerSqft":36666.67,"pricePerMarla":8250000.0,"areaSqft":2250.0,"beds":5,"baths":6,"url":"https://www.zameen.com/Property/dha_defence_dha_defence_phase_2_10_marla_house_is_available_in_affordable_price_in_dha_defence_phase_2-54731107-339-1.html"}},{"type":"Feature","geometry":{"type":"Point","coordinates":[73.039076,33.686496]},"properties":{"id":"zameen-54778560","source":"Zameen","confidenceScore":100,"confidenceBand":"High","isOutlier":false,"title":"G-9/4 House For Sale 10 Marla","propertyGroup":"house","location":"G-9/4, G-9","neighborhood":"G-9","pricePkr":82500000,"pricePerSqft":36666.67,"pricePerMarla":8250000.0,"areaSqft":2250.0,"beds":5,"baths":5,"url":"https://www.zameen.com/Property/g_9_g-9_4_g-9_4_house_for_sale_10_marla-54778560-3387-1.html"}},{"type":"Feature","geometry":{"type":"Point","coordinates":[72.956636,33.650458]},"properties":{"id":"zameen-54120585","source":"Zameen","confidenceScore":100,"confidenceBand":"High","isOutlier":false,"title":"Not Just A House A Class Apart.","propertyGroup":"house","location":"G-13/2, G-13","neighborhood":"G-13","pricePkr":164500000,"pricePerSqft":36555.56,"pricePerMarla":8225000.0,"areaSqft":4500.0,"beds":6,"baths":6,"url":"https://www.zameen.com/Property/g_13_g-13_2_not_just_a_house_a_class_apart-54120585-3338-1.html"}},{"type":"Feature","geometry":{"type":"Point","coordinates":[73.161392,33.527944]},"properties":{"id":"zameen-54794657","source":"Zameen","confidenceScore":100,"confidenceBand":"High","isOutlier":false,"title":"Hotel Suit Apartment For Sale In DHA Phase 2 GT Road .","propertyGroup":"apartment","location":"DHA Defence Phase 2, DHA Defence","neighborhood":"DHA Defence","pricePkr":12775000,"pricePerSqft":36500.0,"pricePerMarla":8212500.0,"areaSqft":350.0,"beds":1,"baths":1,"url":"https://www.zameen.com/Property/dha_defence_dha_defence_phase_2_hotel_suit_apartment_for_sale_in_dha_phase_2_gt_road-54794657-339-1.html"}},{"type":"Feature","geometry":{"type":"Point","coordinates":[72.88833,33.600282]},"properties":{"id":"zameen-54736052","source":"Zameen","confidenceScore":100,"confidenceBand":"High","isOutlier":false,"title":"Studio apartment Eighteen (OFFICIAL ACCOUNT)","propertyGroup":"apartment","location":"Eighteen, Kashmir Highway","neighborhood":"Kashmir Highway","pricePkr":18212542,"pricePerSqft":36425.08,"pricePerMarla":8195643.9,"areaSqft":500.0,"beds":null,"baths":1,"url":"https://www.zameen.com/Property/kashmir_highway_eighteen_studio_apartment_eighteen_official_account-54736052-12602-1.html"}},{"type":"Feature","geometry":{"type":"Point","coordinates":[72.952859,33.641955]},"properties":{"id":"zameen-54120592","source":"Zameen","confidenceScore":100,"confidenceBand":"High","isOutlier":false,"title":"Not Just A Home A Statement Of Status, Lifestyle, And Ease","propertyGroup":"house","location":"G-14/4, G-14","neighborhood":"G-14","pricePkr":195000000,"pricePerSqft":36111.11,"pricePerMarla":8125000.0,"areaSqft":5400.0,"beds":6,"baths":6,"url":"https://www.zameen.com/Property/g_14_g-14_4_not_just_a_home_a_statement_of_status_lifestyle_and_ease-54120592-3346-1.html"}},{"type":"Feature","geometry":{"type":"Point","coordinates":[73.056493,33.720413]},"properties":{"id":"zameen-54738629","source":"Zameen","confidenceScore":100,"confidenceBand":"High","isOutlier":false,"title":"APARTMENT FOR SALE IN F-7 MALL OF ISLAMABAD","propertyGroup":"apartment","location":"F-7, Islamabad","neighborhood":"F-7","pricePkr":130000000,"pricePerSqft":36111.11,"pricePerMarla":8125000.0,"areaSqft":3600.0,"beds":3,"baths":4,"url":"https://www.zameen.com/Property/islamabad_f-7_apartment_for_sale_in_f-7_mall_of_islamabad-54738629-165-1.html"}},{"type":"Feature","geometry":{"type":"Point","coordinates":[72.963681,33.650065]},"properties":{"id":"zameen-45374745","source":"Zameen","confidenceScore":100,"confidenceBand":"High","isOutlier":false,"title":"G-13 Brand New Size 272 Yd Architect Design Double Story House 6 Master Bedrooms Attached Stylish 6 Bathrooms 2 DD 2 Tv Lounge American Style Kitchen Sq Ft Reasonable Price","propertyGroup":"house","location":"G-13, Islamabad","neighborhood":"G-13","pricePkr":87500000,"pricePerSqft":35677.88,"pricePerMarla":8027522.94,"areaSqft":2452.5,"beds":7,"baths":7,"url":"https://www.zameen.com/Property/islamabad_g-13_g-13_brand_new_size_272_yd_architect_design_double_story_house_6_master_bedrooms_attached_stylish_6_bathrooms_2_dd_2_tv_lounge_american_style_kitchen_sq_ft_reasonable_price-45374745-330-1.html"}},{"type":"Feature","geometry":{"type":"Point","coordinates":[73.121846592287,33.727461016257]},"properties":{"id":"zameen-54842088","source":"Zameen","confidenceScore":100,"confidenceBand":"High","isOutlier":false,"title":"Lower Ground Apartment In Diplomatic Enclave","propertyGroup":"apartment","location":"Diplomatic Enclave, Islamabad","neighborhood":"Diplomatic Enclave","pricePkr":41000000,"pricePerSqft":35652.17,"pricePerMarla":8021739.13,"areaSqft":1150.0,"beds":3,"baths":3,"url":"https://www.zameen.com/Property/islamabad_diplomatic_enclave_lower_ground_apartment_in_diplomatic_enclave-54842088-429-1.html"}},{"type":"Feature","geometry":{"type":"Point","coordinates":[72.978702,33.704599]},"properties":{"id":"zameen-50014757","source":"Zameen","confidenceScore":100,"confidenceBand":"High","isOutlier":false,"title":"E-11/3 Mind Blowing Location What A Outstanding 2 Storey House For Sale","propertyGroup":"house","location":"E-11/3, E-11","neighborhood":"E-11","pricePkr":160000000,"pricePerSqft":35555.56,"pricePerMarla":8000000.0,"areaSqft":4500.0,"beds":7,"baths":null,"url":"https://www.zameen.com/Property/e_11_e-11_3_e-11_3_mind_blowing_location_what_a_outstanding_2_storey_house_for_sale-50014757-3238-1.html"}},{"type":"Feature","geometry":{"type":"Point","coordinates":[72.963681,33.650065]},"properties":{"id":"zameen-54207201","source":"Zameen","confidenceScore":100,"confidenceBand":"High","isOutlier":false,"title":"25x40 House For Sale In G13 Islamabad","propertyGroup":"house","location":"G-13, Islamabad","neighborhood":"G-13","pricePkr":40000000,"pricePerSqft":35555.56,"pricePerMarla":8000000.0,"areaSqft":1125.0,"beds":4,"baths":4,"url":"https://www.zameen.com/Property/islamabad_g-13_25x40_house_for_sale_in_g13_islamabad-54207201-330-1.html"}},{"type":"Feature","geometry":{"type":"Point","coordinates":[72.963681,33.650065]},"properties":{"id":"zameen-54545304","source":"Zameen","confidenceScore":100,"confidenceBand":"High","isOutlier":false,"title":"1knal Brand New House For Sale In G-13 Islamabad","propertyGroup":"house","location":"G-13, Islamabad","neighborhood":"G-13","pricePkr":160000000,"pricePerSqft":35555.56,"pricePerMarla":8000000.0,"areaSqft":4500.0,"beds":6,"baths":6,"url":"https://www.zameen.com/Property/islamabad_g-13_1knal_brand_new_house_for_sale_in_g-13_islamabad-54545304-330-1.html"}},{"type":"Feature","geometry":{"type":"Point","coordinates":[72.970119,33.699958]},"properties":{"id":"zameen-54671602","source":"Zameen","confidenceScore":100,"confidenceBand":"High","isOutlier":false,"title":"E-11 03 Portion House For Sale","propertyGroup":"house","location":"E-11/2, E-11","neighborhood":"E-11","pricePkr":160000000,"pricePerSqft":35555.56,"pricePerMarla":8000000.0,"areaSqft":4500.0,"beds":11,"baths":7,"url":"https://www.zameen.com/Property/e_11_e-11_2_e-11_03_portion_house_for_sale-54671602-3233-1.html"}},{"type":"Feature","geometry":{"type":"Point","coordinates":[73.045263,33.646421]},"properties":{"id":"zameen-54793891","source":"Zameen","confidenceScore":100,"confidenceBand":"High","isOutlier":false,"title":"25X50 House For Sale In I-10/4 Islamabad Prime Location","propertyGroup":"house","location":"I-10/4, I-10","neighborhood":"I-10","pricePkr":40000000,"pricePerSqft":35555.56,"pricePerMarla":8000000.0,"areaSqft":1125.0,"beds":3,"baths":3,"url":"https://www.zameen.com/Property/i_10_i-10_4_25x50_house_for_sale_in_i-10_4_islamabad_prime_location-54793891-3423-1.html"}},{"type":"Feature","geometry":{"type":"Point","coordinates":[72.964962,33.656995]},"properties":{"id":"zameen-54814455","source":"Zameen","confidenceScore":100,"confidenceBand":"High","isOutlier":false,"title":"1 Kanal House For Sale | G-13/3 | Double Road","propertyGroup":"house","location":"G-13/3, G-13","neighborhood":"G-13","pricePkr":160000000,"pricePerSqft":35555.56,"pricePerMarla":8000000.0,"areaSqft":4500.0,"beds":6,"baths":7,"url":"https://www.zameen.com/Property/g_13_g-13_3_1_kanal_house_for_sale_g-13_3_double_road-54814455-3339-1.html"}},{"type":"Feature","geometry":{"type":"Point","coordinates":[73.161392,33.527944]},"properties":{"id":"zameen-53601131","source":"Zameen","confidenceScore":100,"confidenceBand":"High","isOutlier":false,"title":"1 Kanal Elegant Designed House For Sale In DHA Islamabad","propertyGroup":"house","location":"DHA Defence Phase 2, DHA Defence","neighborhood":"DHA Defence","pricePkr":158000000,"pricePerSqft":35111.11,"pricePerMarla":7900000.0,"areaSqft":4500.0,"beds":5,"baths":5,"url":"https://www.zameen.com/Property/dha_defence_dha_defence_phase_2_1_kanal_elegant_designed_house_for_sale_in_dha_islamabad-53601131-339-1.html"}},{"type":"Feature","geometry":{"type":"Point","coordinates":[73.221013,33.522987]},"properties":{"id":"zameen-54376949","source":"Zameen","confidenceScore":100,"confidenceBand":"High","isOutlier":false,"title":"South Face 5 Marla Designer House For Sale | DHA Phase 5 Sector F Islamabad","propertyGroup":"house","location":"DHA Phase 5 - Sector F, DHA Defence Phase 5","neighborhood":"DHA Defence","pricePkr":39500000,"pricePerSqft":35111.11,"pricePerMarla":7900000.0,"areaSqft":1125.0,"beds":4,"baths":5,"url":"https://www.zameen.com/Property/dha_defence_phase_5_dha_phase_5_-_sector_f_south_face_5_marla_designer_house_for_sale_dha_phase_5_sector_f_islamabad-54376949-8836-1.html"}},{"type":"Feature","geometry":{"type":"Point","coordinates":[73.195107,33.534569]},"properties":{"id":"zameen-54647386","source":"Zameen","confidenceScore":100,"confidenceBand":"High","isOutlier":false,"title":"MODERN DESIGN 5 MARLA HOUSE IN DHA ISLAMABAD","propertyGroup":"house","location":"DHA Defence Phase 5, DHA Defence","neighborhood":"DHA Defence","pricePkr":39500000,"pricePerSqft":35111.11,"pricePerMarla":7900000.0,"areaSqft":1125.0,"beds":4,"baths":4,"url":"https://www.zameen.com/Property/dha_defence_dha_defence_phase_5_modern_design_5_marla_house_in_dha_islamabad-54647386-10991-1.html"}},{"type":"Feature","geometry":{"type":"Point","coordinates":[73.169231,33.5361]},"properties":{"id":"zameen-54725752","source":"Zameen","confidenceScore":100,"confidenceBand":"High","isOutlier":false,"title":"5 Marla Owner-Built House For Sale | Gas Installed | DHA Phase 2 Islamabad","propertyGroup":"house","location":"DHA Defence Phase 2, DHA Defence","neighborhood":"DHA Defence","pricePkr":39500000,"pricePerSqft":35111.11,"pricePerMarla":7900000.0,"areaSqft":1125.0,"beds":3,"baths":4,"url":"https://www.zameen.com/Property/dha_defence_dha_defence_phase_2_5_marla_owner-built_house_for_sale_gas_installed_dha_phase_2_islamabad-54725752-339-1.html"}},{"type":"Feature","geometry":{"type":"Point","coordinates":[73.195107,33.534569]},"properties":{"id":"zameen-54736939","source":"Zameen","confidenceScore":100,"confidenceBand":"High","isOutlier":false,"title":"5 Marla Designer House Available For Sale","propertyGroup":"house","location":"DHA Defence Phase 5, DHA Defence","neighborhood":"DHA Defence","pricePkr":39500000,"pricePerSqft":35111.11,"pricePerMarla":7900000.0,"areaSqft":1125.0,"beds":4,"baths":5,"url":"https://www.zameen.com/Property/dha_defence_dha_defence_phase_5_5_marla_designer_house_available_for_sale-54736939-10991-1.html"}},{"type":"Feature","geometry":{"type":"Point","coordinates":[73.221013,33.522987]},"properties":{"id":"zameen-54802995","source":"Zameen","confidenceScore":100,"confidenceBand":"High","isOutlier":false,"title":"Want To Buy A House In Islamabad?","propertyGroup":"house","location":"DHA Phase 5 - Sector F, DHA Defence Phase 5","neighborhood":"DHA Defence","pricePkr":39500000,"pricePerSqft":35111.11,"pricePerMarla":7900000.0,"areaSqft":1125.0,"beds":4,"baths":5,"url":"https://www.zameen.com/Property/dha_defence_phase_5_dha_phase_5_-_sector_f_want_to_buy_a_house_in_islamabad-54802995-8836-1.html"}},{"type":"Feature","geometry":{"type":"Point","coordinates":[73.221013,33.522987]},"properties":{"id":"zameen-54842936","source":"Zameen","confidenceScore":100,"confidenceBand":"High","isOutlier":false,"title":"5 Marla Brand New Desighner 4 Bedroom House For Sale In Dha 5","propertyGroup":"house","location":"DHA Phase 5 - Sector F, DHA Defence Phase 5","neighborhood":"DHA Defence","pricePkr":39500000,"pricePerSqft":35111.11,"pricePerMarla":7900000.0,"areaSqft":1125.0,"beds":4,"baths":5,"url":"https://www.zameen.com/Property/dha_defence_phase_5_dha_phase_5_-_sector_f_5_marla_brand_new_desighner_4_bedroom_house_for_sale_in_dha_5-54842936-8836-1.html"}},{"type":"Feature","geometry":{"type":"Point","coordinates":[73.195107,33.534569]},"properties":{"id":"zameen-54694576","source":"Zameen","confidenceScore":100,"confidenceBand":"High","isOutlier":false,"title":"5 Marla Brand New House Sale In DHA Phase 5","propertyGroup":"house","location":"DHA Defence Phase 5, DHA Defence","neighborhood":"DHA Defence","pricePkr":39000000,"pricePerSqft":34666.67,"pricePerMarla":7800000.0,"areaSqft":1125.0,"beds":4,"baths":5,"url":"https://www.zameen.com/Property/dha_defence_dha_defence_phase_5_5_marla_brand_new_house_sale_in_dha_phase_5-54694576-10991-1.html"}},{"type":"Feature","geometry":{"type":"Point","coordinates":[72.978215,33.698137]},"properties":{"id":"zameen-52246066","source":"Zameen","confidenceScore":100,"confidenceBand":"High","isOutlier":false,"title":"E-11 Such A Amazing What A Outstanding Double Storey House 6 Beds For Sale","propertyGroup":"house","location":"E-11, Islamabad","neighborhood":"E-11","pricePkr":155000000,"pricePerSqft":34444.44,"pricePerMarla":7750000.0,"areaSqft":4500.0,"beds":6,"baths":6,"url":"https://www.zameen.com/Property/islamabad_e-11_e-11_such_a_amazing_what_a_outstanding_double_storey_house_6_beds_for_sale-52246066-329-1.html"}},{"type":"Feature","geometry":{"type":"Point","coordinates":[72.956636,33.650458]},"properties":{"id":"zameen-54768466","source":"Zameen","confidenceScore":100,"confidenceBand":"High","isOutlier":false,"title":"G 13/2 Size 50x90 1 kanal brand new house for sale beautiful location","propertyGroup":"house","location":"G-13/2, G-13","neighborhood":"G-13","pricePkr":155000000,"pricePerSqft":34444.44,"pricePerMarla":7750000.0,"areaSqft":4500.0,"beds":8,"baths":6,"url":"https://www.zameen.com/Property/g_13_g-13_2_g_13_2_size_50x90_1_kanal_brand_new_house_for_sale_beautiful_location-54768466-3338-1.html"}},{"type":"Feature","geometry":{"type":"Point","coordinates":[73.161392,33.527944]},"properties":{"id":"zameen-54825985","source":"Zameen","confidenceScore":100,"confidenceBand":"High","isOutlier":false,"title":"Spanish Designer 1 Kanal Luxury House For Sale","propertyGroup":"house","location":"DHA Defence Phase 2, DHA Defence","neighborhood":"DHA Defence","pricePkr":155000000,"pricePerSqft":34444.44,"pricePerMarla":7750000.0,"areaSqft":4500.0,"beds":6,"baths":6,"url":"https://www.zameen.com/Property/dha_defence_dha_defence_phase_2_spanish_designer_1_kanal_luxury_house_for_sale-54825985-339-1.html"}},{"type":"Feature","geometry":{"type":"Point","coordinates":[72.944241,33.697565]},"properties":{"id":"zameen-54837079","source":"Zameen","confidenceScore":100,"confidenceBand":"High","isOutlier":false,"title":"35x70 plot for sale in D12 back open level . . . out class location . . . .","propertyGroup":"plot","location":"D-12/1, D-12","neighborhood":"D-12","pricePkr":77500000,"pricePerSqft":34444.44,"pricePerMarla":7750000.0,"areaSqft":2250.0,"beds":null,"baths":null,"url":"https://www.zameen.com/Property/d_12_d-12_1_35x70_plot_for_sale_in_d12_back_open_level_out_class_location-54837079-3154-2.html"}},{"type":"Feature","geometry":{"type":"Point","coordinates":[73.161392,33.527944]},"properties":{"id":"zameen-54842812","source":"Zameen","confidenceScore":100,"confidenceBand":"High","isOutlier":false,"title":"1 Kanal Ultra Designer House In DHA Phase 2 For Sale","propertyGroup":"house","location":"DHA Defence Phase 2, DHA Defence","neighborhood":"DHA Defence","pricePkr":155000000,"pricePerSqft":34444.44,"pricePerMarla":7750000.0,"areaSqft":4500.0,"beds":5,"baths":6,"url":"https://www.zameen.com/Property/dha_defence_dha_defence_phase_2_1_kanal_ultra_designer_house_in_dha_phase_2_for_sale-54842812-339-1.html"}},{"type":"Feature","geometry":{"type":"Point","coordinates":[72.963681,33.650065]},"properties":{"id":"zameen-54843492","source":"Zameen","confidenceScore":100,"confidenceBand":"High","isOutlier":false,"title":"Brand New Luxury Double-Unit House for Sale G-13, Islamabad","propertyGroup":"house","location":"G-13, Islamabad","neighborhood":"G-13","pricePkr":155000000,"pricePerSqft":34444.44,"pricePerMarla":7750000.0,"areaSqft":4500.0,"beds":6,"baths":6,"url":"https://www.zameen.com/Property/islamabad_g-13_brand_new_luxury_double-unit_house_for_sale_g-13_islamabad-54843492-330-1.html"}},{"type":"Feature","geometry":{"type":"Point","coordinates":[73.161392,33.527944]},"properties":{"id":"zameen-54759505","source":"Zameen","confidenceScore":100,"confidenceBand":"High","isOutlier":false,"title":"1 Kanal Brand New Designer And Outstanding House Up For Sale In Dha2 Islamabad.","propertyGroup":"house","location":"DHA Defence Phase 2, DHA Defence","neighborhood":"DHA Defence","pricePkr":154500000,"pricePerSqft":34333.33,"pricePerMarla":7725000.0,"areaSqft":4500.0,"beds":5,"baths":6,"url":"https://www.zameen.com/Property/dha_defence_dha_defence_phase_2_1_kanal_brand_new_designer_and_outstanding_house_up_for_sale_in_dha2_islamabad-54759505-339-1.html"}},{"type":"Feature","geometry":{"type":"Point","coordinates":[73.016382,33.691065]},"properties":{"id":"zameen-50300587","source":"Zameen","confidenceScore":100,"confidenceBand":"High","isOutlier":false,"title":"Beautiful Silver Oaks 3Bed Apartment Available For Sale.","propertyGroup":"apartment","location":"Silver Oaks Apartments, F-10","neighborhood":"F-10","pricePkr":60000000,"pricePerSqft":34285.71,"pricePerMarla":7714285.71,"areaSqft":1750.0,"beds":3,"baths":3,"url":"https://www.zameen.com/Property/f_10_silver_oaks_apartments_beautiful_silver_oaks_3bed_apartment_available_for_sale-50300587-11308-1.html"}},{"type":"Feature","geometry":{"type":"Point","coordinates":[72.951107,33.706562]},"properties":{"id":"zameen-54593111","source":"Zameen","confidenceScore":100,"confidenceBand":"High","isOutlier":false,"title":"1 KANAL CORNER Plot Available For Sale In D-12/3","propertyGroup":"plot","location":"D-12/3, D-12","neighborhood":"D-12","pricePkr":152500000,"pricePerSqft":33888.89,"pricePerMarla":7625000.0,"areaSqft":4500.0,"beds":null,"baths":null,"url":"https://www.zameen.com/Property/d_12_d-12_3_1_kanal_corner_plot_available_for_sale_in_d-12_3-54593111-3156-2.html"}},{"type":"Feature","geometry":{"type":"Point","coordinates":[73.221013,33.522987]},"properties":{"id":"zameen-54074609","source":"Zameen","confidenceScore":100,"confidenceBand":"High","isOutlier":false,"title":"Luxury 5 Marla Brand New House For Sale - Sector F, DHA Phase 5","propertyGroup":"house","location":"DHA Phase 5 - Sector F, DHA Defence Phase 5","neighborhood":"DHA Defence","pricePkr":38000000,"pricePerSqft":33777.78,"pricePerMarla":7600000.0,"areaSqft":1125.0,"beds":4,"baths":5,"url":"https://www.zameen.com/Property/dha_defence_phase_5_dha_phase_5_-_sector_f_luxury_5_marla_brand_new_house_for_sale_-_sector_f_dha_phase_5-54074609-8836-1.html"}},{"type":"Feature","geometry":{"type":"Point","coordinates":[72.922769,33.636846]},"properties":{"id":"zameen-54512269","source":"Zameen","confidenceScore":100,"confidenceBand":"High","isOutlier":false,"title":"Solid Construct Brand New 5 Marla House For Sale","propertyGroup":"house","location":"G-15/3, G-15","neighborhood":"G-15","pricePkr":38000000,"pricePerSqft":33777.78,"pricePerMarla":7600000.0,"areaSqft":1125.0,"beds":4,"baths":5,"url":"https://www.zameen.com/Property/g_15_g-15_3_solid_construct_brand_new_5_marla_house_for_sale-54512269-3350-1.html"}},{"type":"Feature","geometry":{"type":"Point","coordinates":[73.161392,33.527944]},"properties":{"id":"zameen-54598426","source":"Zameen","confidenceScore":100,"confidenceBand":"High","isOutlier":false,"title":"DHA Phase 2 10 Marla Beautiful Location House","propertyGroup":"house","location":"DHA Defence Phase 2, DHA Defence","neighborhood":"DHA Defence","pricePkr":76000000,"pricePerSqft":33777.78,"pricePerMarla":7600000.0,"areaSqft":2250.0,"beds":5,"baths":6,"url":"https://www.zameen.com/Property/dha_defence_dha_defence_phase_2_dha_phase_2_10_marla_beautiful_location_house-54598426-339-1.html"}},{"type":"Feature","geometry":{"type":"Point","coordinates":[73.195107,33.534569]},"properties":{"id":"zameen-54801914","source":"Zameen","confidenceScore":100,"confidenceBand":"High","isOutlier":false,"title":"Brand New 5 Marla Modern Luxury Home | DHA Phase 5 | Stylish Contemporary Elevation","propertyGroup":"house","location":"DHA Defence Phase 5, DHA Defence","neighborhood":"DHA Defence","pricePkr":38000000,"pricePerSqft":33777.78,"pricePerMarla":7600000.0,"areaSqft":1125.0,"beds":4,"baths":4,"url":"https://www.zameen.com/Property/dha_defence_dha_defence_phase_5_brand_new_5_marla_modern_luxury_home_dha_phase_5_stylish_contemporary_elevation-54801914-10991-1.html"}},{"type":"Feature","geometry":{"type":"Point","coordinates":[72.968395,33.649315]},"properties":{"id":"zameen-54842008","source":"Zameen","confidenceScore":100,"confidenceBand":"High","isOutlier":false,"title":"BRAND NEW / SOLID HOUSE FOR SALE G-13/4 ISLAMABAD","propertyGroup":"house","location":"G-13/4, G-13","neighborhood":"G-13","pricePkr":76000000,"pricePerSqft":33777.78,"pricePerMarla":7600000.0,"areaSqft":2250.0,"beds":6,"baths":6,"url":"https://www.zameen.com/Property/g_13_g-13_4_brand_new_solid_house_for_sale_g-13_4_islamabad-54842008-3340-1.html"}},{"type":"Feature","geometry":{"type":"Point","coordinates":[73.165545,33.672545]},"properties":{"id":"zameen-50766539","source":"Zameen","confidenceScore":100,"confidenceBand":"High","isOutlier":false,"title":"Park Enclave Cda Islamabad Brand New 500 Yard Architect Design Double Storey House 6 Bedroom Attached Stylish Bathrooms Drawing Dinning Tvl American Style Kitchen Sqtr Reasonable Price","propertyGroup":"house","location":"Park Enclave 1, Park Enclave","neighborhood":"Park Enclave","pricePkr":150000000,"pricePerSqft":33333.33,"pricePerMarla":7500000.0,"areaSqft":4500.0,"beds":6,"baths":6,"url":"https://www.zameen.com/Property/park_enclave_park_enclave_1_park_enclave_cda_islamabad_brand_new_500_yard_architect_design_double_storey_house_6_bedroom_attached_stylish_bathrooms_drawing_dinning_tvl_american_style_kitchen_sqtr_reasonable_price-50766539-17148-1.html"}},{"type":"Feature","geometry":{"type":"Point","coordinates":[73.161392,33.527944]},"properties":{"id":"zameen-54323212","source":"Zameen","confidenceScore":100,"confidenceBand":"High","isOutlier":false,"title":"1 Kanal Brand New Designer House For Sale In DHA Phase 2 Islamabad","propertyGroup":"house","location":"DHA Defence Phase 2, DHA Defence","neighborhood":"DHA Defence","pricePkr":150000000,"pricePerSqft":33333.33,"pricePerMarla":7500000.0,"areaSqft":4500.0,"beds":5,"baths":5,"url":"https://www.zameen.com/Property/dha_defence_dha_defence_phase_2_1_kanal_brand_new_designer_house_for_sale_in_dha_phase_2_islamabad-54323212-339-1.html"}},{"type":"Feature","geometry":{"type":"Point","coordinates":[73.161392,33.527944]},"properties":{"id":"zameen-54480942","source":"Zameen","confidenceScore":100,"confidenceBand":"High","isOutlier":false,"title":"Fully Furnished 1 Kanal Spanish Style House For Sale In DHA Phase 2","propertyGroup":"house","location":"DHA Defence Phase 2, DHA Defence","neighborhood":"DHA Defence","pricePkr":150000000,"pricePerSqft":33333.33,"pricePerMarla":7500000.0,"areaSqft":4500.0,"beds":5,"baths":6,"url":"https://www.zameen.com/Property/dha_defence_dha_defence_phase_2_fully_furnished_1_kanal_spanish_style_house_for_sale_in_dha_phase_2-54480942-339-1.html"}},{"type":"Feature","geometry":{"type":"Point","coordinates":[73.221013,33.522987]},"properties":{"id":"zameen-54606207","source":"Zameen","confidenceScore":100,"confidenceBand":"High","isOutlier":false,"title":"DHA Phase 5 Sector F 5 Marla Beautiful Location House","propertyGroup":"house","location":"DHA Phase 5 - Sector F, DHA Defence Phase 5","neighborhood":"DHA Defence","pricePkr":37500000,"pricePerSqft":33333.33,"pricePerMarla":7500000.0,"areaSqft":1125.0,"beds":4,"baths":4,"url":"https://www.zameen.com/Property/dha_defence_phase_5_dha_phase_5_-_sector_f_dha_phase_5_sector_f_5_marla_beautiful_location_house-54606207-8836-1.html"}},{"type":"Feature","geometry":{"type":"Point","coordinates":[73.195107,33.534569]},"properties":{"id":"zameen-54691687","source":"Zameen","confidenceScore":100,"confidenceBand":"High","isOutlier":false,"title":"5 Marla Designer House For Sale In DHA Phase 5","propertyGroup":"house","location":"DHA Defence Phase 5, DHA Defence","neighborhood":"DHA Defence","pricePkr":37500000,"pricePerSqft":33333.33,"pricePerMarla":7500000.0,"areaSqft":1125.0,"beds":4,"baths":5,"url":"https://www.zameen.com/Property/dha_defence_dha_defence_phase_5_5_marla_designer_house_for_sale_in_dha_phase_5-54691687-10991-1.html"}},{"type":"Feature","geometry":{"type":"Point","coordinates":[73.146286,33.533668]},"properties":{"id":"zameen-54755825","source":"Zameen","confidenceScore":100,"confidenceBand":"High","isOutlier":false,"title":"Reserve A House Now In DHA Phase 2 - Sector B","propertyGroup":"house","location":"DHA Phase 2 - Sector B, DHA Defence Phase 2","neighborhood":"DHA Defence","pricePkr":150000000,"pricePerSqft":33333.33,"pricePerMarla":7500000.0,"areaSqft":4500.0,"beds":5,"baths":6,"url":"https://www.zameen.com/Property/dha_defence_phase_2_dha_phase_2_-_sector_b_reserve_a_house_now_in_dha_phase_2_-_sector_b-54755825-3197-1.html"}},{"type":"Feature","geometry":{"type":"Point","coordinates":[73.195107,33.534569]},"properties":{"id":"zameen-54802396","source":"Zameen","confidenceScore":100,"confidenceBand":"High","isOutlier":false,"title":"5 Marla Designer House","propertyGroup":"house","location":"DHA Defence Phase 5, DHA Defence","neighborhood":"DHA Defence","pricePkr":37500000,"pricePerSqft":33333.33,"pricePerMarla":7500000.0,"areaSqft":1125.0,"beds":4,"baths":5,"url":"https://www.zameen.com/Property/dha_defence_dha_defence_phase_5_5_marla_designer_house-54802396-10991-1.html"}},{"type":"Feature","geometry":{"type":"Point","coordinates":[72.947574,33.595247]},"properties":{"id":"zameen-54810605","source":"Zameen","confidenceScore":100,"confidenceBand":"High","isOutlier":false,"title":"Brand New House For Sale In I-15/1","propertyGroup":"house","location":"I-15/1, I-15","neighborhood":"I-15","pricePkr":60000000,"pricePerSqft":33333.33,"pricePerMarla":7500000.0,"areaSqft":1800.0,"beds":7,"baths":6,"url":"https://www.zameen.com/Property/i_15_i-15_1_brand_new_house_for_sale_in_i-15_1-54810605-8262-1.html"}},{"type":"Feature","geometry":{"type":"Point","coordinates":[73.161392,33.527944]},"properties":{"id":"zameen-54837634","source":"Zameen","confidenceScore":100,"confidenceBand":"High","isOutlier":false,"title":"Brand new 10 Marla Corner double unit house for sale in Dha phase 2 Islamabad","propertyGroup":"house","location":"DHA Defence Phase 2, DHA Defence","neighborhood":"DHA Defence","pricePkr":75000000,"pricePerSqft":33333.33,"pricePerMarla":7500000.0,"areaSqft":2250.0,"beds":5,"baths":6,"url":"https://www.zameen.com/Property/dha_defence_dha_defence_phase_2_brand_new_10_marla_corner_double_unit_house_for_sale_in_dha_phase_2_islamabad-54837634-339-1.html"}},{"type":"Feature","geometry":{"type":"Point","coordinates":[73.161392,33.527944]},"properties":{"id":"zameen-54793223","source":"Zameen","confidenceScore":100,"confidenceBand":"High","isOutlier":false,"title":"20 Marla House Available For Sale In DHA Defence Phase 2, Islamabad","propertyGroup":"house","location":"DHA Defence Phase 2, DHA Defence","neighborhood":"DHA Defence","pricePkr":149000000,"pricePerSqft":33111.11,"pricePerMarla":7450000.0,"areaSqft":4500.0,"beds":7,"baths":7,"url":"https://www.zameen.com/Property/dha_defence_dha_defence_phase_2_20_marla_house_available_for_sale_in_dha_defence_phase_2_islamabad-54793223-339-1.html"}},{"type":"Feature","geometry":{"type":"Point","coordinates":[73.221013,33.522987]},"properties":{"id":"zameen-54424902","source":"Zameen","confidenceScore":100,"confidenceBand":"High","isOutlier":false,"title":"DHA Phase 5 ISB SECTOR F 5 Marla Brand New House For Sale.","propertyGroup":"house","location":"DHA Phase 5 - Sector F, DHA Defence Phase 5","neighborhood":"DHA Defence","pricePkr":37000000,"pricePerSqft":32888.89,"pricePerMarla":7400000.0,"areaSqft":1125.0,"beds":4,"baths":5,"url":"https://www.zameen.com/Property/dha_defence_phase_5_dha_phase_5_-_sector_f_dha_phase_5_isb_sector_f_5_marla_brand_new_house_for_sale-54424902-8836-1.html"}},{"type":"Feature","geometry":{"type":"Point","coordinates":[73.161049,33.524224]},"properties":{"id":"zameen-44441849","source":"Zameen","confidenceScore":100,"confidenceBand":"High","isOutlier":false,"title":"Kanal Brand New House Available For Sale In Dha Phase 2 Islamabad","propertyGroup":"house","location":"DHA Phase 2 - Sector F, DHA Defence Phase 2","neighborhood":"DHA Defence","pricePkr":147500000,"pricePerSqft":32777.78,"pricePerMarla":7375000.0,"areaSqft":4500.0,"beds":5,"baths":6,"url":"https://www.zameen.com/Property/dha_defence_phase_2_dha_phase_2_-_sector_f_kanal_brand_new_house_available_for_sale_in_dha_phase_2_islamabad-44441849-3201-1.html"}},{"type":"Feature","geometry":{"type":"Point","coordinates":[73.161392,33.527944]},"properties":{"id":"zameen-52372119","source":"Zameen","confidenceScore":100,"confidenceBand":"High","isOutlier":false,"title":"1 Kanal Double Heighted Lobby Design House For Sale In DHA I_R","propertyGroup":"house","location":"DHA Defence Phase 2, DHA Defence","neighborhood":"DHA Defence","pricePkr":147500000,"pricePerSqft":32777.78,"pricePerMarla":7375000.0,"areaSqft":4500.0,"beds":6,"baths":6,"url":"https://www.zameen.com/Property/dha_defence_dha_defence_phase_2_1_kanal_double_heighted_lobby_design_house_for_sale_in_dha_i_r-52372119-339-1.html"}},{"type":"Feature","geometry":{"type":"Point","coordinates":[73.161049,33.524224]},"properties":{"id":"zameen-53485362","source":"Zameen","confidenceScore":100,"confidenceBand":"High","isOutlier":false,"title":"Kanal Brand New House Available For Sale In Dha Phase 2 Islamabad","propertyGroup":"house","location":"DHA Phase 2 - Sector F, DHA Defence Phase 2","neighborhood":"DHA Defence","pricePkr":147500000,"pricePerSqft":32777.78,"pricePerMarla":7375000.0,"areaSqft":4500.0,"beds":5,"baths":6,"url":"https://www.zameen.com/Property/dha_defence_phase_2_dha_phase_2_-_sector_f_kanal_brand_new_house_available_for_sale_in_dha_phase_2_islamabad-53485362-3201-1.html"}},{"type":"Feature","geometry":{"type":"Point","coordinates":[73.161392,33.527944]},"properties":{"id":"zameen-54842892","source":"Zameen","confidenceScore":100,"confidenceBand":"High","isOutlier":false,"title":"5 Bed Luxury House for Sale DHA Phase 2 Islamabad","propertyGroup":"house","location":"DHA Defence Phase 2, DHA Defence","neighborhood":"DHA Defence","pricePkr":147500000,"pricePerSqft":32777.78,"pricePerMarla":7375000.0,"areaSqft":4500.0,"beds":5,"baths":6,"url":"https://www.zameen.com/Property/dha_defence_dha_defence_phase_2_5_bed_luxury_house_for_sale_dha_phase_2_islamabad-54842892-339-1.html"}},{"type":"Feature","geometry":{"type":"Point","coordinates":[73.161392,33.527944]},"properties":{"id":"zameen-53853829","source":"Zameen","confidenceScore":100,"confidenceBand":"High","isOutlier":false,"title":"Brand New House Fully Furnished DHA Defence Phase 2 House Size 1 Kanal For Sale","propertyGroup":"house","location":"DHA Defence Phase 2, DHA Defence","neighborhood":"DHA Defence","pricePkr":145000000,"pricePerSqft":32222.22,"pricePerMarla":7250000.0,"areaSqft":4500.0,"beds":5,"baths":6,"url":"https://www.zameen.com/Property/dha_defence_dha_defence_phase_2_brand_new_house_fully_furnished_dha_defence_phase_2_house_size_1_kanal_for_sale-53853829-339-1.html"}},{"type":"Feature","geometry":{"type":"Point","coordinates":[73.195107,33.534569]},"properties":{"id":"zameen-54127954","source":"Zameen","confidenceScore":100,"confidenceBand":"High","isOutlier":false,"title":"Fully Furnished Designer 1 Kanal House with Basement for Sale in DHA Phase 5, Islamabad","propertyGroup":"house","location":"DHA Defence Phase 5, DHA Defence","neighborhood":"DHA Defence","pricePkr":145000000,"pricePerSqft":32222.22,"pricePerMarla":7250000.0,"areaSqft":4500.0,"beds":6,"baths":6,"url":"https://www.zameen.com/Property/dha_defence_dha_defence_phase_5_fully_furnished_designer_1_kanal_house_with_basement_for_sale_in_dha_phase_5_islamabad-54127954-10991-1.html"}},{"type":"Feature","geometry":{"type":"Point","coordinates":[73.161392,33.527944]},"properties":{"id":"zameen-54321074","source":"Zameen","confidenceScore":100,"confidenceBand":"High","isOutlier":false,"title":"10 Marla Beautiful House For Sale In DHA Phase-2 Islamabad","propertyGroup":"house","location":"DHA Defence Phase 2, DHA Defence","neighborhood":"DHA Defence","pricePkr":72500000,"pricePerSqft":32222.22,"pricePerMarla":7250000.0,"areaSqft":2250.0,"beds":5,"baths":5,"url":"https://www.zameen.com/Property/dha_defence_dha_defence_phase_2_10_marla_beautiful_house_for_sale_in_dha_phase-2_islamabad-54321074-339-1.html"}},{"type":"Feature","geometry":{"type":"Point","coordinates":[73.161392,33.527944]},"properties":{"id":"zameen-54648986","source":"Zameen","confidenceScore":100,"confidenceBand":"High","isOutlier":false,"title":"10 Marla Full House Available For Sale In DHA Ph 2 Islamabad Sector E","propertyGroup":"house","location":"DHA Defence Phase 2, DHA Defence","neighborhood":"DHA Defence","pricePkr":72500000,"pricePerSqft":32222.22,"pricePerMarla":7250000.0,"areaSqft":2250.0,"beds":5,"baths":6,"url":"https://www.zameen.com/Property/dha_defence_dha_defence_phase_2_10_marla_full_house_available_for_sale_in_dha_ph_2_islamabad_sector_e-54648986-339-1.html"}},{"type":"Feature","geometry":{"type":"Point","coordinates":[73.161392,33.527944]},"properties":{"id":"zameen-54734488","source":"Zameen","confidenceScore":100,"confidenceBand":"High","isOutlier":false,"title":"10 Marla Brand New Designer Luxury House Available For Sale In DHA Phase 2 Islamabad","propertyGroup":"house","location":"DHA Defence Phase 2, DHA Defence","neighborhood":"DHA Defence","pricePkr":72500000,"pricePerSqft":32222.22,"pricePerMarla":7250000.0,"areaSqft":2250.0,"beds":5,"baths":6,"url":"https://www.zameen.com/Property/dha_defence_dha_defence_phase_2_10_marla_brand_new_designer_luxury_house_available_for_sale_in_dha_phase_2_islamabad-54734488-339-1.html"}},{"type":"Feature","geometry":{"type":"Point","coordinates":[73.166542,33.536816]},"properties":{"id":"zameen-54743786","source":"Zameen","confidenceScore":100,"confidenceBand":"High","isOutlier":false,"title":"Beautiful 10 Marla House Available For Sale In DHA Phase 2, ISB","propertyGroup":"house","location":"DHA Phase 2 - Sector D, DHA Defence Phase 2","neighborhood":"DHA Defence","pricePkr":72500000,"pricePerSqft":32222.22,"pricePerMarla":7250000.0,"areaSqft":2250.0,"beds":5,"baths":6,"url":"https://www.zameen.com/Property/dha_defence_phase_2_dha_phase_2_-_sector_d_beautiful_10_marla_house_available_for_sale_in_dha_phase_2_isb-54743786-3199-1.html"}},{"type":"Feature","geometry":{"type":"Point","coordinates":[73.161392,33.527944]},"properties":{"id":"zameen-54808941","source":"Zameen","confidenceScore":100,"confidenceBand":"High","isOutlier":false,"title":"10 Marla Brand New Designer Luxury House Available For Sale In DHA Phase 2 Islababad","propertyGroup":"house","location":"DHA Defence Phase 2, DHA Defence","neighborhood":"DHA Defence","pricePkr":72500000,"pricePerSqft":32222.22,"pricePerMarla":7250000.0,"areaSqft":2250.0,"beds":5,"baths":6,"url":"https://www.zameen.com/Property/dha_defence_dha_defence_phase_2_10_marla_brand_new_designer_luxury_house_available_for_sale_in_dha_phase_2_islababad-54808941-339-1.html"}},{"type":"Feature","geometry":{"type":"Point","coordinates":[73.161392,33.527944]},"properties":{"id":"zameen-54825264","source":"Zameen","confidenceScore":100,"confidenceBand":"High","isOutlier":false,"title":"1 Kanal Ultra Modern Corner House For Sale DHA Phase 2 Islamabad","propertyGroup":"house","location":"DHA Defence Phase 2, DHA Defence","neighborhood":"DHA Defence","pricePkr":145000000,"pricePerSqft":32222.22,"pricePerMarla":7250000.0,"areaSqft":4500.0,"beds":5,"baths":6,"url":"https://www.zameen.com/Property/dha_defence_dha_defence_phase_2_1_kanal_ultra_modern_corner_house_for_sale_dha_phase_2_islamabad-54825264-339-1.html"}},{"type":"Feature","geometry":{"type":"Point","coordinates":[72.963681,33.650065]},"properties":{"id":"zameen-54842950","source":"Zameen","confidenceScore":100,"confidenceBand":"High","isOutlier":false,"title":"1 KANAL LUXURY DESIGNER BRAND NEW HOUSE FOR SALE IN G-13/2","propertyGroup":"house","location":"G-13, Islamabad","neighborhood":"G-13","pricePkr":145000000,"pricePerSqft":32222.22,"pricePerMarla":7250000.0,"areaSqft":4500.0,"beds":6,"baths":7,"url":"https://www.zameen.com/Property/islamabad_g-13_1_kanal_luxury_designer_brand_new_house_for_sale_in_g-13_2-54842950-330-1.html"}},{"type":"Feature","geometry":{"type":"Point","coordinates":[73.161392,33.527944]},"properties":{"id":"zameen-54843800","source":"Zameen","confidenceScore":100,"confidenceBand":"High","isOutlier":false,"title":"DHA 2 | Triple Unit Designer Luxury House | 9 Beds + Home Theater","propertyGroup":"house","location":"DHA Defence Phase 2, DHA Defence","neighborhood":"DHA Defence","pricePkr":145000000,"pricePerSqft":32222.22,"pricePerMarla":7250000.0,"areaSqft":4500.0,"beds":9,"baths":6,"url":"https://www.zameen.com/Property/dha_defence_dha_defence_phase_2_dha_2_triple_unit_designer_luxury_house_9_beds_home_theater-54843800-339-1.html"}},{"type":"Feature","geometry":{"type":"Point","coordinates":[73.2122455,33.7170287]},"properties":{"id":"zameen-54729680","source":"Zameen","confidenceScore":100,"confidenceBand":"High","isOutlier":false,"title":"New House With Solar For Sale","propertyGroup":"house","location":"Park View - Block H, Park View City","neighborhood":"Park View City","pricePkr":36000000,"pricePerSqft":32000.0,"pricePerMarla":7200000.0,"areaSqft":1125.0,"beds":4,"baths":4,"url":"https://www.zameen.com/Property/park_view_city_park_view_-_block_h_new_house_with_solar_for_sale-54729680-16868-1.html"}},{"type":"Feature","geometry":{"type":"Point","coordinates":[73.146286,33.533668]},"properties":{"id":"zameen-54237395","source":"Zameen","confidenceScore":100,"confidenceBand":"High","isOutlier":false,"title":"Ultra Luxury Designer House | A++ Construction | Interwood Kitchens | Sapele Wood | Prime Location","propertyGroup":"house","location":"DHA Phase 2 - Sector B, DHA Defence Phase 2","neighborhood":"DHA Defence","pricePkr":140000000,"pricePerSqft":31111.11,"pricePerMarla":7000000.0,"areaSqft":4500.0,"beds":5,"baths":6,"url":"https://www.zameen.com/Property/dha_defence_phase_2_dha_phase_2_-_sector_b_ultra_luxury_designer_house_a_construction_interwood_kitchens_sapele_wood_prime_location-54237395-3197-1.html"}},{"type":"Feature","geometry":{"type":"Point","coordinates":[73.21224552,33.7170287]},"properties":{"id":"zameen-54761570","source":"Zameen","confidenceScore":100,"confidenceBand":"High","isOutlier":false,"title":"26*50 HOUSE FOR SALE","propertyGroup":"house","location":"Park View - Block H, Park View City","neighborhood":"Park View City","pricePkr":35000000,"pricePerSqft":31111.11,"pricePerMarla":7000000.0,"areaSqft":1125.0,"beds":4,"baths":5,"url":"https://www.zameen.com/Property/park_view_city_park_view_-_block_h_26_50_house_for_sale-54761570-16868-1.html"}},{"type":"Feature","geometry":{"type":"Point","coordinates":[73.222006,33.720586]},"properties":{"id":"zameen-54786834","source":"Zameen","confidenceScore":100,"confidenceBand":"High","isOutlier":false,"title":"House For Sale On Easy Installments Plan","propertyGroup":"house","location":"Park View City, Islamabad","neighborhood":"Park View City","pricePkr":35000000,"pricePerSqft":31111.11,"pricePerMarla":7000000.0,"areaSqft":1125.0,"beds":null,"baths":null,"url":"https://www.zameen.com/Property/islamabad_park_view_city_house_for_sale_on_easy_installments_plan-54786834-10933-1.html"}},{"type":"Feature","geometry":{"type":"Point","coordinates":[72.952859,33.641955]},"properties":{"id":"zameen-54816636","source":"Zameen","confidenceScore":96,"confidenceBand":"High","isOutlier":false,"title":"Rare Opportunity! 24x50 Plot + Huge Extra Land | G-14/4 FGEHA","propertyGroup":"plot","location":"G-14/4, G-14","neighborhood":"G-14","pricePkr":35000000,"pricePerSqft":31111.11,"pricePerMarla":7000000.0,"areaSqft":1125.0,"beds":null,"baths":null,"url":"https://www.zameen.com/Property/g_14_g-14_4_rare_opportunity_24x50_plot_huge_extra_land_g-14_4_fgeha-54816636-3346-2.html"}},{"type":"Feature","geometry":{"type":"Point","coordinates":[73.161392,33.527944]},"properties":{"id":"zameen-54825960","source":"Zameen","confidenceScore":100,"confidenceBand":"High","isOutlier":false,"title":"Brand New Spanish-Style Designer 1 Kanal Luxury House","propertyGroup":"house","location":"DHA Defence Phase 2, DHA Defence","neighborhood":"DHA Defence","pricePkr":140000000,"pricePerSqft":31111.11,"pricePerMarla":7000000.0,"areaSqft":4500.0,"beds":6,"baths":6,"url":"https://www.zameen.com/Property/dha_defence_dha_defence_phase_2_brand_new_spanish-style_designer_1_kanal_luxury_house-54825960-339-1.html"}},{"type":"Feature","geometry":{"type":"Point","coordinates":[73.161392,33.527944]},"properties":{"id":"zameen-53966465","source":"Zameen","confidenceScore":100,"confidenceBand":"High","isOutlier":false,"title":"Dha 2 One Kanal Brand New CORNER House On MAIN BOULEVARD With SWIMMING POOL","propertyGroup":"house","location":"DHA Defence Phase 2, DHA Defence","neighborhood":"DHA Defence","pricePkr":139000000,"pricePerSqft":30888.89,"pricePerMarla":6950000.0,"areaSqft":4500.0,"beds":5,"baths":6,"url":"https://www.zameen.com/Property/dha_defence_dha_defence_phase_2_dha_2_one_kanal_brand_new_corner_house_on_main_boulevard_with_swimming_pool-53966465-339-1.html"}},{"type":"Feature","geometry":{"type":"Point","coordinates":[72.864097,33.573045]},"properties":{"id":"zameen-54643732","source":"Zameen","confidenceScore":100,"confidenceBand":"High","isOutlier":false,"title":"Brand New Designer Corner House For Sale Top City 1 Islamabad","propertyGroup":"house","location":"Top City 1 - Block D, Top City 1","neighborhood":"Top City 1","pricePkr":69500000,"pricePerSqft":30888.89,"pricePerMarla":6950000.0,"areaSqft":2250.0,"beds":6,"baths":6,"url":"https://www.zameen.com/Property/top_city_1_top_city_1_-_block_d_brand_new_designer_corner_house_for_sale_top_city_1_islamabad-54643732-9233-1.html"}},{"type":"Feature","geometry":{"type":"Point","coordinates":[73.146286,33.533668]},"properties":{"id":"zameen-54731124","source":"Zameen","confidenceScore":100,"confidenceBand":"High","isOutlier":false,"title":"Excellent Double Unit Corner house for sale in prime location of sector B Defence housing authority phase 2 Islamabad","propertyGroup":"house","location":"DHA Phase 2 - Sector B, DHA Defence Phase 2","neighborhood":"DHA Defence","pricePkr":138500000,"pricePerSqft":30777.78,"pricePerMarla":6925000.0,"areaSqft":4500.0,"beds":6,"baths":6,"url":"https://www.zameen.com/Property/dha_defence_phase_2_dha_phase_2_-_sector_b_excellent_double_unit_corner_house_for_sale_in_prime_location_of_sector_b_defence_housing_authority_phase_2_islamabad-54731124-3197-1.html"}},{"type":"Feature","geometry":{"type":"Point","coordinates":[73.146286,33.533668]},"properties":{"id":"zameen-54731297","source":"Zameen","confidenceScore":100,"confidenceBand":"High","isOutlier":false,"title":"Excellent Double Unit Corner House For Sale In Prime Location Of Sector B Defence Housing Authority Phase 2 Islamabad","propertyGroup":"house","location":"DHA Phase 2 - Sector B, DHA Defence Phase 2","neighborhood":"DHA Defence","pricePkr":138500000,"pricePerSqft":30777.78,"pricePerMarla":6925000.0,"areaSqft":4500.0,"beds":6,"baths":6,"url":"https://www.zameen.com/Property/dha_defence_phase_2_dha_phase_2_-_sector_b_excellent_double_unit_corner_house_for_sale_in_prime_location_of_sector_b_defence_housing_authority_phase_2_islamabad-54731297-3197-1.html"}},{"type":"Feature","geometry":{"type":"Point","coordinates":[73.152981,33.526227]},"properties":{"id":"zameen-54748879","source":"Zameen","confidenceScore":100,"confidenceBand":"High","isOutlier":false,"title":"Excellent 10 Marla House , Corner , 3 Sides Open With Solar System For Sale . This Is A Triple Storey House With Top Class Open Basement.","propertyGroup":"house","location":"DHA Phase 2 - Sector C, DHA Defence Phase 2","neighborhood":"DHA Defence","pricePkr":69000000,"pricePerSqft":30666.67,"pricePerMarla":6900000.0,"areaSqft":2250.0,"beds":7,"baths":6,"url":"https://www.zameen.com/Property/dha_defence_phase_2_dha_phase_2_-_sector_c_excellent_10_marla_house_corner_3_sides_open_with_solar_system_for_sale_this_is_a_triple_storey_house_with_top_class_open_basement-54748879-3198-1.html"}},{"type":"Feature","geometry":{"type":"Point","coordinates":[73.22068,33.599518]},"properties":{"id":"zameen-54787235","source":"Zameen","confidenceScore":100,"confidenceBand":"High","isOutlier":false,"title":"Brand New 10 Marla House for Sale in Gulberg , Block O","propertyGroup":"house","location":"Gulberg Residencia - Block O, Gulberg Residencia","neighborhood":"Gulberg","pricePkr":69000000,"pricePerSqft":30666.67,"pricePerMarla":6900000.0,"areaSqft":2250.0,"beds":7,"baths":6,"url":"https://www.zameen.com/Property/gulberg_residencia_gulberg_residencia_-_block_o_brand_new_10_marla_house_for_sale_in_gulberg_block_o-54787235-9125-1.html"}},{"type":"Feature","geometry":{"type":"Point","coordinates":[73.246622,33.6838192]},"properties":{"id":"zameen-54833984","source":"Zameen","confidenceScore":100,"confidenceBand":"High","isOutlier":false,"title":"5 Marla Luxury Designer House Available For Sale.","propertyGroup":"house","location":"Bahria Enclave - Sector H, Bahria Enclave","neighborhood":"Bahria Town","pricePkr":34500000,"pricePerSqft":30666.67,"pricePerMarla":6900000.0,"areaSqft":1125.0,"beds":3,"baths":5,"url":"https://www.zameen.com/Property/bahria_enclave_bahria_enclave_-_sector_h_5_marla_luxury_designer_house_available_for_sale-54833984-11983-1.html"}},{"type":"Feature","geometry":{"type":"Point","coordinates":[73.246622,33.6838192]},"properties":{"id":"zameen-54838070","source":"Zameen","confidenceScore":100,"confidenceBand":"High","isOutlier":false,"title":"5 Marla Modern Design Brand New House Available For Sale A Plus Construction With Branded Fittings!!","propertyGroup":"house","location":"Bahria Enclave - Sector H, Bahria Enclave","neighborhood":"Bahria Town","pricePkr":34500000,"pricePerSqft":30666.67,"pricePerMarla":6900000.0,"areaSqft":1125.0,"beds":3,"baths":4,"url":"https://www.zameen.com/Property/bahria_enclave_bahria_enclave_-_sector_h_5_marla_modern_design_brand_new_house_available_for_sale_a_plus_construction_with_branded_fittings-54838070-11983-1.html"}},{"type":"Feature","geometry":{"type":"Point","coordinates":[73.246622,33.6838192]},"properties":{"id":"zameen-54838153","source":"Zameen","confidenceScore":100,"confidenceBand":"High","isOutlier":false,"title":"Modern Design Brand New House is Available For Sale Most populated Sector in Bahria Enclave Islamabad!!","propertyGroup":"house","location":"Bahria Enclave - Sector H, Bahria Enclave","neighborhood":"Bahria Town","pricePkr":34500000,"pricePerSqft":30666.67,"pricePerMarla":6900000.0,"areaSqft":1125.0,"beds":3,"baths":4,"url":"https://www.zameen.com/Property/bahria_enclave_bahria_enclave_-_sector_h_modern_design_brand_new_house_is_available_for_sale_most_populated_sector_in_bahria_enclave_islamabad-54838153-11983-1.html"}},{"type":"Feature","geometry":{"type":"Point","coordinates":[73.246622,33.6838192]},"properties":{"id":"zameen-54842097","source":"Zameen","confidenceScore":100,"confidenceBand":"High","isOutlier":false,"title":"5 marla designer house A+ construction available for sale. Direct meeting with owner.","propertyGroup":"house","location":"Bahria Enclave - Sector H, Bahria Enclave","neighborhood":"Bahria Town","pricePkr":34500000,"pricePerSqft":30666.67,"pricePerMarla":6900000.0,"areaSqft":1125.0,"beds":3,"baths":5,"url":"https://www.zameen.com/Property/bahria_enclave_bahria_enclave_-_sector_h_5_marla_designer_house_a_construction_available_for_sale_direct_meeting_with_owner-54842097-11983-1.html"}},{"type":"Feature","geometry":{"type":"Point","coordinates":[73.246622,33.683819]},"properties":{"id":"zameen-54843172","source":"Zameen","confidenceScore":100,"confidenceBand":"High","isOutlier":false,"title":"Brand New House For Sale In sector H Near To Civic Zone Near To Park","propertyGroup":"house","location":"Bahria Enclave - Sector H, Bahria Enclave","neighborhood":"Bahria Town","pricePkr":34500000,"pricePerSqft":30666.67,"pricePerMarla":6900000.0,"areaSqft":1125.0,"beds":3,"baths":4,"url":"https://www.zameen.com/Property/bahria_enclave_bahria_enclave_-_sector_h_brand_new_house_for_sale_in_sector_h_near_to_civic_zone_near_to_park-54843172-11983-1.html"}},{"type":"Feature","geometry":{"type":"Point","coordinates":[73.166542,33.536816]},"properties":{"id":"zameen-54730903","source":"Zameen","confidenceScore":100,"confidenceBand":"High","isOutlier":false,"title":"Excellent Corner Designers House For Sale On Good Location Of DHA 2 Islamabad","propertyGroup":"house","location":"DHA Phase 2 - Sector D, DHA Defence Phase 2","neighborhood":"DHA Defence","pricePkr":137500000,"pricePerSqft":30555.56,"pricePerMarla":6875000.0,"areaSqft":4500.0,"beds":5,"baths":6,"url":"https://www.zameen.com/Property/dha_defence_phase_2_dha_phase_2_-_sector_d_excellent_corner_designers_house_for_sale_on_good_location_of_dha_2_islamabad-54730903-3199-1.html"}},{"type":"Feature","geometry":{"type":"Point","coordinates":[72.830601,33.68821]},"properties":{"id":"zameen-54481021","source":"Zameen","confidenceScore":100,"confidenceBand":"High","isOutlier":false,"title":"To Sale You Can Find Spacious House In MPCHS - Block B","propertyGroup":"house","location":"MPCHS - Block B, MPCHS - Multi Gardens","neighborhood":"B-17","pricePkr":68000000,"pricePerSqft":30222.22,"pricePerMarla":6800000.0,"areaSqft":2250.0,"beds":7,"baths":6,"url":"https://www.zameen.com/Property/mpchs_multi_gardens_mpchs_-_block_b_to_sale_you_can_find_spacious_house_in_mpchs_-_block_b-54481021-3117-1.html"}},{"type":"Feature","geometry":{"type":"Point","coordinates":[73.161392,33.527944]},"properties":{"id":"zameen-49186282","source":"Zameen","confidenceScore":100,"confidenceBand":"High","isOutlier":false,"title":"House Of 20 Marla Available For Sale In DHA Defence Phase 2","propertyGroup":"house","location":"DHA Defence Phase 2, DHA Defence","neighborhood":"DHA Defence","pricePkr":135000000,"pricePerSqft":30000.0,"pricePerMarla":6750000.0,"areaSqft":4500.0,"beds":6,"baths":null,"url":"https://www.zameen.com/Property/dha_defence_dha_defence_phase_2_house_of_20_marla_available_for_sale_in_dha_defence_phase_2-49186282-339-1.html"}},{"type":"Feature","geometry":{"type":"Point","coordinates":[73.161392,33.527944]},"properties":{"id":"zameen-49223481","source":"Zameen","confidenceScore":100,"confidenceBand":"High","isOutlier":false,"title":"New Furnished A1 Quality Designer House For Sale","propertyGroup":"house","location":"DHA Defence Phase 2, DHA Defence","neighborhood":"DHA Defence","pricePkr":135000000,"pricePerSqft":30000.0,"pricePerMarla":6750000.0,"areaSqft":4500.0,"beds":6,"baths":6,"url":"https://www.zameen.com/Property/dha_defence_dha_defence_phase_2_new_furnished_a1_quality_designer_house_for_sale-49223481-339-1.html"}},{"type":"Feature","geometry":{"type":"Point","coordinates":[72.978702,33.704599]},"properties":{"id":"zameen-53974534","source":"Zameen","confidenceScore":100,"confidenceBand":"High","isOutlier":false,"title":"INVESTOR PRICE HOUSE FOR SALE IN E-11","propertyGroup":"house","location":"E-11/3, E-11","neighborhood":"E-11","pricePkr":135000000,"pricePerSqft":30000.0,"pricePerMarla":6750000.0,"areaSqft":4500.0,"beds":9,"baths":6,"url":"https://www.zameen.com/Property/e_11_e-11_3_investor_price_house_for_sale_in_e-11-53974534-3238-1.html"}},{"type":"Feature","geometry":{"type":"Point","coordinates":[73.161392,33.527944]},"properties":{"id":"zameen-54240717","source":"Zameen","confidenceScore":100,"confidenceBand":"High","isOutlier":false,"title":"Top Of The Line Brand New Triple Storey House 1 Kanal | DHA Phase 2 Islamabad","propertyGroup":"house","location":"DHA Defence Phase 2, DHA Defence","neighborhood":"DHA Defence","pricePkr":135000000,"pricePerSqft":30000.0,"pricePerMarla":6750000.0,"areaSqft":4500.0,"beds":7,"baths":6,"url":"https://www.zameen.com/Property/dha_defence_dha_defence_phase_2_top_of_the_line_brand_new_triple_storey_house_1_kanal_dha_phase_2_islamabad-54240717-339-1.html"}},{"type":"Feature","geometry":{"type":"Point","coordinates":[73.215615,33.695973]},"properties":{"id":"zameen-54501366","source":"Zameen","confidenceScore":100,"confidenceBand":"High","isOutlier":false,"title":"10 Marla Luxury Modern House Available For Sale In Bahria Enclave Islamabad.","propertyGroup":"house","location":"Bahria Enclave - Sector A, Bahria Enclave","neighborhood":"Bahria Town","pricePkr":67500000,"pricePerSqft":30000.0,"pricePerMarla":6750000.0,"areaSqft":2250.0,"beds":7,"baths":6,"url":"https://www.zameen.com/Property/bahria_enclave_bahria_enclave_-_sector_a_10_marla_luxury_modern_house_available_for_sale_in_bahria_enclave_islamabad-54501366-11970-1.html"}},{"type":"Feature","geometry":{"type":"Point","coordinates":[73.161392,33.527944]},"properties":{"id":"zameen-54790758","source":"Zameen","confidenceScore":100,"confidenceBand":"High","isOutlier":false,"title":"\"Luxury Meets Comfort! Ready To Move 1 Kanal House DHA Phase II Book Your Visit Today!\"","propertyGroup":"house","location":"DHA Defence Phase 2, DHA Defence","neighborhood":"DHA Defence","pricePkr":135000000,"pricePerSqft":30000.0,"pricePerMarla":6750000.0,"areaSqft":4500.0,"beds":5,"baths":7,"url":"https://www.zameen.com/Property/dha_defence_dha_defence_phase_2_luxury_meets_comfort_ready_to_move_1_kanal_house_dha_phase_ii_book_your_visit_today-54790758-339-1.html"}},{"type":"Feature","geometry":{"type":"Point","coordinates":[73.161392,33.527944]},"properties":{"id":"zameen-54812602","source":"Zameen","confidenceScore":100,"confidenceBand":"High","isOutlier":false,"title":"1 Kanal Lavish Ultra Luxurious Corner House For Sale At DHA Phase II , Islamabad","propertyGroup":"house","location":"DHA Defence Phase 2, DHA Defence","neighborhood":"DHA Defence","pricePkr":135000000,"pricePerSqft":30000.0,"pricePerMarla":6750000.0,"areaSqft":4500.0,"beds":5,"baths":6,"url":"https://www.zameen.com/Property/dha_defence_dha_defence_phase_2_1_kanal_lavish_ultra_luxurious_corner_house_for_sale_at_dha_phase_ii_islamabad-54812602-339-1.html"}},{"type":"Feature","geometry":{"type":"Point","coordinates":[73.161392,33.527944]},"properties":{"id":"zameen-54834458","source":"Zameen","confidenceScore":100,"confidenceBand":"High","isOutlier":false,"title":"Excellent Designers Corner House For Sale In DHA Islamabad.","propertyGroup":"house","location":"DHA Defence Phase 2, DHA Defence","neighborhood":"DHA Defence","pricePkr":135000000,"pricePerSqft":30000.0,"pricePerMarla":6750000.0,"areaSqft":4500.0,"beds":5,"baths":6,"url":"https://www.zameen.com/Property/dha_defence_dha_defence_phase_2_excellent_designers_corner_house_for_sale_in_dha_islamabad-54834458-339-1.html"}},{"type":"Feature","geometry":{"type":"Point","coordinates":[73.218813,33.692638]},"properties":{"id":"zameen-54503177","source":"Zameen","confidenceScore":100,"confidenceBand":"High","isOutlier":false,"title":"10 Marla Luxury Modern House Available For Sale In Bahria Enclave Islamabad","propertyGroup":"house","location":"Bahria Enclave, Bahria Town","neighborhood":"Bahria Town","pricePkr":67000000,"pricePerSqft":29777.78,"pricePerMarla":6700000.0,"areaSqft":2250.0,"beds":7,"baths":6,"url":"https://www.zameen.com/Property/bahria_town_bahria_enclave_10_marla_luxury_modern_house_available_for_sale_in_bahria_enclave_islamabad-54503177-1705-1.html"}},{"type":"Feature","geometry":{"type":"Point","coordinates":[73.161392,33.527944]},"properties":{"id":"zameen-54508586","source":"Zameen","confidenceScore":100,"confidenceBand":"High","isOutlier":false,"title":"10 Marla Owner-Built Luxury Double Unit House For Sale","propertyGroup":"house","location":"DHA Defence Phase 2, DHA Defence","neighborhood":"DHA Defence","pricePkr":67000000,"pricePerSqft":29777.78,"pricePerMarla":6700000.0,"areaSqft":2250.0,"beds":6,"baths":6,"url":"https://www.zameen.com/Property/dha_defence_dha_defence_phase_2_10_marla_owner-built_luxury_double_unit_house_for_sale-54508586-339-1.html"}},{"type":"Feature","geometry":{"type":"Point","coordinates":[72.997726701446,33.666345175303]},"properties":{"id":"zameen-54353281","source":"Zameen","confidenceScore":100,"confidenceBand":"High","isOutlier":false,"title":"G-11 Markaz 11 Central 3Bed Apartment Available For Sale","propertyGroup":"apartment","location":"11 Central Apartments, G-11/1","neighborhood":"G-11","pricePkr":52000000,"pricePerSqft":29714.29,"pricePerMarla":6685714.29,"areaSqft":1750.0,"beds":3,"baths":3,"url":"https://www.zameen.com/Property/g_11_1_11_central_apartments_g-11_markaz_11_central_3bed_apartment_available_for_sale-54353281-22037-1.html"}},{"type":"Feature","geometry":{"type":"Point","coordinates":[73.161392,33.527944]},"properties":{"id":"zameen-54749748","source":"Zameen","confidenceScore":100,"confidenceBand":"High","isOutlier":false,"title":"1 Kanal Brand-New Corner Designer House For Sale DHA Phase 2","propertyGroup":"house","location":"DHA Defence Phase 2, DHA Defence","neighborhood":"DHA Defence","pricePkr":132500000,"pricePerSqft":29444.44,"pricePerMarla":6625000.0,"areaSqft":4500.0,"beds":6,"baths":7,"url":"https://www.zameen.com/Property/dha_defence_dha_defence_phase_2_1_kanal_brand-new_corner_designer_house_for_sale_dha_phase_2-54749748-339-1.html"}},{"type":"Feature","geometry":{"type":"Point","coordinates":[73.21224552,33.7170287]},"properties":{"id":"zameen-54395547","source":"Zameen","confidenceScore":100,"confidenceBand":"High","isOutlier":false,"title":"5 Marla House For Sale Park View City Islamabad","propertyGroup":"house","location":"Park View - Block H, Park View City","neighborhood":"Park View City","pricePkr":33000000,"pricePerSqft":29333.33,"pricePerMarla":6600000.0,"areaSqft":1125.0,"beds":4,"baths":4,"url":"https://www.zameen.com/Property/park_view_city_park_view_-_block_h_5_marla_house_for_sale_park_view_city_islamabad-54395547-16868-1.html"}},{"type":"Feature","geometry":{"type":"Point","coordinates":[72.822189,33.68064]},"properties":{"id":"zameen-54736897","source":"Zameen","confidenceScore":100,"confidenceBand":"High","isOutlier":false,"title":"Exceptional 5-Marla Brand New House | Premium Construction | B-17","propertyGroup":"house","location":"B-17, Islamabad","neighborhood":"B-17","pricePkr":33000000,"pricePerSqft":29333.33,"pricePerMarla":6600000.0,"areaSqft":1125.0,"beds":4,"baths":4,"url":"https://www.zameen.com/Property/islamabad_b-17_exceptional_5-marla_brand_new_house_premium_construction_b-17-54736897-616-1.html"}},{"type":"Feature","geometry":{"type":"Point","coordinates":[72.944241,33.697565]},"properties":{"id":"zameen-50999436","source":"Zameen","confidenceScore":100,"confidenceBand":"High","isOutlier":false,"title":"A Good Location 10 Marla Plot Is Available At Highly Attractive Rate","propertyGroup":"plot","location":"D-12/1, D-12","neighborhood":"D-12","pricePkr":65000000,"pricePerSqft":28888.89,"pricePerMarla":6500000.0,"areaSqft":2250.0,"beds":null,"baths":null,"url":"https://www.zameen.com/Property/d_12_d-12_1_a_good_location_10_marla_plot_is_available_at_highly_attractive_rate-50999436-3154-2.html"}},{"type":"Feature","geometry":{"type":"Point","coordinates":[73.218234,33.603414]},"properties":{"id":"zameen-53458948","source":"Zameen","confidenceScore":100,"confidenceBand":"High","isOutlier":false,"title":"Brand New 10 Marla House For Sale Gulberg Residencia Islamabad Near To D. Markaz","propertyGroup":"house","location":"Gulberg Residencia - Block F, Gulberg Residencia","neighborhood":"Gulberg","pricePkr":65000000,"pricePerSqft":28888.89,"pricePerMarla":6500000.0,"areaSqft":2250.0,"beds":6,"baths":6,"url":"https://www.zameen.com/Property/gulberg_residencia_gulberg_residencia_-_block_f_brand_new_10_marla_house_for_sale_gulberg_residencia_islamabad_near_to_d_markaz-53458948-9116-1.html"}},{"type":"Feature","geometry":{"type":"Point","coordinates":[73.221013,33.522987]},"properties":{"id":"zameen-54511313","source":"Zameen","confidenceScore":100,"confidenceBand":"High","isOutlier":false,"title":"Brand New 10 Marla Luxury House for Sale in DHA Phase 5 Sector F | Prime Location Near Park, Mosque & School","propertyGroup":"house","location":"DHA Phase 5 - Sector F, DHA Defence Phase 5","neighborhood":"DHA Defence","pricePkr":65000000,"pricePerSqft":28888.89,"pricePerMarla":6500000.0,"areaSqft":2250.0,"beds":5,"baths":6,"url":"https://www.zameen.com/Property/dha_defence_phase_5_dha_phase_5_-_sector_f_brand_new_10_marla_luxury_house_for_sale_in_dha_phase_5_sector_f_prime_location_near_park_mosque_school-54511313-8836-1.html"}},{"type":"Feature","geometry":{"type":"Point","coordinates":[73.20709,33.528874]},"properties":{"id":"zameen-54606678","source":"Zameen","confidenceScore":100,"confidenceBand":"High","isOutlier":false,"title":"10 Marla House In DHA Defence Of Islamabad Is Available For Sale","propertyGroup":"house","location":"DHA Phase 5 - Sector D, DHA Defence Phase 5","neighborhood":"DHA Defence","pricePkr":65000000,"pricePerSqft":28888.89,"pricePerMarla":6500000.0,"areaSqft":2250.0,"beds":5,"baths":5,"url":"https://www.zameen.com/Property/dha_defence_phase_5_dha_phase_5_-_sector_d_10_marla_house_in_dha_defence_of_islamabad_is_available_for_sale-54606678-8403-1.html"}},{"type":"Feature","geometry":{"type":"Point","coordinates":[73.161392,33.527944]},"properties":{"id":"zameen-54607338","source":"Zameen","confidenceScore":100,"confidenceBand":"High","isOutlier":false,"title":"Good 1 Kanal House For Sale In DHA Defence Phase 2","propertyGroup":"house","location":"DHA Defence Phase 2, DHA Defence","neighborhood":"DHA Defence","pricePkr":130000000,"pricePerSqft":28888.89,"pricePerMarla":6500000.0,"areaSqft":4500.0,"beds":5,"baths":6,"url":"https://www.zameen.com/Property/dha_defence_dha_defence_phase_2_good_1_kanal_house_for_sale_in_dha_defence_phase_2-54607338-339-1.html"}},{"type":"Feature","geometry":{"type":"Point","coordinates":[73.22304198,33.68552911]},"properties":{"id":"zameen-54743476","source":"Zameen","confidenceScore":100,"confidenceBand":"High","isOutlier":false,"title":"Sector C1 10 Marla House For Sale | Bahria Enclave, Islamabad","propertyGroup":"house","location":"Bahria Enclave - Sector C1, Bahria Enclave","neighborhood":"Bahria Town","pricePkr":65000000,"pricePerSqft":28888.89,"pricePerMarla":6500000.0,"areaSqft":2250.0,"beds":5,"baths":5,"url":"https://www.zameen.com/Property/bahria_enclave_bahria_enclave_-_sector_c1_sector_c1_10_marla_house_for_sale_bahria_enclave_islamabad-54743476-11987-1.html"}},{"type":"Feature","geometry":{"type":"Point","coordinates":[72.978215,33.698137]},"properties":{"id":"zameen-54771026","source":"Zameen","confidenceScore":100,"confidenceBand":"High","isOutlier":false,"title":"E-11 House Sized 10 Marla 5 bedrooms attached Washrooms DD TvL Demand 6.50 crore","propertyGroup":"house","location":"E-11, Islamabad","neighborhood":"E-11","pricePkr":65000000,"pricePerSqft":28888.89,"pricePerMarla":6500000.0,"areaSqft":2250.0,"beds":5,"baths":5,"url":"https://www.zameen.com/Property/islamabad_e-11_e-11_house_sized_10_marla_5_bedrooms_attached_washrooms_dd_tvl_demand_6_50_crore-54771026-329-1.html"}},{"type":"Feature","geometry":{"type":"Point","coordinates":[73.195107,33.534569]},"properties":{"id":"zameen-54787842","source":"Zameen","confidenceScore":100,"confidenceBand":"High","isOutlier":false,"title":"10 Marla House In DHA Defence Of Islamabad Is Available For Sale","propertyGroup":"house","location":"DHA Defence Phase 5, DHA Defence","neighborhood":"DHA Defence","pricePkr":65000000,"pricePerSqft":28888.89,"pricePerMarla":6500000.0,"areaSqft":2250.0,"beds":5,"baths":6,"url":"https://www.zameen.com/Property/dha_defence_dha_defence_phase_5_10_marla_house_in_dha_defence_of_islamabad_is_available_for_sale-54787842-10991-1.html"}},{"type":"Feature","geometry":{"type":"Point","coordinates":[73.25304837,33.68051678]},"properties":{"id":"zameen-54796107","source":"Zameen","confidenceScore":100,"confidenceBand":"High","isOutlier":false,"title":"5 Marla Double Storey Brand New House","propertyGroup":"house","location":"Bahria Enclave - Sector I, Bahria Enclave","neighborhood":"Bahria Town","pricePkr":32500000,"pricePerSqft":28888.89,"pricePerMarla":6500000.0,"areaSqft":1125.0,"beds":3,"baths":5,"url":"https://www.zameen.com/Property/bahria_enclave_bahria_enclave_-_sector_i_5_marla_double_storey_brand_new_house-54796107-11982-1.html"}},{"type":"Feature","geometry":{"type":"Point","coordinates":[73.190825,33.53585]},"properties":{"id":"zameen-54797204","source":"Zameen","confidenceScore":100,"confidenceBand":"High","isOutlier":false,"title":"DHA Phase 5 Islamabad Sector A Kanal Brand New Designer House For Sale Good Location House Owner Build House","propertyGroup":"house","location":"DHA Phase 5 - Sector A, DHA Defence Phase 5","neighborhood":"DHA Defence","pricePkr":130000000,"pricePerSqft":28888.89,"pricePerMarla":6500000.0,"areaSqft":4500.0,"beds":5,"baths":5,"url":"https://www.zameen.com/Property/dha_defence_phase_5_dha_phase_5_-_sector_a_dha_phase_5_islamabad_sector_a_kanal_brand_new_designer_house_for_sale_good_location_house_owner_build_house-54797204-8400-1.html"}},{"type":"Feature","geometry":{"type":"Point","coordinates":[73.195107,33.534569]},"properties":{"id":"zameen-54841796","source":"Zameen","confidenceScore":100,"confidenceBand":"High","isOutlier":false,"title":"10 Marla Brand New Double unit House For Sale In Dha 5 Prime Location","propertyGroup":"house","location":"DHA Defence Phase 5, DHA Defence","neighborhood":"DHA Defence","pricePkr":65000000,"pricePerSqft":28888.89,"pricePerMarla":6500000.0,"areaSqft":2250.0,"beds":5,"baths":5,"url":"https://www.zameen.com/Property/dha_defence_dha_defence_phase_5_10_marla_brand_new_double_unit_house_for_sale_in_dha_5_prime_location-54841796-10991-1.html"}},{"type":"Feature","geometry":{"type":"Point","coordinates":[73.215615,33.695973]},"properties":{"id":"zameen-54842138","source":"Zameen","confidenceScore":100,"confidenceBand":"High","isOutlier":false,"title":"10 Marla Brand New House in Sector A ,Bahria Enclave Islamabad","propertyGroup":"house","location":"Bahria Enclave - Sector A, Bahria Enclave","neighborhood":"Bahria Town","pricePkr":65000000,"pricePerSqft":28888.89,"pricePerMarla":6500000.0,"areaSqft":2250.0,"beds":5,"baths":6,"url":"https://www.zameen.com/Property/bahria_enclave_bahria_enclave_-_sector_a_10_marla_brand_new_house_in_sector_a_bahria_enclave_islamabad-54842138-11970-1.html"}},{"type":"Feature","geometry":{"type":"Point","coordinates":[73.095732,33.540894]},"properties":{"id":"zameen-54842665","source":"Zameen","confidenceScore":100,"confidenceBand":"High","isOutlier":false,"title":"DHA Phase 1 Brand New 1 Kanal Modren House available for Sale","propertyGroup":"house","location":"DHA Defence Phase 1, DHA Defence","neighborhood":"DHA Defence","pricePkr":130000000,"pricePerSqft":28888.89,"pricePerMarla":6500000.0,"areaSqft":4500.0,"beds":5,"baths":6,"url":"https://www.zameen.com/Property/dha_defence_dha_defence_phase_1_dha_phase_1_brand_new_1_kanal_modren_house_available_for_sale-54842665-376-1.html"}},{"type":"Feature","geometry":{"type":"Point","coordinates":[72.86725,33.587954]},"properties":{"id":"zameen-54377777","source":"Zameen","confidenceScore":100,"confidenceBand":"High","isOutlier":false,"title":"1 Kanal House Available For Sale In Top City 1 If You Hurry","propertyGroup":"house","location":"Top City 1, Islamabad","neighborhood":"Top City 1","pricePkr":129500000,"pricePerSqft":28777.78,"pricePerMarla":6475000.0,"areaSqft":4500.0,"beds":5,"baths":6,"url":"https://www.zameen.com/Property/islamabad_top_city_1_1_kanal_house_available_for_sale_in_top_city_1_if_you_hurry-54377777-1383-1.html"}},{"type":"Feature","geometry":{"type":"Point","coordinates":[73.161392,33.527944]},"properties":{"id":"zameen-52696249","source":"Zameen","confidenceScore":100,"confidenceBand":"High","isOutlier":false,"title":"Dha 2 One Kanal Brand New Luxurious Designer House","propertyGroup":"house","location":"DHA Defence Phase 2, DHA Defence","neighborhood":"DHA Defence","pricePkr":129000000,"pricePerSqft":28666.67,"pricePerMarla":6450000.0,"areaSqft":4500.0,"beds":5,"baths":6,"url":"https://www.zameen.com/Property/dha_defence_dha_defence_phase_2_dha_2_one_kanal_brand_new_luxurious_designer_house-52696249-339-1.html"}},{"type":"Feature","geometry":{"type":"Point","coordinates":[73.161392,33.527944]},"properties":{"id":"zameen-54750265","source":"Zameen","confidenceScore":100,"confidenceBand":"High","isOutlier":false,"title":"1 Kanal Ultra-Luxury Fully Furnished House for Sale in DHA Phase 2 Islamabad","propertyGroup":"house","location":"DHA Defence Phase 2, DHA Defence","neighborhood":"DHA Defence","pricePkr":129000000,"pricePerSqft":28666.67,"pricePerMarla":6450000.0,"areaSqft":4500.0,"beds":5,"baths":6,"url":"https://www.zameen.com/Property/dha_defence_dha_defence_phase_2_1_kanal_ultra-luxury_fully_furnished_house_for_sale_in_dha_phase_2_islamabad-54750265-339-1.html"}},{"type":"Feature","geometry":{"type":"Point","coordinates":[73.161392,33.527944]},"properties":{"id":"zameen-54793535","source":"Zameen","confidenceScore":100,"confidenceBand":"High","isOutlier":false,"title":"DHA Defence Phase 2 House Sized 20 Marla","propertyGroup":"house","location":"DHA Defence Phase 2, DHA Defence","neighborhood":"DHA Defence","pricePkr":129000000,"pricePerSqft":28666.67,"pricePerMarla":6450000.0,"areaSqft":4500.0,"beds":6,"baths":7,"url":"https://www.zameen.com/Property/dha_defence_dha_defence_phase_2_dha_defence_phase_2_house_sized_20_marla-54793535-339-1.html"}},{"type":"Feature","geometry":{"type":"Point","coordinates":[73.195107,33.534569]},"properties":{"id":"zameen-54831323","source":"Zameen","confidenceScore":100,"confidenceBand":"High","isOutlier":false,"title":"DHA Phase II Main Reasonable Budget Mein Prime Property","propertyGroup":"house","location":"DHA Defence Phase 5, DHA Defence","neighborhood":"DHA Defence","pricePkr":64500000,"pricePerSqft":28666.67,"pricePerMarla":6450000.0,"areaSqft":2250.0,"beds":5,"baths":7,"url":"https://www.zameen.com/Property/dha_defence_dha_defence_phase_5_dha_phase_ii_main_reasonable_budget_mein_prime_property-54831323-10991-1.html"}},{"type":"Feature","geometry":{"type":"Point","coordinates":[73.159344369948,33.570813242989]},"properties":{"id":"zameen-54450905","source":"Zameen","confidenceScore":100,"confidenceBand":"High","isOutlier":false,"title":"CDA APROVED APARTMENT FOR SALE IN MAIN ISLAMABD EXPRESSWAY","propertyGroup":"apartment","location":"Mall of Imarat, Jinnah Gardens","neighborhood":"FECHS","pricePkr":19100000,"pricePerSqft":28507.46,"pricePerMarla":6414179.1,"areaSqft":670.0,"beds":null,"baths":1,"url":"https://www.zameen.com/Property/jinnah_gardens_mall_of_imarat_cda_aproved_apartment_for_sale_in_main_islamabd_expressway-54450905-22031-1.html"}},{"type":"Feature","geometry":{"type":"Point","coordinates":[72.823906,33.679925]},"properties":{"id":"zameen-54420195","source":"Zameen","confidenceScore":100,"confidenceBand":"High","isOutlier":false,"title":"10 Mrla Brand New Designer House For Sale In Block C","propertyGroup":"house","location":"MPCHS - Block C, MPCHS - Multi Gardens","neighborhood":"B-17","pricePkr":64000000,"pricePerSqft":28444.44,"pricePerMarla":6400000.0,"areaSqft":2250.0,"beds":5,"baths":6,"url":"https://www.zameen.com/Property/mpchs_multi_gardens_mpchs_-_block_c_10_mrla_brand_new_designer_house_for_sale_in_block_c-54420195-3118-1.html"}},{"type":"Feature","geometry":{"type":"Point","coordinates":[73.246622,33.6838192]},"properties":{"id":"zameen-54551174","source":"Zameen","confidenceScore":100,"confidenceBand":"High","isOutlier":false,"title":"5 Marla Luxury Modern House Available For Sale In Bahria Enclave Islamabad.","propertyGroup":"house","location":"Bahria Enclave - Sector H, Bahria Enclave","neighborhood":"Bahria Town","pricePkr":32000000,"pricePerSqft":28444.44,"pricePerMarla":6400000.0,"areaSqft":1125.0,"beds":3,"baths":5,"url":"https://www.zameen.com/Property/bahria_enclave_bahria_enclave_-_sector_h_5_marla_luxury_modern_house_available_for_sale_in_bahria_enclave_islamabad-54551174-11983-1.html"}},{"type":"Feature","geometry":{"type":"Point","coordinates":[72.817584,33.694255]},"properties":{"id":"zameen-54732477","source":"Zameen","confidenceScore":100,"confidenceBand":"High","isOutlier":false,"title":"5 Marla 2550 Single-Unit House for Sale in Faisal Margalla City (FMC) Premium Family Home","propertyGroup":"house","location":"Faisal Margalla City, B-17","neighborhood":"B-17","pricePkr":32000000,"pricePerSqft":28444.44,"pricePerMarla":6400000.0,"areaSqft":1125.0,"beds":3,"baths":5,"url":"https://www.zameen.com/Property/b_17_faisal_margalla_city_5_marla_2550_single-unit_house_for_sale_in_faisal_margalla_city_fmc_premium_family_home-54732477-13424-1.html"}},{"type":"Feature","geometry":{"type":"Point","coordinates":[73.195107,33.534569]},"properties":{"id":"zameen-54767844","source":"Zameen","confidenceScore":100,"confidenceBand":"High","isOutlier":false,"title":"A 5 Marla Brand New desiner Beautifully House for sale","propertyGroup":"house","location":"DHA Defence Phase 5, DHA Defence","neighborhood":"DHA Defence","pricePkr":32000000,"pricePerSqft":28444.44,"pricePerMarla":6400000.0,"areaSqft":1125.0,"beds":4,"baths":5,"url":"https://www.zameen.com/Property/dha_defence_dha_defence_phase_5_a_5_marla_brand_new_desiner_beautifully_house_for_sale-54767844-10991-1.html"}},{"type":"Feature","geometry":{"type":"Point","coordinates":[72.968395,33.649315]},"properties":{"id":"zameen-54817667","source":"Zameen","confidenceScore":100,"confidenceBand":"High","isOutlier":false,"title":"35*70 Plot For Sale In G-13 Islamabad Main Dabl Road","propertyGroup":"plot","location":"G-13/4, G-13","neighborhood":"G-13","pricePkr":64000000,"pricePerSqft":28444.44,"pricePerMarla":6400000.0,"areaSqft":2250.0,"beds":null,"baths":null,"url":"https://www.zameen.com/Property/g_13_g-13_4_35_70_plot_for_sale_in_g-13_islamabad_main_dabl_road-54817667-3340-2.html"}},{"type":"Feature","geometry":{"type":"Point","coordinates":[73.246622,33.6838192]},"properties":{"id":"zameen-54842036","source":"Zameen","confidenceScore":100,"confidenceBand":"High","isOutlier":false,"title":"5 Marla Luxury Designer House A+ Construction. Direct Meeting With Owner.","propertyGroup":"house","location":"Bahria Enclave - Sector H, Bahria Enclave","neighborhood":"Bahria Town","pricePkr":32000000,"pricePerSqft":28444.44,"pricePerMarla":6400000.0,"areaSqft":1125.0,"beds":3,"baths":5,"url":"https://www.zameen.com/Property/bahria_enclave_bahria_enclave_-_sector_h_5_marla_luxury_designer_house_a_construction_direct_meeting_with_owner-54842036-11983-1.html"}},{"type":"Feature","geometry":{"type":"Point","coordinates":[73.246622,33.6838192]},"properties":{"id":"zameen-54842246","source":"Zameen","confidenceScore":100,"confidenceBand":"High","isOutlier":false,"title":"BRAND NEW 5 marla HOUSE FOR SALE BAHRIA ENCLAVE ISLAMABAD","propertyGroup":"house","location":"Bahria Enclave - Sector H, Bahria Enclave","neighborhood":"Bahria Town","pricePkr":32000000,"pricePerSqft":28444.44,"pricePerMarla":6400000.0,"areaSqft":1125.0,"beds":3,"baths":5,"url":"https://www.zameen.com/Property/bahria_enclave_bahria_enclave_-_sector_h_brand_new_5_marla_house_for_sale_bahria_enclave_islamabad-54842246-11983-1.html"}},{"type":"Feature","geometry":{"type":"Point","coordinates":[72.822189,33.68064]},"properties":{"id":"zameen-54842267","source":"Zameen","confidenceScore":100,"confidenceBand":"High","isOutlier":false,"title":"10 MARLA PREMIUM MODERN DESIGN HOUSE @6.40 Cr - CDA SECTOR, B17 ISLAMABAD","propertyGroup":"house","location":"B-17, Islamabad","neighborhood":"B-17","pricePkr":64000000,"pricePerSqft":28444.44,"pricePerMarla":6400000.0,"areaSqft":2250.0,"beds":6,"baths":6,"url":"https://www.zameen.com/Property/islamabad_b-17_10_marla_premium_modern_design_house_6_40_cr_-_cda_sector_b17_islamabad-54842267-616-1.html"}},{"type":"Feature","geometry":{"type":"Point","coordinates":[72.817584,33.694255]},"properties":{"id":"zameen-54373157","source":"Zameen","confidenceScore":100,"confidenceBand":"High","isOutlier":false,"title":"5 Marla House For Sale In The Perfect Location Of Faisal Margalla City","propertyGroup":"house","location":"Faisal Margalla City, B-17","neighborhood":"B-17","pricePkr":31500000,"pricePerSqft":28000.0,"pricePerMarla":6300000.0,"areaSqft":1125.0,"beds":3,"baths":3,"url":"https://www.zameen.com/Property/b_17_faisal_margalla_city_5_marla_house_for_sale_in_the_perfect_location_of_faisal_margalla_city-54373157-13424-1.html"}},{"type":"Feature","geometry":{"type":"Point","coordinates":[72.817584,33.694255]},"properties":{"id":"zameen-54408136","source":"Zameen","confidenceScore":100,"confidenceBand":"High","isOutlier":false,"title":"Buy 5 Marla House At Highly Affordable Price","propertyGroup":"house","location":"Faisal Margalla City, B-17","neighborhood":"B-17","pricePkr":31500000,"pricePerSqft":28000.0,"pricePerMarla":6300000.0,"areaSqft":1125.0,"beds":4,"baths":4,"url":"https://www.zameen.com/Property/b_17_faisal_margalla_city_buy_5_marla_house_at_highly_affordable_price-54408136-13424-1.html"}},{"type":"Feature","geometry":{"type":"Point","coordinates":[73.159344369948,33.570813242989]},"properties":{"id":"zameen-54489293","source":"Zameen","confidenceScore":100,"confidenceBand":"High","isOutlier":false,"title":"CDA APROVED STUDIO 1 BED APARTMENT AVAILABLE FOR SALE IN BHARIA GOLF CITY VIEW","propertyGroup":"apartment","location":"Mall of Imarat, Jinnah Gardens","neighborhood":"FECHS","pricePkr":23800000,"pricePerSqft":28000.0,"pricePerMarla":6300000.0,"areaSqft":850.0,"beds":2,"baths":3,"url":"https://www.zameen.com/Property/jinnah_gardens_mall_of_imarat_cda_aproved_studio_1_bed_apartment_available_for_sale_in_bharia_golf_city_view-54489293-22031-1.html"}},{"type":"Feature","geometry":{"type":"Point","coordinates":[72.816696,33.680211]},"properties":{"id":"zameen-54535359","source":"Zameen","confidenceScore":100,"confidenceBand":"High","isOutlier":false,"title":"5 Marla Double Heighted Designer House For Sale In B-17,Multi Gardens, Islamabad","propertyGroup":"house","location":"MPCHS - Multi Gardens, B-17","neighborhood":"B-17","pricePkr":31500000,"pricePerSqft":28000.0,"pricePerMarla":6300000.0,"areaSqft":1125.0,"beds":4,"baths":5,"url":"https://www.zameen.com/Property/b_17_mpchs_-_multi_gardens_5_marla_double_heighted_designer_house_for_sale_in_b-17_multi_gardens_islamabad-54535359-3115-1.html"}},{"type":"Feature","geometry":{"type":"Point","coordinates":[73.207161,33.600018]},"properties":{"id":"zameen-54615394","source":"Zameen","confidenceScore":100,"confidenceBand":"High","isOutlier":false,"title":"5 Marla House For Sale In Beautiful Gulberg Residencia - Block C","propertyGroup":"house","location":"Gulberg Residencia - Block C, Gulberg Residencia","neighborhood":"Gulberg","pricePkr":31500000,"pricePerSqft":28000.0,"pricePerMarla":6300000.0,"areaSqft":1125.0,"beds":4,"baths":null,"url":"https://www.zameen.com/Property/gulberg_residencia_gulberg_residencia_-_block_c_5_marla_house_for_sale_in_beautiful_gulberg_residencia_-_block_c-54615394-9114-1.html"}},{"type":"Feature","geometry":{"type":"Point","coordinates":[72.86725,33.587954]},"properties":{"id":"zameen-54630478","source":"Zameen","confidenceScore":100,"confidenceBand":"High","isOutlier":false,"title":"10 Marla House In Top City 1 For Sale At Good Location","propertyGroup":"house","location":"Top City 1, Islamabad","neighborhood":"Top City 1","pricePkr":63000000,"pricePerSqft":28000.0,"pricePerMarla":6300000.0,"areaSqft":2250.0,"beds":5,"baths":5,"url":"https://www.zameen.com/Property/islamabad_top_city_1_10_marla_house_in_top_city_1_for_sale_at_good_location-54630478-1383-1.html"}},{"type":"Feature","geometry":{"type":"Point","coordinates":[72.864097,33.573045]},"properties":{"id":"zameen-54675640","source":"Zameen","confidenceScore":100,"confidenceBand":"High","isOutlier":false,"title":"Brand New Designer Corner House For Sale Top City 1","propertyGroup":"house","location":"Top City 1 - Block D, Top City 1","neighborhood":"Top City 1","pricePkr":63000000,"pricePerSqft":28000.0,"pricePerMarla":6300000.0,"areaSqft":2250.0,"beds":5,"baths":5,"url":"https://www.zameen.com/Property/top_city_1_top_city_1_-_block_d_brand_new_designer_corner_house_for_sale_top_city_1-54675640-9233-1.html"}},{"type":"Feature","geometry":{"type":"Point","coordinates":[73.207161,33.600018]},"properties":{"id":"zameen-54843461","source":"Zameen","confidenceScore":100,"confidenceBand":"High","isOutlier":false,"title":"5 Marla Brand New House for Sale in Gulberg Residencia, C Block, Islamabad","propertyGroup":"house","location":"Gulberg Residencia - Block C, Gulberg Residencia","neighborhood":"Gulberg","pricePkr":31500000,"pricePerSqft":28000.0,"pricePerMarla":6300000.0,"areaSqft":1125.0,"beds":3,"baths":4,"url":"https://www.zameen.com/Property/gulberg_residencia_gulberg_residencia_-_block_c_5_marla_brand_new_house_for_sale_in_gulberg_residencia_c_block_islamabad-54843461-9114-1.html"}},{"type":"Feature","geometry":{"type":"Point","coordinates":[73.218813,33.692638]},"properties":{"id":"zameen-54186920","source":"Zameen","confidenceScore":100,"confidenceBand":"High","isOutlier":false,"title":"Designer A Grade 10 Marla House","propertyGroup":"house","location":"Bahria Enclave, Bahria Town","neighborhood":"Bahria Town","pricePkr":62550000,"pricePerSqft":27800.0,"pricePerMarla":6255000.0,"areaSqft":2250.0,"beds":5,"baths":6,"url":"https://www.zameen.com/Property/bahria_town_bahria_enclave_designer_a_grade_10_marla_house-54186920-1705-1.html"}},{"type":"Feature","geometry":{"type":"Point","coordinates":[73.161049,33.524224]},"properties":{"id":"zameen-53788227","source":"Zameen","confidenceScore":100,"confidenceBand":"High","isOutlier":false,"title":"Brand New House Nearby Giga Mall","propertyGroup":"house","location":"DHA Phase 2 - Sector F, DHA Defence Phase 2","neighborhood":"DHA Defence","pricePkr":125000000,"pricePerSqft":27777.78,"pricePerMarla":6250000.0,"areaSqft":4500.0,"beds":6,"baths":6,"url":"https://www.zameen.com/Property/dha_defence_phase_2_dha_phase_2_-_sector_f_brand_new_house_nearby_giga_mall-53788227-3201-1.html"}},{"type":"Feature","geometry":{"type":"Point","coordinates":[73.195107,33.534569]},"properties":{"id":"zameen-54195113","source":"Zameen","confidenceScore":100,"confidenceBand":"High","isOutlier":false,"title":"Reserve A Centrally Located Prime Location House In DHA Defence Phase 5","propertyGroup":"house","location":"DHA Defence Phase 5, DHA Defence","neighborhood":"DHA Defence","pricePkr":62500000,"pricePerSqft":27777.78,"pricePerMarla":6250000.0,"areaSqft":2250.0,"beds":5,"baths":5,"url":"https://www.zameen.com/Property/dha_defence_dha_defence_phase_5_reserve_a_centrally_located_prime_location_house_in_dha_defence_phase_5-54195113-10991-1.html"}},{"type":"Feature","geometry":{"type":"Point","coordinates":[73.1632065,33.5353721]},"properties":{"id":"zameen-54736850","source":"Zameen","confidenceScore":100,"confidenceBand":"High","isOutlier":false,"title":"Swimming Pool 1 Kanal Designer House Ready For Sale In DHA Defence Phase 2 Islamabad","propertyGroup":"house","location":"DHA Defence Phase 2, DHA Defence","neighborhood":"DHA Defence","pricePkr":125000000,"pricePerSqft":27777.78,"pricePerMarla":6250000.0,"areaSqft":4500.0,"beds":5,"baths":6,"url":"https://www.zameen.com/Property/dha_defence_dha_defence_phase_2_swimming_pool_1_kanal_designer_house_ready_for_sale_in_dha_defence_phase_2_islamabad-54736850-339-1.html"}},{"type":"Feature","geometry":{"type":"Point","coordinates":[73.146286,33.533668]},"properties":{"id":"zameen-54808332","source":"Zameen","confidenceScore":100,"confidenceBand":"High","isOutlier":false,"title":"Excellent Triple Unit House On A Very Location Of DHA 2 Islamabad For In A Very Reasonable Price.","propertyGroup":"house","location":"DHA Phase 2 - Sector B, DHA Defence Phase 2","neighborhood":"DHA Defence","pricePkr":125000000,"pricePerSqft":27777.78,"pricePerMarla":6250000.0,"areaSqft":4500.0,"beds":9,"baths":6,"url":"https://www.zameen.com/Property/dha_defence_phase_2_dha_phase_2_-_sector_b_excellent_triple_unit_house_on_a_very_location_of_dha_2_islamabad_for_in_a_very_reasonable_price-54808332-3197-1.html"}},{"type":"Feature","geometry":{"type":"Point","coordinates":[72.817584,33.694255]},"properties":{"id":"zameen-54361937","source":"Zameen","confidenceScore":100,"confidenceBand":"High","isOutlier":false,"title":"Reserve A Centrally Located House Of 5 Marla In Faisal Margalla City","propertyGroup":"house","location":"Faisal Margalla City, B-17","neighborhood":"B-17","pricePkr":31000000,"pricePerSqft":27555.56,"pricePerMarla":6200000.0,"areaSqft":1125.0,"beds":4,"baths":5,"url":"https://www.zameen.com/Property/b_17_faisal_margalla_city_reserve_a_centrally_located_house_of_5_marla_in_faisal_margalla_city-54361937-13424-1.html"}},{"type":"Feature","geometry":{"type":"Point","coordinates":[73.246622,33.6838192]},"properties":{"id":"zameen-54584893","source":"Zameen","confidenceScore":100,"confidenceBand":"High","isOutlier":false,"title":"5 Marla Luxury Modern Design House Available For Sale In Bahria Enclave Islamabad.","propertyGroup":"house","location":"Bahria Enclave - Sector H, Bahria Enclave","neighborhood":"Bahria Town","pricePkr":31000000,"pricePerSqft":27555.56,"pricePerMarla":6200000.0,"areaSqft":1125.0,"beds":3,"baths":5,"url":"https://www.zameen.com/Property/bahria_enclave_bahria_enclave_-_sector_h_5_marla_luxury_modern_design_house_available_for_sale_in_bahria_enclave_islamabad-54584893-11983-1.html"}},{"type":"Feature","geometry":{"type":"Point","coordinates":[73.161392,33.527944]},"properties":{"id":"zameen-54750442","source":"Zameen","confidenceScore":100,"confidenceBand":"High","isOutlier":false,"title":"10 Marla Modern Designer House For Sale In DHA Phase 2 Islamabad","propertyGroup":"house","location":"DHA Defence Phase 2, DHA Defence","neighborhood":"DHA Defence","pricePkr":62000000,"pricePerSqft":27555.56,"pricePerMarla":6200000.0,"areaSqft":2250.0,"beds":5,"baths":6,"url":"https://www.zameen.com/Property/dha_defence_dha_defence_phase_2_10_marla_modern_designer_house_for_sale_in_dha_phase_2_islamabad-54750442-339-1.html"}},{"type":"Feature","geometry":{"type":"Point","coordinates":[73.20397306,33.71642519]},"properties":{"id":"zameen-54555314","source":"Zameen","confidenceScore":100,"confidenceBand":"High","isOutlier":false,"title":"Hill View Apartment Main Downtown D-35 Ozan Height Near To Second Cup Coffee","propertyGroup":"apartment","location":"Park View City - Downtown Block, Park View City","neighborhood":"Park View City","pricePkr":49500000,"pricePerSqft":27500.0,"pricePerMarla":6187500.0,"areaSqft":1800.0,"beds":2,"baths":3,"url":"https://www.zameen.com/Property/park_view_city_park_view_city_-_downtown_block_hill_view_apartment_main_downtown_d-35_ozan_height_near_to_second_cup_coffee-54555314-20871-1.html"}},{"type":"Feature","geometry":{"type":"Point","coordinates":[73.161392,33.527944]},"properties":{"id":"zameen-52366199","source":"Zameen","confidenceScore":100,"confidenceBand":"High","isOutlier":false,"title":"1 Kanal Aesthetically Designed House For Sale In DHA I_R","propertyGroup":"house","location":"DHA Defence Phase 2, DHA Defence","neighborhood":"DHA Defence","pricePkr":123000000,"pricePerSqft":27333.33,"pricePerMarla":6150000.0,"areaSqft":4500.0,"beds":5,"baths":6,"url":"https://www.zameen.com/Property/dha_defence_dha_defence_phase_2_1_kanal_aesthetically_designed_house_for_sale_in_dha_i_r-52366199-339-1.html"}},{"type":"Feature","geometry":{"type":"Point","coordinates":[72.966199,33.689282]},"properties":{"id":"zameen-54843017","source":"Zameen","confidenceScore":100,"confidenceBand":"High","isOutlier":false,"title":"Get In Touch Now To Buy A Residential Plot In E-12/4 Islamabad","propertyGroup":"plot","location":"E-12/4, E-12","neighborhood":"E-12","pricePkr":55000000,"pricePerSqft":27160.49,"pricePerMarla":6111111.11,"areaSqft":2025.0,"beds":null,"baths":null,"url":"https://www.zameen.com/Property/e_12_e-12_4_get_in_touch_now_to_buy_a_residential_plot_in_e-12_4_islamabad-54843017-8180-2.html"}},{"type":"Feature","geometry":{"type":"Point","coordinates":[72.86725,33.587954]},"properties":{"id":"zameen-54416158","source":"Zameen","confidenceScore":100,"confidenceBand":"High","isOutlier":false,"title":"10 Marla House In Top City 1 Is Available For Sale","propertyGroup":"house","location":"Top City 1, Islamabad","neighborhood":"Top City 1","pricePkr":61000000,"pricePerSqft":27111.11,"pricePerMarla":6100000.0,"areaSqft":2250.0,"beds":5,"baths":5,"url":"https://www.zameen.com/Property/islamabad_top_city_1_10_marla_house_in_top_city_1_is_available_for_sale-54416158-1383-1.html"}},{"type":"Feature","geometry":{"type":"Point","coordinates":[72.836585,33.681237]},"properties":{"id":"zameen-54759216","source":"Zameen","confidenceScore":100,"confidenceBand":"High","isOutlier":false,"title":"10 Marla Dream Designer House For Sale | Prime Location B-17 Islamabad","propertyGroup":"house","location":"B-17, Islamabad","neighborhood":"B-17","pricePkr":61000000,"pricePerSqft":27111.11,"pricePerMarla":6100000.0,"areaSqft":2250.0,"beds":5,"baths":6,"url":"https://www.zameen.com/Property/islamabad_b-17_10_marla_dream_designer_house_for_sale_prime_location_b-17_islamabad-54759216-616-1.html"}},{"type":"Feature","geometry":{"type":"Point","coordinates":[73.21224552,33.7170287]},"properties":{"id":"zameen-51336484","source":"Zameen","confidenceScore":100,"confidenceBand":"High","isOutlier":false,"title":"5 MARLA HOUSE FOR SALE IN H BLOCK PARK VIEW CITY","propertyGroup":"house","location":"Park View - Block H, Park View City","neighborhood":"Park View City","pricePkr":30000000,"pricePerSqft":26666.67,"pricePerMarla":6000000.0,"areaSqft":1125.0,"beds":4,"baths":3,"url":"https://www.zameen.com/Property/park_view_city_park_view_-_block_h_5_marla_house_for_sale_in_h_block_park_view_city-51336484-16868-1.html"}},{"type":"Feature","geometry":{"type":"Point","coordinates":[73.246622,33.6838192]},"properties":{"id":"zameen-52738782","source":"Zameen","confidenceScore":100,"confidenceBand":"High","isOutlier":false,"title":"5 Marla Modern Design House Available For Sale Most Populated Sector In Bahria Enclave Islamabad","propertyGroup":"house","location":"Bahria Enclave - Sector H, Bahria Enclave","neighborhood":"Bahria Town","pricePkr":30000000,"pricePerSqft":26666.67,"pricePerMarla":6000000.0,"areaSqft":1125.0,"beds":3,"baths":5,"url":"https://www.zameen.com/Property/bahria_enclave_bahria_enclave_-_sector_h_5_marla_modern_design_house_available_for_sale_most_populated_sector_in_bahria_enclave_islamabad-52738782-11983-1.html"}},{"type":"Feature","geometry":{"type":"Point","coordinates":[73.161392,33.527944]},"properties":{"id":"zameen-52911426","source":"Zameen","confidenceScore":100,"confidenceBand":"High","isOutlier":false,"title":"Dha2 1.5 Kanal Brand New Luxurious Designer Full Furnished House","propertyGroup":"house","location":"DHA Defence Phase 2, DHA Defence","neighborhood":"DHA Defence","pricePkr":180000000,"pricePerSqft":26666.67,"pricePerMarla":6000000.0,"areaSqft":6750.0,"beds":6,"baths":6,"url":"https://www.zameen.com/Property/dha_defence_dha_defence_phase_2_dha2_1_5_kanal_brand_new_luxurious_designer_full_furnished_house-52911426-339-1.html"}},{"type":"Feature","geometry":{"type":"Point","coordinates":[73.2184277,33.5319337]},"properties":{"id":"zameen-53500972","source":"Zameen","confidenceScore":100,"confidenceBand":"High","isOutlier":false,"title":"10 Marla Elegant Newly Build House For Sale In DHA 5","propertyGroup":"house","location":"DHA Phase 5 - Sector J, DHA Defence Phase 5","neighborhood":"DHA Defence","pricePkr":60000000,"pricePerSqft":26666.67,"pricePerMarla":6000000.0,"areaSqft":2250.0,"beds":4,"baths":6,"url":"https://www.zameen.com/Property/dha_defence_phase_5_dha_phase_5_-_sector_j_10_marla_elegant_newly_build_house_for_sale_in_dha_5-53500972-17389-1.html"}},{"type":"Feature","geometry":{"type":"Point","coordinates":[72.86154199,33.57976918]},"properties":{"id":"zameen-54244639","source":"Zameen","confidenceScore":100,"confidenceBand":"High","isOutlier":false,"title":"A 10 Marla House Has Landed On Market In Top City 1 - Block A Of Islamabad","propertyGroup":"house","location":"Top City 1 - Block A, Top City 1","neighborhood":"Top City 1","pricePkr":60000000,"pricePerSqft":26666.67,"pricePerMarla":6000000.0,"areaSqft":2250.0,"beds":5,"baths":6,"url":"https://www.zameen.com/Property/top_city_1_top_city_1_-_block_a_a_10_marla_house_has_landed_on_market_in_top_city_1_-_block_a_of_islamabad-54244639-9231-1.html"}},{"type":"Feature","geometry":{"type":"Point","coordinates":[72.817584,33.694255]},"properties":{"id":"zameen-54568437","source":"Zameen","confidenceScore":100,"confidenceBand":"High","isOutlier":false,"title":"Elegant 5 Marla Double Storey House Near Park & Mosque FMC B-17 Islamabad","propertyGroup":"house","location":"Faisal Margalla City, B-17","neighborhood":"B-17","pricePkr":30000000,"pricePerSqft":26666.67,"pricePerMarla":6000000.0,"areaSqft":1125.0,"beds":4,"baths":5,"url":"https://www.zameen.com/Property/b_17_faisal_margalla_city_elegant_5_marla_double_storey_house_near_park_mosque_fmc_b-17_islamabad-54568437-13424-1.html"}},{"type":"Feature","geometry":{"type":"Point","coordinates":[73.161392,33.527944]},"properties":{"id":"zameen-54581235","source":"Zameen","confidenceScore":100,"confidenceBand":"High","isOutlier":false,"title":"A Stunning 1 Kanal Brand New Single Unit Luxury Residence Is Available For Sale At A Prime And Highly Desirable Location In DHA-2 Islamabad.","propertyGroup":"house","location":"DHA Defence Phase 2, DHA Defence","neighborhood":"DHA Defence","pricePkr":120000000,"pricePerSqft":26666.67,"pricePerMarla":6000000.0,"areaSqft":4500.0,"beds":5,"baths":5,"url":"https://www.zameen.com/Property/dha_defence_dha_defence_phase_2_a_stunning_1_kanal_brand_new_single_unit_luxury_residence_is_available_for_sale_at_a_prime_and_highly_desirable_location_in_dha-2_islamabad-54581235-339-1.html"}},{"type":"Feature","geometry":{"type":"Point","coordinates":[72.86154199,33.57976918]},"properties":{"id":"zameen-54591884","source":"Zameen","confidenceScore":100,"confidenceBand":"High","isOutlier":false,"title":"House Of 10 Marla For Sale In Top City 1 - Block A","propertyGroup":"house","location":"Top City 1 - Block A, Top City 1","neighborhood":"Top City 1","pricePkr":60000000,"pricePerSqft":26666.67,"pricePerMarla":6000000.0,"areaSqft":2250.0,"beds":6,"baths":6,"url":"https://www.zameen.com/Property/top_city_1_top_city_1_-_block_a_house_of_10_marla_for_sale_in_top_city_1_-_block_a-54591884-9231-1.html"}},{"type":"Feature","geometry":{"type":"Point","coordinates":[73.195107,33.534569]},"properties":{"id":"zameen-54603175","source":"Zameen","confidenceScore":100,"confidenceBand":"High","isOutlier":false,"title":"Luxury 5-Bed Designer House | DHA Phase 5","propertyGroup":"house","location":"DHA Defence Phase 5, DHA Defence","neighborhood":"DHA Defence","pricePkr":60000000,"pricePerSqft":26666.67,"pricePerMarla":6000000.0,"areaSqft":2250.0,"beds":null,"baths":null,"url":"https://www.zameen.com/Property/dha_defence_dha_defence_phase_5_luxury_5-bed_designer_house_dha_phase_5-54603175-10991-1.html"}},{"type":"Feature","geometry":{"type":"Point","coordinates":[72.87230719,33.60942315]},"properties":{"id":"zameen-54711691","source":"Zameen","confidenceScore":100,"confidenceBand":"High","isOutlier":false,"title":"DOUBLE HEIGHTED 05 MARLA HOUSE AVAILABLE FOR SALE","propertyGroup":"house","location":"Faisal Town - F-18, Islamabad","neighborhood":"Faisal Town - F-18","pricePkr":30000000,"pricePerSqft":26666.67,"pricePerMarla":6000000.0,"areaSqft":1125.0,"beds":5,"baths":5,"url":"https://www.zameen.com/Property/islamabad_faisal_town_-_f-18_double_heighted_05_marla_house_available_for_sale-54711691-8260-1.html"}},{"type":"Feature","geometry":{"type":"Point","coordinates":[73.223042,33.685529]},"properties":{"id":"zameen-54726496","source":"Zameen","confidenceScore":100,"confidenceBand":"High","isOutlier":false,"title":"Brand New Designer House For Sale In Sector C-1 A+ Construction 10Kva Solar Best House In bahria Enclave Islamabad","propertyGroup":"house","location":"Bahria Enclave - Sector C1, Bahria Enclave","neighborhood":"Bahria Town","pricePkr":60000000,"pricePerSqft":26666.67,"pricePerMarla":6000000.0,"areaSqft":2250.0,"beds":5,"baths":6,"url":"https://www.zameen.com/Property/bahria_enclave_bahria_enclave_-_sector_c1_brand_new_designer_house_for_sale_in_sector_c-1_a_construction_10kva_solar_best_house_in_bahria_enclave_islamabad-54726496-11987-1.html"}},{"type":"Feature","geometry":{"type":"Point","coordinates":[73.22304198,33.68552911]},"properties":{"id":"zameen-54748826","source":"Zameen","confidenceScore":100,"confidenceBand":"High","isOutlier":false,"title":"Sector C1 10 Marla Brand New House For Sale | Bahria Enclave, Islamabad","propertyGroup":"house","location":"Bahria Enclave - Sector C1, Bahria Enclave","neighborhood":"Bahria Town","pricePkr":60000000,"pricePerSqft":26666.67,"pricePerMarla":6000000.0,"areaSqft":2250.0,"beds":6,"baths":6,"url":"https://www.zameen.com/Property/bahria_enclave_bahria_enclave_-_sector_c1_sector_c1_10_marla_brand_new_house_for_sale_bahria_enclave_islamabad-54748826-11987-1.html"}},{"type":"Feature","geometry":{"type":"Point","coordinates":[73.195107,33.534569]},"properties":{"id":"zameen-54767884","source":"Zameen","confidenceScore":100,"confidenceBand":"High","isOutlier":false,"title":"A Brand New Desiner 10 Marla House Available For Sale","propertyGroup":"house","location":"DHA Defence Phase 5, DHA Defence","neighborhood":"DHA Defence","pricePkr":60000000,"pricePerSqft":26666.67,"pricePerMarla":6000000.0,"areaSqft":2250.0,"beds":5,"baths":6,"url":"https://www.zameen.com/Property/dha_defence_dha_defence_phase_5_a_brand_new_desiner_10_marla_house_available_for_sale-54767884-10991-1.html"}},{"type":"Feature","geometry":{"type":"Point","coordinates":[73.161392,33.527944]},"properties":{"id":"zameen-54819962","source":"Zameen","confidenceScore":100,"confidenceBand":"High","isOutlier":false,"title":"DHA 2 Islmabad Kanal Brand New House","propertyGroup":"house","location":"DHA Defence Phase 2, DHA Defence","neighborhood":"DHA Defence","pricePkr":120000000,"pricePerSqft":26666.67,"pricePerMarla":6000000.0,"areaSqft":4500.0,"beds":6,"baths":6,"url":"https://www.zameen.com/Property/dha_defence_dha_defence_phase_2_dha_2_islmabad_kanal_brand_new_house-54819962-339-1.html"}},{"type":"Feature","geometry":{"type":"Point","coordinates":[73.195107,33.534569]},"properties":{"id":"zameen-54822518","source":"Zameen","confidenceScore":100,"confidenceBand":"High","isOutlier":false,"title":"Brand New Designer House for Sale","propertyGroup":"house","location":"DHA Defence Phase 5, DHA Defence","neighborhood":"DHA Defence","pricePkr":60000000,"pricePerSqft":26666.67,"pricePerMarla":6000000.0,"areaSqft":2250.0,"beds":5,"baths":6,"url":"https://www.zameen.com/Property/dha_defence_dha_defence_phase_5_brand_new_designer_house_for_sale-54822518-10991-1.html"}},{"type":"Feature","geometry":{"type":"Point","coordinates":[73.152981,33.526227]},"properties":{"id":"zameen-54843081","source":"Zameen","confidenceScore":100,"confidenceBand":"High","isOutlier":false,"title":"DHA 2 SECTOR C BRAND NEW DESIGNER HOUSE","propertyGroup":"house","location":"DHA Phase 2 - Sector C, DHA Defence Phase 2","neighborhood":"DHA Defence","pricePkr":120000000,"pricePerSqft":26666.67,"pricePerMarla":6000000.0,"areaSqft":4500.0,"beds":6,"baths":6,"url":"https://www.zameen.com/Property/dha_defence_phase_2_dha_phase_2_-_sector_c_dha_2_sector_c_brand_new_designer_house-54843081-3198-1.html"}},{"type":"Feature","geometry":{"type":"Point","coordinates":[73.161392,33.527944]},"properties":{"id":"zameen-54001021","source":"Zameen","confidenceScore":100,"confidenceBand":"High","isOutlier":false,"title":"Ultra Luxurious Corner House For Sale At DHA Phase II , Islamabad","propertyGroup":"house","location":"DHA Defence Phase 2, DHA Defence","neighborhood":"DHA Defence","pricePkr":119500000,"pricePerSqft":26555.56,"pricePerMarla":5975000.0,"areaSqft":4500.0,"beds":5,"baths":7,"url":"https://www.zameen.com/Property/dha_defence_dha_defence_phase_2_ultra_luxurious_corner_house_for_sale_at_dha_phase_ii_islamabad-54001021-339-1.html"}},{"type":"Feature","geometry":{"type":"Point","coordinates":[73.161392,33.527944]},"properties":{"id":"zameen-52366687","source":"Zameen","confidenceScore":100,"confidenceBand":"High","isOutlier":false,"title":"Ultra Modern Architecture + Quality Mansion At Prime Location Of Dha2 House For Sale","propertyGroup":"house","location":"DHA Defence Phase 2, DHA Defence","neighborhood":"DHA Defence","pricePkr":119000000,"pricePerSqft":26444.44,"pricePerMarla":5950000.0,"areaSqft":4500.0,"beds":5,"baths":6,"url":"https://www.zameen.com/Property/dha_defence_dha_defence_phase_2_ultra_modern_architecture_quality_mansion_at_prime_location_of_dha2_house_for_sale-52366687-339-1.html"}},{"type":"Feature","geometry":{"type":"Point","coordinates":[73.161392,33.527944]},"properties":{"id":"zameen-52491800","source":"Zameen","confidenceScore":100,"confidenceBand":"High","isOutlier":false,"title":"Dha2 One Kanal Owner Built Designer House","propertyGroup":"house","location":"DHA Defence Phase 2, DHA Defence","neighborhood":"DHA Defence","pricePkr":119000000,"pricePerSqft":26444.44,"pricePerMarla":5950000.0,"areaSqft":4500.0,"beds":5,"baths":6,"url":"https://www.zameen.com/Property/dha_defence_dha_defence_phase_2_dha2_one_kanal_owner_built_designer_house-52491800-339-1.html"}},{"type":"Feature","geometry":{"type":"Point","coordinates":[73.161392,33.527944]},"properties":{"id":"zameen-53136515","source":"Zameen","confidenceScore":100,"confidenceBand":"High","isOutlier":false,"title":"1 Kanal Brand New Designer House For Sale","propertyGroup":"house","location":"DHA Defence Phase 2, DHA Defence","neighborhood":"DHA Defence","pricePkr":119000000,"pricePerSqft":26444.44,"pricePerMarla":5950000.0,"areaSqft":4500.0,"beds":6,"baths":6,"url":"https://www.zameen.com/Property/dha_defence_dha_defence_phase_2_1_kanal_brand_new_designer_house_for_sale-53136515-339-1.html"}},{"type":"Feature","geometry":{"type":"Point","coordinates":[73.161392,33.527944]},"properties":{"id":"zameen-53157775","source":"Zameen","confidenceScore":100,"confidenceBand":"High","isOutlier":false,"title":"DHA 2 One Kanal Luxurious House With Swimming Pool","propertyGroup":"house","location":"DHA Defence Phase 2, DHA Defence","neighborhood":"DHA Defence","pricePkr":119000000,"pricePerSqft":26444.44,"pricePerMarla":5950000.0,"areaSqft":4500.0,"beds":5,"baths":6,"url":"https://www.zameen.com/Property/dha_defence_dha_defence_phase_2_dha_2_one_kanal_luxurious_house_with_swimming_pool-53157775-339-1.html"}},{"type":"Feature","geometry":{"type":"Point","coordinates":[73.161392,33.527944]},"properties":{"id":"zameen-54793832","source":"Zameen","confidenceScore":100,"confidenceBand":"High","isOutlier":false,"title":"1 Kanal Luxury House Most Beautiful Prime Location Available For Sale In DHA Phase 2 Islamabad","propertyGroup":"house","location":"DHA Defence Phase 2, DHA Defence","neighborhood":"DHA Defence","pricePkr":119000000,"pricePerSqft":26444.44,"pricePerMarla":5950000.0,"areaSqft":4500.0,"beds":6,"baths":6,"url":"https://www.zameen.com/Property/dha_defence_dha_defence_phase_2_1_kanal_luxury_house_most_beautiful_prime_location_available_for_sale_in_dha_phase_2_islamabad-54793832-339-1.html"}},{"type":"Feature","geometry":{"type":"Point","coordinates":[73.246622,33.6838192]},"properties":{"id":"zameen-54417767","source":"Zameen","confidenceScore":100,"confidenceBand":"High","isOutlier":false,"title":"5 Marla Owner Built Brand New House Available For Sale Most populated Sector in Bahria Enclave!!","propertyGroup":"house","location":"Bahria Enclave - Sector H, Bahria Enclave","neighborhood":"Bahria Town","pricePkr":29500000,"pricePerSqft":26222.22,"pricePerMarla":5900000.0,"areaSqft":1125.0,"beds":3,"baths":4,"url":"https://www.zameen.com/Property/bahria_enclave_bahria_enclave_-_sector_h_5_marla_owner_built_brand_new_house_available_for_sale_most_populated_sector_in_bahria_enclave-54417767-11983-1.html"}},{"type":"Feature","geometry":{"type":"Point","coordinates":[73.246622,33.6838192]},"properties":{"id":"zameen-54445458","source":"Zameen","confidenceScore":100,"confidenceBand":"High","isOutlier":false,"title":"5 Marla House For Sale In Bahria Enclave, Islamabad","propertyGroup":"house","location":"Bahria Enclave - Sector H, Bahria Enclave","neighborhood":"Bahria Town","pricePkr":29500000,"pricePerSqft":26222.22,"pricePerMarla":5900000.0,"areaSqft":1125.0,"beds":3,"baths":3,"url":"https://www.zameen.com/Property/bahria_enclave_bahria_enclave_-_sector_h_5_marla_house_for_sale_in_bahria_enclave_islamabad-54445458-11983-1.html"}},{"type":"Feature","geometry":{"type":"Point","coordinates":[73.24194062,33.69065954]},"properties":{"id":"zameen-54699394","source":"Zameen","confidenceScore":100,"confidenceBand":"High","isOutlier":false,"title":"5 Marla Luxury Modern House Available For Sale In Bahria Enclave Islamabad","propertyGroup":"house","location":"Bahria Enclave - Sector N, Bahria Enclave","neighborhood":"Bahria Town","pricePkr":29500000,"pricePerSqft":26222.22,"pricePerMarla":5900000.0,"areaSqft":1125.0,"beds":3,"baths":5,"url":"https://www.zameen.com/Property/bahria_enclave_bahria_enclave_-_sector_n_5_marla_luxury_modern_house_available_for_sale_in_bahria_enclave_islamabad-54699394-11975-1.html"}},{"type":"Feature","geometry":{"type":"Point","coordinates":[73.195107,33.534569]},"properties":{"id":"zameen-54843009","source":"Zameen","confidenceScore":100,"confidenceBand":"High","isOutlier":false,"title":"Beautiful 10 Marla House for Sale Prime Location A beautifully designed and well-maintained 10 Marla House is available for sale in a prime and highly desirable location. This elegant property offers a perfect combination of modern architecture, spacio","propertyGroup":"house","location":"DHA Defence Phase 5, DHA Defence","neighborhood":"DHA Defence","pricePkr":59000000,"pricePerSqft":26222.22,"pricePerMarla":5900000.0,"areaSqft":2250.0,"beds":5,"baths":6,"url":"https://www.zameen.com/Property/dha_defence_dha_defence_phase_5_beautiful_10_marla_house_for_sale_prime_location_a_beautifully_designed_and_well-maintained_10_marla_house_is_available_for_sale_in_a_prime_and_highly_desirable_location_this_elegant_property_offers_a_perfect_combination_of_modern_architecture_spacio-54843009-10991-1.html"}},{"type":"Feature","geometry":{"type":"Point","coordinates":[73.161392,33.527944]},"properties":{"id":"zameen-54013568","source":"Zameen","confidenceScore":100,"confidenceBand":"High","isOutlier":false,"title":"1 Kanal Modern Luxurious House For Sale at DHA 2","propertyGroup":"house","location":"DHA Defence Phase 2, DHA Defence","neighborhood":"DHA Defence","pricePkr":117500000,"pricePerSqft":26111.11,"pricePerMarla":5875000.0,"areaSqft":4500.0,"beds":5,"baths":7,"url":"https://www.zameen.com/Property/dha_defence_dha_defence_phase_2_1_kanal_modern_luxurious_house_for_sale_at_dha_2-54013568-339-1.html"}},{"type":"Feature","geometry":{"type":"Point","coordinates":[72.86725,33.587954]},"properties":{"id":"zameen-54426450","source":"Zameen","confidenceScore":100,"confidenceBand":"High","isOutlier":false,"title":"Premiun Designer House Available For Sale","propertyGroup":"house","location":"Top City 1, Islamabad","neighborhood":"Top City 1","pricePkr":117500000,"pricePerSqft":26111.11,"pricePerMarla":5875000.0,"areaSqft":4500.0,"beds":7,"baths":6,"url":"https://www.zameen.com/Property/islamabad_top_city_1_premiun_designer_house_available_for_sale-54426450-1383-1.html"}},{"type":"Feature","geometry":{"type":"Point","coordinates":[73.161392,33.527944]},"properties":{"id":"zameen-54832693","source":"Zameen","confidenceScore":100,"confidenceBand":"High","isOutlier":false,"title":"Ultra Luxurious House for Sale In DHA Defence Phase 2 Available","propertyGroup":"house","location":"DHA Defence Phase 2, DHA Defence","neighborhood":"DHA Defence","pricePkr":117500000,"pricePerSqft":26111.11,"pricePerMarla":5875000.0,"areaSqft":4500.0,"beds":5,"baths":7,"url":"https://www.zameen.com/Property/dha_defence_dha_defence_phase_2_ultra_luxurious_house_for_sale_in_dha_defence_phase_2_available-54832693-339-1.html"}},{"type":"Feature","geometry":{"type":"Point","coordinates":[72.86725,33.587954]},"properties":{"id":"zameen-54830572","source":"Zameen","confidenceScore":100,"confidenceBand":"High","isOutlier":false,"title":"10 Marla Brand New House Available For Sale In Top City 1 Islamabad Near to New International Airport Islamabad","propertyGroup":"house","location":"Top City 1, Islamabad","neighborhood":"Top City 1","pricePkr":58500000,"pricePerSqft":26000.0,"pricePerMarla":5850000.0,"areaSqft":2250.0,"beds":5,"baths":6,"url":"https://www.zameen.com/Property/islamabad_top_city_1_10_marla_brand_new_house_available_for_sale_in_top_city_1_islamabad_near_to_new_international_airport_islamabad-54830572-1383-1.html"}},{"type":"Feature","geometry":{"type":"Point","coordinates":[73.215615,33.695973]},"properties":{"id":"zameen-54839233","source":"Zameen","confidenceScore":100,"confidenceBand":"High","isOutlier":false,"title":"10 MARLA HOUSE FOR SALE IN BAHRIA ENCLAVE ISLAMABAD SECTOR A","propertyGroup":"house","location":"Bahria Enclave - Sector A, Bahria Enclave","neighborhood":"Bahria Town","pricePkr":58500000,"pricePerSqft":26000.0,"pricePerMarla":5850000.0,"areaSqft":2250.0,"beds":5,"baths":6,"url":"https://www.zameen.com/Property/bahria_enclave_bahria_enclave_-_sector_a_10_marla_house_for_sale_in_bahria_enclave_islamabad_sector_a-54839233-11970-1.html"}},{"type":"Feature","geometry":{"type":"Point","coordinates":[73.161392,33.527944]},"properties":{"id":"zameen-54836377","source":"Zameen","confidenceScore":100,"confidenceBand":"High","isOutlier":false,"title":"THE GROOVE RESIDENCE 6600Sqft Luxury Designer Residence | DHA Phase II Only 600m From Giga Mall","propertyGroup":"house","location":"DHA Defence Phase 2, DHA Defence","neighborhood":"DHA Defence","pricePkr":175000000,"pricePerSqft":25925.93,"pricePerMarla":5833333.33,"areaSqft":6750.0,"beds":5,"baths":5,"url":"https://www.zameen.com/Property/dha_defence_dha_defence_phase_2_the_groove_residence_6600sqft_luxury_designer_residence_dha_phase_ii_only_600m_from_giga_mall-54836377-339-1.html"}},{"type":"Feature","geometry":{"type":"Point","coordinates":[72.815123,33.685511]},"properties":{"id":"zameen-53438631","source":"Zameen","confidenceScore":100,"confidenceBand":"High","isOutlier":false,"title":"5 Marla Luxury House Available For Sale In C-1 Block B-17 Islamabad.","propertyGroup":"house","location":"MPCHS - Block C1, MPCHS - Multi Gardens","neighborhood":"B-17","pricePkr":29000000,"pricePerSqft":25777.78,"pricePerMarla":5800000.0,"areaSqft":1125.0,"beds":4,"baths":4,"url":"https://www.zameen.com/Property/mpchs_multi_gardens_mpchs_-_block_c1_5_marla_luxury_house_available_for_sale_in_c-1_block_b-17_islamabad-53438631-12607-1.html"}},{"type":"Feature","geometry":{"type":"Point","coordinates":[73.215615,33.695973]},"properties":{"id":"zameen-53485127","source":"Zameen","confidenceScore":100,"confidenceBand":"High","isOutlier":false,"title":"10 Marla Beautiful Design House Available For Sale","propertyGroup":"house","location":"Bahria Enclave - Sector A, Bahria Enclave","neighborhood":"Bahria Town","pricePkr":58000000,"pricePerSqft":25777.78,"pricePerMarla":5800000.0,"areaSqft":2250.0,"beds":5,"baths":6,"url":"https://www.zameen.com/Property/bahria_enclave_bahria_enclave_-_sector_a_10_marla_beautiful_design_house_available_for_sale-53485127-11970-1.html"}},{"type":"Feature","geometry":{"type":"Point","coordinates":[73.24194062,33.69065954]},"properties":{"id":"zameen-54636020","source":"Zameen","confidenceScore":100,"confidenceBand":"High","isOutlier":false,"title":"Ideal House For Sale In Bahria Enclave - Sector N","propertyGroup":"house","location":"Bahria Enclave - Sector N, Bahria Enclave","neighborhood":"Bahria Town","pricePkr":29000000,"pricePerSqft":25777.78,"pricePerMarla":5800000.0,"areaSqft":1125.0,"beds":3,"baths":3,"url":"https://www.zameen.com/Property/bahria_enclave_bahria_enclave_-_sector_n_ideal_house_for_sale_in_bahria_enclave_-_sector_n-54636020-11975-1.html"}},{"type":"Feature","geometry":{"type":"Point","coordinates":[72.8783754,33.6103434]},"properties":{"id":"zameen-54642554","source":"Zameen","confidenceScore":100,"confidenceBand":"High","isOutlier":false,"title":"25*50 Brand New Double Storey House For Sale In Faisal Town Phase 1","propertyGroup":"house","location":"Faisal Town Phase 1 - Block C, Faisal Town Phase 1","neighborhood":"Faisal Town - F-18","pricePkr":29000000,"pricePerSqft":25777.78,"pricePerMarla":5800000.0,"areaSqft":1125.0,"beds":4,"baths":5,"url":"https://www.zameen.com/Property/faisal_town_phase_1_faisal_town_phase_1_-_block_c_25_50_brand_new_double_storey_house_for_sale_in_faisal_town_phase_1-54642554-16418-1.html"}},{"type":"Feature","geometry":{"type":"Point","coordinates":[73.25304837,33.68051678]},"properties":{"id":"zameen-54650912","source":"Zameen","confidenceScore":100,"confidenceBand":"High","isOutlier":false,"title":"5 Marla House Available For Sale In Bahria Enclave Islamabad","propertyGroup":"house","location":"Bahria Enclave - Sector I, Bahria Enclave","neighborhood":"Bahria Town","pricePkr":29000000,"pricePerSqft":25777.78,"pricePerMarla":5800000.0,"areaSqft":1125.0,"beds":3,"baths":4,"url":"https://www.zameen.com/Property/bahria_enclave_bahria_enclave_-_sector_i_5_marla_house_available_for_sale_in_bahria_enclave_islamabad-54650912-11982-1.html"}},{"type":"Feature","geometry":{"type":"Point","coordinates":[73.215615,33.695973]},"properties":{"id":"zameen-54740612","source":"Zameen","confidenceScore":100,"confidenceBand":"High","isOutlier":false,"title":"10 Marla Double Height Luxury House For Sale In Sector A Bahria Enclave Islamabad | Sui Gas | A+ Construction","propertyGroup":"house","location":"Bahria Enclave - Sector A, Bahria Enclave","neighborhood":"Bahria Town","pricePkr":58000000,"pricePerSqft":25777.78,"pricePerMarla":5800000.0,"areaSqft":2250.0,"beds":5,"baths":7,"url":"https://www.zameen.com/Property/bahria_enclave_bahria_enclave_-_sector_a_10_marla_double_height_luxury_house_for_sale_in_sector_a_bahria_enclave_islamabad_sui_gas_a_construction-54740612-11970-1.html"}},{"type":"Feature","geometry":{"type":"Point","coordinates":[72.882563366113,33.666647993004]},"properties":{"id":"zameen-54744057","source":"Zameen","confidenceScore":100,"confidenceBand":"High","isOutlier":false,"title":"5 Marla House for Sale in Sector B-17 Islamabad","propertyGroup":"house","location":"B-17, Islamabad","neighborhood":"B-17","pricePkr":29000000,"pricePerSqft":25777.78,"pricePerMarla":5800000.0,"areaSqft":1125.0,"beds":6,"baths":5,"url":"https://www.zameen.com/Property/islamabad_b-17_5_marla_house_for_sale_in_sector_b-17_islamabad-54744057-616-1.html"}},{"type":"Feature","geometry":{"type":"Point","coordinates":[72.967386,33.609902]},"properties":{"id":"zameen-54812944","source":"Zameen","confidenceScore":100,"confidenceBand":"High","isOutlier":false,"title":"Beautiful 5Bed Brand New Double Unit House Available For Sale Prime Location I/14.","propertyGroup":"house","location":"I-14, Islamabad","neighborhood":"I-14","pricePkr":29000000,"pricePerSqft":25777.78,"pricePerMarla":5800000.0,"areaSqft":1125.0,"beds":5,"baths":6,"url":"https://www.zameen.com/Property/islamabad_i-14_beautiful_5bed_brand_new_double_unit_house_available_for_sale_prime_location_i_14-54812944-1045-1.html"}},{"type":"Feature","geometry":{"type":"Point","coordinates":[73.174596,33.572008]},"properties":{"id":"zameen-54820220","source":"Zameen","confidenceScore":100,"confidenceBand":"High","isOutlier":false,"title":"5 Marla LOP Double Storey House For Sale In Jinah Garden Islamabad","propertyGroup":"house","location":"Jinnah Gardens Phase 1, Jinnah Gardens","neighborhood":"FECHS","pricePkr":29000000,"pricePerSqft":25777.78,"pricePerMarla":5800000.0,"areaSqft":1125.0,"beds":4,"baths":5,"url":"https://www.zameen.com/Property/jinnah_gardens_jinnah_gardens_phase_1_5_marla_lop_double_storey_house_for_sale_in_jinah_garden_islamabad-54820220-1421-1.html"}},{"type":"Feature","geometry":{"type":"Point","coordinates":[72.79061858,33.71127145]},"properties":{"id":"zameen-54836636","source":"Zameen","confidenceScore":100,"confidenceBand":"High","isOutlier":false,"title":"An excellent location (owner built with AAA quality construction) 5 marla triple storey house for sale in Block A, Faisal Hills, Islamabad.","propertyGroup":"house","location":"Faisal Hills - Block A, Faisal Hills","neighborhood":"Faisal Hills","pricePkr":29000000,"pricePerSqft":25777.78,"pricePerMarla":5800000.0,"areaSqft":1125.0,"beds":null,"baths":null,"url":"https://www.zameen.com/Property/faisal_hills_faisal_hills_-_block_a_an_excellent_location_owner_built_with_aaa_quality_construction_5_marla_triple_storey_house_for_sale_in_block_a_faisal_hills_islamabad-54836636-12655-1.html"}},{"type":"Feature","geometry":{"type":"Point","coordinates":[73.215615,33.695973]},"properties":{"id":"zameen-54837650","source":"Zameen","confidenceScore":100,"confidenceBand":"High","isOutlier":false,"title":"10 Marla Designer House Available For Sale In Bahria Enclave Islamabad.","propertyGroup":"house","location":"Bahria Enclave - Sector A, Bahria Enclave","neighborhood":"Bahria Town","pricePkr":58000000,"pricePerSqft":25777.78,"pricePerMarla":5800000.0,"areaSqft":2250.0,"beds":5,"baths":6,"url":"https://www.zameen.com/Property/bahria_enclave_bahria_enclave_-_sector_a_10_marla_designer_house_available_for_sale_in_bahria_enclave_islamabad-54837650-11970-1.html"}},{"type":"Feature","geometry":{"type":"Point","coordinates":[72.817584,33.694255]},"properties":{"id":"zameen-54840713","source":"Zameen","confidenceScore":100,"confidenceBand":"High","isOutlier":false,"title":"sale The Ideally Located House For An Incredible Price Of Pkr Rs. 29000000","propertyGroup":"house","location":"Faisal Margalla City, B-17","neighborhood":"B-17","pricePkr":29000000,"pricePerSqft":25777.78,"pricePerMarla":5800000.0,"areaSqft":1125.0,"beds":3,"baths":3,"url":"https://www.zameen.com/Property/b_17_faisal_margalla_city_sale_the_ideally_located_house_for_an_incredible_price_of_pkr_rs_29000000-54840713-13424-1.html"}},{"type":"Feature","geometry":{"type":"Point","coordinates":[73.169804,33.522649]},"properties":{"id":"zameen-54399079","source":"Zameen","confidenceScore":100,"confidenceBand":"High","isOutlier":false,"title":"Kanal Brand New House Available For Sale In Dha Phase 2 Islamabad","propertyGroup":"house","location":"DHA Phase 2 - Sector H, DHA Defence Phase 2","neighborhood":"DHA Defence","pricePkr":115000000,"pricePerSqft":25555.56,"pricePerMarla":5750000.0,"areaSqft":4500.0,"beds":6,"baths":6,"url":"https://www.zameen.com/Property/dha_defence_phase_2_dha_phase_2_-_sector_h_kanal_brand_new_house_available_for_sale_in_dha_phase_2_islamabad-54399079-3203-1.html"}},{"type":"Feature","geometry":{"type":"Point","coordinates":[73.161392,33.527944]},"properties":{"id":"zameen-54405805","source":"Zameen","confidenceScore":100,"confidenceBand":"High","isOutlier":false,"title":"Modern Design Brand New House Ready For Sale In DHA DEFENSE PHASE 2 Islamabad","propertyGroup":"house","location":"DHA Defence Phase 2, DHA Defence","neighborhood":"DHA Defence","pricePkr":115000000,"pricePerSqft":25555.56,"pricePerMarla":5750000.0,"areaSqft":4500.0,"beds":5,"baths":6,"url":"https://www.zameen.com/Property/dha_defence_dha_defence_phase_2_modern_design_brand_new_house_ready_for_sale_in_dha_defense_phase_2_islamabad-54405805-339-1.html"}},{"type":"Feature","geometry":{"type":"Point","coordinates":[72.86725,33.587954]},"properties":{"id":"zameen-54598216","source":"Zameen","confidenceScore":100,"confidenceBand":"High","isOutlier":false,"title":"Brand New Corner House For Sale Top City 1","propertyGroup":"house","location":"Top City 1, Islamabad","neighborhood":"Top City 1","pricePkr":57500000,"pricePerSqft":25555.56,"pricePerMarla":5750000.0,"areaSqft":2250.0,"beds":5,"baths":6,"url":"https://www.zameen.com/Property/islamabad_top_city_1_brand_new_corner_house_for_sale_top_city_1-54598216-1383-1.html"}},{"type":"Feature","geometry":{"type":"Point","coordinates":[72.86725,33.587954]},"properties":{"id":"zameen-54705619","source":"Zameen","confidenceScore":100,"confidenceBand":"High","isOutlier":false,"title":"Brand New House For Sale Top City 1 Islamabad","propertyGroup":"house","location":"Top City 1, Islamabad","neighborhood":"Top City 1","pricePkr":57500000,"pricePerSqft":25555.56,"pricePerMarla":5750000.0,"areaSqft":2250.0,"beds":6,"baths":6,"url":"https://www.zameen.com/Property/islamabad_top_city_1_brand_new_house_for_sale_top_city_1_islamabad-54705619-1383-1.html"}},{"type":"Feature","geometry":{"type":"Point","coordinates":[72.86725,33.587954]},"properties":{"id":"zameen-54786033","source":"Zameen","confidenceScore":100,"confidenceBand":"High","isOutlier":false,"title":"Beautiful Elevation 10 Marla Brand New House for Sale Topcity Islamabad","propertyGroup":"house","location":"Top City 1, Islamabad","neighborhood":"Top City 1","pricePkr":57500000,"pricePerSqft":25555.56,"pricePerMarla":5750000.0,"areaSqft":2250.0,"beds":5,"baths":6,"url":"https://www.zameen.com/Property/islamabad_top_city_1_beautiful_elevation_10_marla_brand_new_house_for_sale_topcity_islamabad-54786033-1383-1.html"}},{"type":"Feature","geometry":{"type":"Point","coordinates":[72.86154199,33.57976918]},"properties":{"id":"zameen-54836296","source":"Zameen","confidenceScore":100,"confidenceBand":"High","isOutlier":false,"title":"Well-constructed Brand New House Available For sale In Top City 1 - Block A","propertyGroup":"house","location":"Top City 1 - Block A, Top City 1","neighborhood":"Top City 1","pricePkr":57500000,"pricePerSqft":25555.56,"pricePerMarla":5750000.0,"areaSqft":2250.0,"beds":4,"baths":4,"url":"https://www.zameen.com/Property/top_city_1_top_city_1_-_block_a_well-constructed_brand_new_house_available_for_sale_in_top_city_1_-_block_a-54836296-9231-1.html"}},{"type":"Feature","geometry":{"type":"Point","coordinates":[73.060839,33.7114]},"properties":{"id":"zameen-54679953","source":"Zameen","confidenceScore":100,"confidenceBand":"High","isOutlier":false,"title":"Investor Price F-11 Executive Heights 2Bedroom Apartment Available For Sale","propertyGroup":"apartment","location":"Executive Heights, F-11","neighborhood":"F-11","pricePkr":33500000,"pricePerSqft":25514.09,"pricePerMarla":5740670.22,"areaSqft":1313.0,"beds":2,"baths":2,"url":"https://www.zameen.com/Property/f_11_executive_heights_investor_price_f-11_executive_heights_2bedroom_apartment_available_for_sale-54679953-10658-1.html"}},{"type":"Feature","geometry":{"type":"Point","coordinates":[72.816696,33.680211]},"properties":{"id":"zameen-54786752","source":"Zameen","confidenceScore":100,"confidenceBand":"High","isOutlier":false,"title":"Ideal House For sale In MPCHS - Multi Gardens","propertyGroup":"house","location":"MPCHS - Multi Gardens, B-17","neighborhood":"B-17","pricePkr":40000000,"pricePerSqft":25396.83,"pricePerMarla":5714285.71,"areaSqft":1575.0,"beds":null,"baths":null,"url":"https://www.zameen.com/Property/b_17_mpchs_-_multi_gardens_ideal_house_for_sale_in_mpchs_-_multi_gardens-54786752-3115-1.html"}},{"type":"Feature","geometry":{"type":"Point","coordinates":[72.822189,33.68064]},"properties":{"id":"zameen-54787852","source":"Zameen","confidenceScore":100,"confidenceBand":"High","isOutlier":false,"title":"Beautiful 7 Marla 4 Floor House For Sale With Double Basement B,17 Islamabad. Block E","propertyGroup":"house","location":"B-17, Islamabad","neighborhood":"B-17","pricePkr":40000000,"pricePerSqft":25396.83,"pricePerMarla":5714285.71,"areaSqft":1575.0,"beds":10,"baths":6,"url":"https://www.zameen.com/Property/islamabad_b-17_beautiful_7_marla_4_floor_house_for_sale_with_double_basement_b_17_islamabad_block_e-54787852-616-1.html"}},{"type":"Feature","geometry":{"type":"Point","coordinates":[73.24194062,33.69065954]},"properties":{"id":"zameen-52664488","source":"Zameen","confidenceScore":100,"confidenceBand":"High","isOutlier":false,"title":"5 Marla Beautiful House Available For Sale Most Populated Sector In Bahria Enclave Islamabad!","propertyGroup":"house","location":"Bahria Enclave - Sector N, Bahria Enclave","neighborhood":"Bahria Town","pricePkr":28500000,"pricePerSqft":25333.33,"pricePerMarla":5700000.0,"areaSqft":1125.0,"beds":3,"baths":5,"url":"https://www.zameen.com/Property/bahria_enclave_bahria_enclave_-_sector_n_5_marla_beautiful_house_available_for_sale_most_populated_sector_in_bahria_enclave_islamabad-52664488-11975-1.html"}},{"type":"Feature","geometry":{"type":"Point","coordinates":[73.218813,33.692638]},"properties":{"id":"zameen-54074817","source":"Zameen","confidenceScore":100,"confidenceBand":"High","isOutlier":false,"title":"10 Marla House For Sale","propertyGroup":"house","location":"Bahria Enclave, Bahria Town","neighborhood":"Bahria Town","pricePkr":57000000,"pricePerSqft":25333.33,"pricePerMarla":5700000.0,"areaSqft":2250.0,"beds":5,"baths":6,"url":"https://www.zameen.com/Property/bahria_town_bahria_enclave_10_marla_house_for_sale-54074817-1705-1.html"}},{"type":"Feature","geometry":{"type":"Point","coordinates":[73.24194062,33.69065954]},"properties":{"id":"zameen-54417857","source":"Zameen","confidenceScore":100,"confidenceBand":"High","isOutlier":false,"title":"5 Marla Brand New Designer House Available For Sale Beautiful Front Elevation","propertyGroup":"house","location":"Bahria Enclave - Sector N, Bahria Enclave","neighborhood":"Bahria Town","pricePkr":28500000,"pricePerSqft":25333.33,"pricePerMarla":5700000.0,"areaSqft":1125.0,"beds":3,"baths":4,"url":"https://www.zameen.com/Property/bahria_enclave_bahria_enclave_-_sector_n_5_marla_brand_new_designer_house_available_for_sale_beautiful_front_elevation-54417857-11975-1.html"}},{"type":"Feature","geometry":{"type":"Point","coordinates":[73.25680395,33.69562253]},"properties":{"id":"zameen-54719800","source":"Zameen","confidenceScore":100,"confidenceBand":"High","isOutlier":false,"title":"Brand New Designer House For sale In Sector M Back Open For Lawn 5 Bedroom A+qaulity In Bahria Enclave Islamabad","propertyGroup":"house","location":"Bahria Enclave - Sector M, Bahria Enclave","neighborhood":"Bahria Town","pricePkr":57000000,"pricePerSqft":25333.33,"pricePerMarla":5700000.0,"areaSqft":2250.0,"beds":5,"baths":7,"url":"https://www.zameen.com/Property/bahria_enclave_bahria_enclave_-_sector_m_brand_new_designer_house_for_sale_in_sector_m_back_open_for_lawn_5_bedroom_a_qaulity_in_bahria_enclave_islamabad-54719800-11977-1.html"}},{"type":"Feature","geometry":{"type":"Point","coordinates":[72.862358,33.57985]},"properties":{"id":"zameen-54773803","source":"Zameen","confidenceScore":100,"confidenceBand":"High","isOutlier":false,"title":"10 Marla House In Block A Topcity 1 Islamabad","propertyGroup":"house","location":"Top City 1, Islamabad","neighborhood":"Top City 1","pricePkr":57000000,"pricePerSqft":25333.33,"pricePerMarla":5700000.0,"areaSqft":2250.0,"beds":6,"baths":6,"url":"https://www.zameen.com/Property/islamabad_top_city_1_10_marla_house_in_block_a_topcity_1_islamabad-54773803-1383-1.html"}},{"type":"Feature","geometry":{"type":"Point","coordinates":[73.218813,33.692638]},"properties":{"id":"zameen-54773933","source":"Zameen","confidenceScore":100,"confidenceBand":"High","isOutlier":false,"title":"5 Marla Brand New With *Solar* 5kva Back Open House With Lawn","propertyGroup":"house","location":"Bahria Enclave, Bahria Town","neighborhood":"Bahria Town","pricePkr":28500000,"pricePerSqft":25333.33,"pricePerMarla":5700000.0,"areaSqft":1125.0,"beds":3,"baths":4,"url":"https://www.zameen.com/Property/bahria_town_bahria_enclave_5_marla_brand_new_with_solar_5kva_back_open_house_with_lawn-54773933-1705-1.html"}},{"type":"Feature","geometry":{"type":"Point","coordinates":[72.877272848881,33.665833965017]},"properties":{"id":"zameen-54774221","source":"Zameen","confidenceScore":100,"confidenceBand":"High","isOutlier":false,"title":"10 MARLA DESIGNER HOUSE FOR SALE Multi Garden B-17, Islamabad","propertyGroup":"house","location":"MPCHS - Multi Gardens, B-17","neighborhood":"B-17","pricePkr":57000000,"pricePerSqft":25333.33,"pricePerMarla":5700000.0,"areaSqft":2250.0,"beds":6,"baths":6,"url":"https://www.zameen.com/Property/b_17_mpchs_-_multi_gardens_10_marla_designer_house_for_sale_multi_garden_b-17_islamabad-54774221-3115-1.html"}},{"type":"Feature","geometry":{"type":"Point","coordinates":[72.86725,33.587954]},"properties":{"id":"zameen-54790428","source":"Zameen","confidenceScore":100,"confidenceBand":"High","isOutlier":false,"title":"Top City A Block Corner House For Sale","propertyGroup":"house","location":"Top City 1, Islamabad","neighborhood":"Top City 1","pricePkr":57000000,"pricePerSqft":25333.33,"pricePerMarla":5700000.0,"areaSqft":2250.0,"beds":5,"baths":6,"url":"https://www.zameen.com/Property/islamabad_top_city_1_top_city_a_block_corner_house_for_sale-54790428-1383-1.html"}},{"type":"Feature","geometry":{"type":"Point","coordinates":[72.822189,33.68064]},"properties":{"id":"zameen-54825345","source":"Zameen","confidenceScore":100,"confidenceBand":"High","isOutlier":false,"title":"10 Marla Brand New Designer House For Sale In B-17","propertyGroup":"house","location":"B-17, Islamabad","neighborhood":"B-17","pricePkr":57000000,"pricePerSqft":25333.33,"pricePerMarla":5700000.0,"areaSqft":2250.0,"beds":6,"baths":6,"url":"https://www.zameen.com/Property/islamabad_b-17_10_marla_brand_new_designer_house_for_sale_in_b-17-54825345-616-1.html"}},{"type":"Feature","geometry":{"type":"Point","coordinates":[73.161392,33.527944]},"properties":{"id":"zameen-54843608","source":"Zameen","confidenceScore":100,"confidenceBand":"High","isOutlier":false,"title":"1 kanal brand new designer House for sale DHA 2 islamabad","propertyGroup":"house","location":"DHA Defence Phase 2, DHA Defence","neighborhood":"DHA Defence","pricePkr":113500000,"pricePerSqft":25222.22,"pricePerMarla":5675000.0,"areaSqft":4500.0,"beds":6,"baths":6,"url":"https://www.zameen.com/Property/dha_defence_dha_defence_phase_2_1_kanal_brand_new_designer_house_for_sale_dha_2_islamabad-54843608-339-1.html"}},{"type":"Feature","geometry":{"type":"Point","coordinates":[72.822189,33.68064]},"properties":{"id":"zameen-54824655","source":"Zameen","confidenceScore":100,"confidenceBand":"High","isOutlier":false,"title":"Deal Directly With The Owner No Agents - Owner-Built + Newly Constructed + Exceptional Structural Strength + Premium Materials + Two Independent Living Units + Ready To Move + Documentation Available","propertyGroup":"house","location":"B-17, Islamabad","neighborhood":"B-17","pricePkr":56500000,"pricePerSqft":25111.11,"pricePerMarla":5650000.0,"areaSqft":2250.0,"beds":5,"baths":6,"url":"https://www.zameen.com/Property/islamabad_b-17_deal_directly_with_the_owner_no_agents_-_owner-built_newly_constructed_exceptional_structural_strength_premium_materials_two_independent_living_units_ready_to_move_documentation_available-54824655-616-1.html"}},{"type":"Feature","geometry":{"type":"Point","coordinates":[73.000367,33.675604]},"properties":{"id":"zameen-54843945","source":"Zameen","confidenceScore":100,"confidenceBand":"High","isOutlier":false,"title":"FGEHA E-Type Apartment for Sale G-11/3 Islamabad","propertyGroup":"house","location":"G-11/3, G-11","neighborhood":"G-11","pricePkr":17500000,"pricePerSqft":25089.61,"pricePerMarla":5645161.29,"areaSqft":697.5,"beds":2,"baths":2,"url":"https://www.zameen.com/Property/g_11_g-11_3_fgeha_e-type_apartment_for_sale_g-11_3_islamabad-54843945-3332-1.html"}},{"type":"Feature","geometry":{"type":"Point","coordinates":[73.139758,33.556935]},"properties":{"id":"graana-1557936","source":"Graana","confidenceScore":88,"confidenceBand":"High","isOutlier":false,"title":"12 Marla House for Sale","propertyGroup":"house","location":"CBR Town, Block C, Islamabad","neighborhood":"CBR Town","pricePkr":67500000,"pricePerSqft":25000.0,"pricePerMarla":5625000.0,"areaSqft":2700.0,"beds":7,"baths":9,"url":"https://www.graana.com/property/1557936"}},{"type":"Feature","geometry":{"type":"Point","coordinates":[72.8234,33.68023]},"properties":{"id":"zameen-54098646","source":"Zameen","confidenceScore":100,"confidenceBand":"High","isOutlier":false,"title":"Radisson 1 Bed Luxury Apartment at J7 Emporium, Islamabad","propertyGroup":"apartment","location":"J7 Emporium, B-17","neighborhood":"B-17","pricePkr":18800000,"pricePerSqft":25000.0,"pricePerMarla":5625000.0,"areaSqft":752.0,"beds":1,"baths":1,"url":"https://www.zameen.com/Property/b_17_j7_emporium_radisson_1_bed_luxury_apartment_at_j7_emporium_islamabad-54098646-17263-1.html"}},{"type":"Feature","geometry":{"type":"Point","coordinates":[73.161392,33.527944]},"properties":{"id":"zameen-54568474","source":"Zameen","confidenceScore":100,"confidenceBand":"High","isOutlier":false,"title":"1 Kanal Designer House For Sale In DHA Phase 2","propertyGroup":"house","location":"DHA Defence Phase 2, DHA Defence","neighborhood":"DHA Defence","pricePkr":112211000,"pricePerSqft":24935.78,"pricePerMarla":5610550.0,"areaSqft":4500.0,"beds":5,"baths":6,"url":"https://www.zameen.com/Property/dha_defence_dha_defence_phase_2_1_kanal_designer_house_for_sale_in_dha_phase_2-54568474-339-1.html"}},{"type":"Feature","geometry":{"type":"Point","coordinates":[73.161392,33.527944]},"properties":{"id":"zameen-54670133","source":"Zameen","confidenceScore":100,"confidenceBand":"High","isOutlier":false,"title":"One Kanal Designer House For SALE In DHA DEFENCE PHASE 2, ISLAMABAD","propertyGroup":"house","location":"DHA Defence Phase 2, DHA Defence","neighborhood":"DHA Defence","pricePkr":112211000,"pricePerSqft":24935.78,"pricePerMarla":5610550.0,"areaSqft":4500.0,"beds":6,"baths":6,"url":"https://www.zameen.com/Property/dha_defence_dha_defence_phase_2_one_kanal_designer_house_for_sale_in_dha_defence_phase_2_islamabad-54670133-339-1.html"}},{"type":"Feature","geometry":{"type":"Point","coordinates":[73.218813,33.692638]},"properties":{"id":"zameen-48266495","source":"Zameen","confidenceScore":100,"confidenceBand":"High","isOutlier":false,"title":"5 Marla House For Sale","propertyGroup":"house","location":"Bahria Enclave, Bahria Town","neighborhood":"Bahria Town","pricePkr":28000000,"pricePerSqft":24888.89,"pricePerMarla":5600000.0,"areaSqft":1125.0,"beds":3,"baths":4,"url":"https://www.zameen.com/Property/bahria_town_bahria_enclave_5_marla_house_for_sale-48266495-1705-1.html"}},{"type":"Feature","geometry":{"type":"Point","coordinates":[73.223812,33.698472]},"properties":{"id":"zameen-52731371","source":"Zameen","confidenceScore":100,"confidenceBand":"High","isOutlier":false,"title":"5 Marla Beautiful House Available For Sale Just 1 Minute Drive From The Main Gate","propertyGroup":"house","location":"Bahria Enclave - Sector B1, Bahria Enclave","neighborhood":"Bahria Town","pricePkr":28000000,"pricePerSqft":24888.89,"pricePerMarla":5600000.0,"areaSqft":1125.0,"beds":3,"baths":5,"url":"https://www.zameen.com/Property/bahria_enclave_bahria_enclave_-_sector_b1_5_marla_beautiful_house_available_for_sale_just_1_minute_drive_from_the_main_gate-52731371-11972-1.html"}},{"type":"Feature","geometry":{"type":"Point","coordinates":[72.815123,33.685511]},"properties":{"id":"zameen-54453450","source":"Zameen","confidenceScore":100,"confidenceBand":"High","isOutlier":false,"title":"DESIGNER HOUSE FOR SALE","propertyGroup":"house","location":"MPCHS - Block C1, MPCHS - Multi Gardens","neighborhood":"B-17","pricePkr":28000000,"pricePerSqft":24888.89,"pricePerMarla":5600000.0,"areaSqft":1125.0,"beds":4,"baths":6,"url":"https://www.zameen.com/Property/mpchs_multi_gardens_mpchs_-_block_c1_designer_house_for_sale-54453450-12607-1.html"}},{"type":"Feature","geometry":{"type":"Point","coordinates":[73.2159872,33.6821317]},"properties":{"id":"zameen-54500648","source":"Zameen","confidenceScore":100,"confidenceBand":"High","isOutlier":false,"title":"Designer Main Boulevard House For Sale in Bahria Enclave Islamabad","propertyGroup":"house","location":"Bahria Enclave - Sector C1, Bahria Enclave","neighborhood":"Bahria Town","pricePkr":56000000,"pricePerSqft":24888.89,"pricePerMarla":5600000.0,"areaSqft":2250.0,"beds":5,"baths":5,"url":"https://www.zameen.com/Property/bahria_enclave_bahria_enclave_-_sector_c1_designer_main_boulevard_house_for_sale_in_bahria_enclave_islamabad-54500648-11987-1.html"}},{"type":"Feature","geometry":{"type":"Point","coordinates":[72.817584,33.694255]},"properties":{"id":"zameen-54628943","source":"Zameen","confidenceScore":100,"confidenceBand":"High","isOutlier":false,"title":"5 Marla Luxury House For Sale FMC B-17 ISLAMABAD.","propertyGroup":"house","location":"Faisal Margalla City, B-17","neighborhood":"B-17","pricePkr":28000000,"pricePerSqft":24888.89,"pricePerMarla":5600000.0,"areaSqft":1125.0,"beds":4,"baths":5,"url":"https://www.zameen.com/Property/b_17_faisal_margalla_city_5_marla_luxury_house_for_sale_fmc_b-17_islamabad-54628943-13424-1.html"}},{"type":"Feature","geometry":{"type":"Point","coordinates":[73.20022838,33.68223842]},"properties":{"id":"zameen-54662950","source":"Zameen","confidenceScore":100,"confidenceBand":"High","isOutlier":false,"title":"Brand New Designer House For Sale In Sector C-2 Best Location For Living 5 Bedroom A+Construction Reasonable Price Bahria Enclave Islamabad","propertyGroup":"house","location":"Bahria Enclave - Sector C2, Bahria Enclave","neighborhood":"Bahria Town","pricePkr":56000000,"pricePerSqft":24888.89,"pricePerMarla":5600000.0,"areaSqft":2250.0,"beds":5,"baths":7,"url":"https://www.zameen.com/Property/bahria_enclave_bahria_enclave_-_sector_c2_brand_new_designer_house_for_sale_in_sector_c-2_best_location_for_living_5_bedroom_a_construction_reasonable_price_bahria_enclave_islamabad-54662950-11988-1.html"}},{"type":"Feature","geometry":{"type":"Point","coordinates":[73.25680395,33.69562253]},"properties":{"id":"zameen-54680447","source":"Zameen","confidenceScore":100,"confidenceBand":"High","isOutlier":false,"title":"House For Sale in Sector M Main Aveune Open Murree View Side Open 10 Marla Green Patch 5 Bed A+ Quality House In Bahria Enclave Islamabad","propertyGroup":"house","location":"Bahria Enclave - Sector M, Bahria Enclave","neighborhood":"Bahria Town","pricePkr":56000000,"pricePerSqft":24888.89,"pricePerMarla":5600000.0,"areaSqft":2250.0,"beds":5,"baths":7,"url":"https://www.zameen.com/Property/bahria_enclave_bahria_enclave_-_sector_m_house_for_sale_in_sector_m_main_aveune_open_murree_view_side_open_10_marla_green_patch_5_bed_a_quality_house_in_bahria_enclave_islamabad-54680447-11977-1.html"}},{"type":"Feature","geometry":{"type":"Point","coordinates":[72.87230719,33.60942315]},"properties":{"id":"zameen-54711709","source":"Zameen","confidenceScore":100,"confidenceBand":"High","isOutlier":false,"title":"LUXURIOUS 5 MARLA DOUBLE UNIT HOUSE AVAILABLE FOR SALE","propertyGroup":"house","location":"Faisal Town - F-18, Islamabad","neighborhood":"Faisal Town - F-18","pricePkr":28000000,"pricePerSqft":24888.89,"pricePerMarla":5600000.0,"areaSqft":1125.0,"beds":5,"baths":6,"url":"https://www.zameen.com/Property/islamabad_faisal_town_-_f-18_luxurious_5_marla_double_unit_house_available_for_sale-54711709-8260-1.html"}},{"type":"Feature","geometry":{"type":"Point","coordinates":[72.872307,33.609423]},"properties":{"id":"zameen-54811942","source":"Zameen","confidenceScore":100,"confidenceBand":"High","isOutlier":false,"title":"10 MARLA HOUSE FOR SALE FAISAL TOWN BLOCK B","propertyGroup":"house","location":"Faisal Town - F-18, Islamabad","neighborhood":"Faisal Town - F-18","pricePkr":55500000,"pricePerSqft":24666.67,"pricePerMarla":5550000.0,"areaSqft":2250.0,"beds":9,"baths":6,"url":"https://www.zameen.com/Property/islamabad_faisal_town_-_f-18_10_marla_house_for_sale_faisal_town_block_b-54811942-8260-1.html"}},{"type":"Feature","geometry":{"type":"Point","coordinates":[73.218813,33.692638]},"properties":{"id":"zameen-54186927","source":"Zameen","confidenceScore":100,"confidenceBand":"High","isOutlier":false,"title":"1 Kanal House For Sale","propertyGroup":"house","location":"Bahria Enclave, Bahria Town","neighborhood":"Bahria Town","pricePkr":110000000,"pricePerSqft":24444.44,"pricePerMarla":5500000.0,"areaSqft":4500.0,"beds":6,"baths":6,"url":"https://www.zameen.com/Property/bahria_town_bahria_enclave_1_kanal_house_for_sale-54186927-1705-1.html"}},{"type":"Feature","geometry":{"type":"Point","coordinates":[73.246622,33.6838192]},"properties":{"id":"zameen-54416531","source":"Zameen","confidenceScore":100,"confidenceBand":"High","isOutlier":false,"title":"5 Marla With Extra Land Beautiful Corner Category House Available For Sale Beautiful Lawn Area!!","propertyGroup":"house","location":"Bahria Enclave - Sector H, Bahria Enclave","neighborhood":"Bahria Town","pricePkr":27500000,"pricePerSqft":24444.44,"pricePerMarla":5500000.0,"areaSqft":1125.0,"beds":3,"baths":4,"url":"https://www.zameen.com/Property/bahria_enclave_bahria_enclave_-_sector_h_5_marla_with_extra_land_beautiful_corner_category_house_available_for_sale_beautiful_lawn_area-54416531-11983-1.html"}},{"type":"Feature","geometry":{"type":"Point","coordinates":[73.161392,33.527944]},"properties":{"id":"zameen-54471517","source":"Zameen","confidenceScore":100,"confidenceBand":"High","isOutlier":false,"title":"Brand New Spanish Designed Kanal Mansion","propertyGroup":"house","location":"DHA Defence Phase 2, DHA Defence","neighborhood":"DHA Defence","pricePkr":110000000,"pricePerSqft":24444.44,"pricePerMarla":5500000.0,"areaSqft":4500.0,"beds":5,"baths":6,"url":"https://www.zameen.com/Property/dha_defence_dha_defence_phase_2_brand_new_spanish_designed_kanal_mansion-54471517-339-1.html"}},{"type":"Feature","geometry":{"type":"Point","coordinates":[72.86725,33.587954]},"properties":{"id":"zameen-54601832","source":"Zameen","confidenceScore":100,"confidenceBand":"High","isOutlier":false,"title":"Brand New House For Sale Top City 1 Islamabad San fasing","propertyGroup":"house","location":"Top City 1, Islamabad","neighborhood":"Top City 1","pricePkr":55000000,"pricePerSqft":24444.44,"pricePerMarla":5500000.0,"areaSqft":2250.0,"beds":5,"baths":6,"url":"https://www.zameen.com/Property/islamabad_top_city_1_brand_new_house_for_sale_top_city_1_islamabad_san_fasing-54601832-1383-1.html"}},{"type":"Feature","geometry":{"type":"Point","coordinates":[72.861542,33.5797692]},"properties":{"id":"zameen-54617704","source":"Zameen","confidenceScore":100,"confidenceBand":"High","isOutlier":false,"title":"Brand New Luxury Designer House For Sale Top City 1 Islamabad","propertyGroup":"house","location":"Top City 1 - Block A, Top City 1","neighborhood":"Top City 1","pricePkr":55000000,"pricePerSqft":24444.44,"pricePerMarla":5500000.0,"areaSqft":2250.0,"beds":4,"baths":5,"url":"https://www.zameen.com/Property/top_city_1_top_city_1_-_block_a_brand_new_luxury_designer_house_for_sale_top_city_1_islamabad-54617704-9231-1.html"}},{"type":"Feature","geometry":{"type":"Point","coordinates":[72.871049,33.582877]},"properties":{"id":"zameen-54657083","source":"Zameen","confidenceScore":100,"confidenceBand":"High","isOutlier":false,"title":"Brand New House For Sale Men Blue World Double Road B Block Top City 1 Islamabad","propertyGroup":"house","location":"Top City 1 - Block B, Top City 1","neighborhood":"Top City 1","pricePkr":110000000,"pricePerSqft":24444.44,"pricePerMarla":5500000.0,"areaSqft":4500.0,"beds":7,"baths":6,"url":"https://www.zameen.com/Property/top_city_1_top_city_1_-_block_b_brand_new_house_for_sale_men_blue_world_double_road_b_block_top_city_1_islamabad-54657083-9230-1.html"}},{"type":"Feature","geometry":{"type":"Point","coordinates":[73.218813,33.692638]},"properties":{"id":"zameen-54680396","source":"Zameen","confidenceScore":100,"confidenceBand":"High","isOutlier":false,"title":"A+ Quality 13 Marla House For Sale In Sector P Corner Park Face Back Open 3 side Open 5 Master Bedroom Bahria Enclave Islamabad","propertyGroup":"house","location":"Bahria Enclave, Bahria Town","neighborhood":"Bahria Town","pricePkr":55000000,"pricePerSqft":24444.44,"pricePerMarla":5500000.0,"areaSqft":2250.0,"beds":5,"baths":6,"url":"https://www.zameen.com/Property/bahria_town_bahria_enclave_a_quality_13_marla_house_for_sale_in_sector_p_corner_park_face_back_open_3_side_open_5_master_bedroom_bahria_enclave_islamabad-54680396-1705-1.html"}},{"type":"Feature","geometry":{"type":"Point","coordinates":[73.093414,33.542039]},"properties":{"id":"zameen-54700063","source":"Zameen","confidenceScore":100,"confidenceBand":"High","isOutlier":false,"title":"Designer House Available For Sale","propertyGroup":"house","location":"DHA Phase 1 - Sector B, DHA Defence Phase 1","neighborhood":"DHA Defence","pricePkr":110000000,"pricePerSqft":24444.44,"pricePerMarla":5500000.0,"areaSqft":4500.0,"beds":6,"baths":7,"url":"https://www.zameen.com/Property/dha_defence_phase_1_dha_phase_1_-_sector_b_designer_house_available_for_sale-54700063-3190-1.html"}},{"type":"Feature","geometry":{"type":"Point","coordinates":[73.149218,33.512953]},"properties":{"id":"zameen-54737615","source":"Zameen","confidenceScore":100,"confidenceBand":"High","isOutlier":false,"title":"Double Unit Brand New House For Sale","propertyGroup":"house","location":"Zaraj Scheme - Sector C, Zaraj Housing Scheme","neighborhood":"Zaraj Housing Scheme","pricePkr":55000000,"pricePerSqft":24444.44,"pricePerMarla":5500000.0,"areaSqft":2250.0,"beds":7,"baths":6,"url":"https://www.zameen.com/Property/zaraj_housing_scheme_zaraj_scheme_-_sector_c_double_unit_brand_new_house_for_sale-54737615-3512-1.html"}},{"type":"Feature","geometry":{"type":"Point","coordinates":[73.161392,33.527944]},"properties":{"id":"zameen-54739577","source":"Zameen","confidenceScore":100,"confidenceBand":"High","isOutlier":false,"title":"Minimalist Style 1 Kanal Brand New Designer House Ready For Sale In DHA Defence Phase 2 Islamabad","propertyGroup":"house","location":"DHA Defence Phase 2, DHA Defence","neighborhood":"DHA Defence","pricePkr":110000000,"pricePerSqft":24444.44,"pricePerMarla":5500000.0,"areaSqft":4500.0,"beds":5,"baths":6,"url":"https://www.zameen.com/Property/dha_defence_dha_defence_phase_2_minimalist_style_1_kanal_brand_new_designer_house_ready_for_sale_in_dha_defence_phase_2_islamabad-54739577-339-1.html"}},{"type":"Feature","geometry":{"type":"Point","coordinates":[72.86725,33.587954]},"properties":{"id":"zameen-54770675","source":"Zameen","confidenceScore":100,"confidenceBand":"High","isOutlier":false,"title":"10 Ten Marla Luxury Designer House For Sale Solid Construction Prime Location","propertyGroup":"house","location":"Top City 1, Islamabad","neighborhood":"Top City 1","pricePkr":55000000,"pricePerSqft":24444.44,"pricePerMarla":5500000.0,"areaSqft":2250.0,"beds":5,"baths":6,"url":"https://www.zameen.com/Property/islamabad_top_city_1_10_ten_marla_luxury_designer_house_for_sale_solid_construction_prime_location-54770675-1383-1.html"}},{"type":"Feature","geometry":{"type":"Point","coordinates":[73.246622,33.6838192]},"properties":{"id":"zameen-54778807","source":"Zameen","confidenceScore":100,"confidenceBand":"High","isOutlier":false,"title":"House For Sale In Sector H 5Kva Solar Install Back Open Hieghted Location Reasonable Price In Bahria Enclave Islamabad","propertyGroup":"house","location":"Bahria Enclave - Sector H, Bahria Enclave","neighborhood":"Bahria Town","pricePkr":27500000,"pricePerSqft":24444.44,"pricePerMarla":5500000.0,"areaSqft":1125.0,"beds":3,"baths":4,"url":"https://www.zameen.com/Property/bahria_enclave_bahria_enclave_-_sector_h_house_for_sale_in_sector_h_5kva_solar_install_back_open_hieghted_location_reasonable_price_in_bahria_enclave_islamabad-54778807-11983-1.html"}},{"type":"Feature","geometry":{"type":"Point","coordinates":[72.864097,33.573045]},"properties":{"id":"zameen-54831664","source":"Zameen","confidenceScore":100,"confidenceBand":"High","isOutlier":false,"title":"10 Marla ( 35*65 in Block A ). Double Unit Brand New House. Available For Sale in Top City Islamabad.","propertyGroup":"house","location":"Top City 1 - Block D, Top City 1","neighborhood":"Top City 1","pricePkr":55000000,"pricePerSqft":24444.44,"pricePerMarla":5500000.0,"areaSqft":2250.0,"beds":5,"baths":6,"url":"https://www.zameen.com/Property/top_city_1_top_city_1_-_block_d_10_marla_35_65_in_block_a_double_unit_brand_new_house_available_for_sale_in_top_city_islamabad-54831664-9233-1.html"}},{"type":"Feature","geometry":{"type":"Point","coordinates":[73.161392,33.527944]},"properties":{"id":"zameen-54843625","source":"Zameen","confidenceScore":100,"confidenceBand":"High","isOutlier":false,"title":"DHA 2 1 kanal brand new house for sale","propertyGroup":"house","location":"DHA Defence Phase 2, DHA Defence","neighborhood":"DHA Defence","pricePkr":109500000,"pricePerSqft":24333.33,"pricePerMarla":5475000.0,"areaSqft":4500.0,"beds":5,"baths":6,"url":"https://www.zameen.com/Property/dha_defence_dha_defence_phase_2_dha_2_1_kanal_brand_new_house_for_sale-54843625-339-1.html"}},{"type":"Feature","geometry":{"type":"Point","coordinates":[73.161392,33.527944]},"properties":{"id":"zameen-52691402","source":"Zameen","confidenceScore":100,"confidenceBand":"High","isOutlier":false,"title":"Dha 2 One Kanal Brand New Luxurious House","propertyGroup":"house","location":"DHA Defence Phase 2, DHA Defence","neighborhood":"DHA Defence","pricePkr":109000000,"pricePerSqft":24222.22,"pricePerMarla":5450000.0,"areaSqft":4500.0,"beds":5,"baths":6,"url":"https://www.zameen.com/Property/dha_defence_dha_defence_phase_2_dha_2_one_kanal_brand_new_luxurious_house-52691402-339-1.html"}},{"type":"Feature","geometry":{"type":"Point","coordinates":[73.161392,33.527944]},"properties":{"id":"zameen-52892788","source":"Zameen","confidenceScore":100,"confidenceBand":"High","isOutlier":false,"title":"Dha 2 One Kanal Brand New Designer Luxurious House","propertyGroup":"house","location":"DHA Defence Phase 2, DHA Defence","neighborhood":"DHA Defence","pricePkr":109000000,"pricePerSqft":24222.22,"pricePerMarla":5450000.0,"areaSqft":4500.0,"beds":5,"baths":6,"url":"https://www.zameen.com/Property/dha_defence_dha_defence_phase_2_dha_2_one_kanal_brand_new_designer_luxurious_house-52892788-339-1.html"}},{"type":"Feature","geometry":{"type":"Point","coordinates":[73.161392,33.527944]},"properties":{"id":"zameen-54037324","source":"Zameen","confidenceScore":100,"confidenceBand":"High","isOutlier":false,"title":"Dha2 One Kanal Designer House For Sale","propertyGroup":"house","location":"DHA Defence Phase 2, DHA Defence","neighborhood":"DHA Defence","pricePkr":109000000,"pricePerSqft":24222.22,"pricePerMarla":5450000.0,"areaSqft":4500.0,"beds":5,"baths":6,"url":"https://www.zameen.com/Property/dha_defence_dha_defence_phase_2_dha2_one_kanal_designer_house_for_sale-54037324-339-1.html"}},{"type":"Feature","geometry":{"type":"Point","coordinates":[73.161392,33.527944]},"properties":{"id":"zameen-54059928","source":"Zameen","confidenceScore":100,"confidenceBand":"High","isOutlier":false,"title":"Dha 2 One Kanal Luxurious Furnished House","propertyGroup":"house","location":"DHA Defence Phase 2, DHA Defence","neighborhood":"DHA Defence","pricePkr":109000000,"pricePerSqft":24222.22,"pricePerMarla":5450000.0,"areaSqft":4500.0,"beds":5,"baths":6,"url":"https://www.zameen.com/Property/dha_defence_dha_defence_phase_2_dha_2_one_kanal_luxurious_furnished_house-54059928-339-1.html"}},{"type":"Feature","geometry":{"type":"Point","coordinates":[73.161392,33.527944]},"properties":{"id":"zameen-54255221","source":"Zameen","confidenceScore":100,"confidenceBand":"High","isOutlier":false,"title":"1 KANAL ELEGANT DESIGN HOUSE UP FOR SALE","propertyGroup":"house","location":"DHA Defence Phase 2, DHA Defence","neighborhood":"DHA Defence","pricePkr":109000000,"pricePerSqft":24222.22,"pricePerMarla":5450000.0,"areaSqft":4500.0,"beds":5,"baths":5,"url":"https://www.zameen.com/Property/dha_defence_dha_defence_phase_2_1_kanal_elegant_design_house_up_for_sale-54255221-339-1.html"}},{"type":"Feature","geometry":{"type":"Point","coordinates":[72.7981395,33.6803056]},"properties":{"id":"zameen-54707589","source":"Zameen","confidenceScore":100,"confidenceBand":"High","isOutlier":false,"title":"Beautifull 7 Marla Brand New House For Sale","propertyGroup":"house","location":"MPCHS - Block E, MPCHS - Multi Gardens","neighborhood":"B-17","pricePkr":38000000,"pricePerSqft":24126.98,"pricePerMarla":5428571.43,"areaSqft":1575.0,"beds":4,"baths":5,"url":"https://www.zameen.com/Property/mpchs_multi_gardens_mpchs_-_block_e_beautifull_7_marla_brand_new_house_for_sale-54707589-3120-1.html"}},{"type":"Feature","geometry":{"type":"Point","coordinates":[73.2109831,33.587953]},"properties":{"id":"zameen-54758260","source":"Zameen","confidenceScore":100,"confidenceBand":"High","isOutlier":false,"title":"7 Marla House for Sale in L Block, Gulberg Residencia Islamabad","propertyGroup":"house","location":"Gulberg Residencia - Block L, Gulberg Residencia","neighborhood":"Gulberg","pricePkr":38000000,"pricePerSqft":24126.98,"pricePerMarla":5428571.43,"areaSqft":1575.0,"beds":null,"baths":5,"url":"https://www.zameen.com/Property/gulberg_residencia_gulberg_residencia_-_block_l_7_marla_house_for_sale_in_l_block_gulberg_residencia_islamabad-54758260-9122-1.html"}},{"type":"Feature","geometry":{"type":"Point","coordinates":[73.181521,33.609649]},"properties":{"id":"zameen-54734858","source":"Zameen","confidenceScore":100,"confidenceBand":"High","isOutlier":false,"title":"2 Bed Fully Furnished Ready-To-Move Apartment For Sale In Karakoram Greens, Gulberg Greens","propertyGroup":"apartment","location":"Karakoram Greens, Gulberg Greens","neighborhood":"Gulberg","pricePkr":45000000,"pricePerSqft":24012.81,"pricePerMarla":5402881.54,"areaSqft":1874.0,"beds":2,"baths":2,"url":"https://www.zameen.com/Property/gulberg_greens_karakoram_greens_2_bed_fully_furnished_ready-to-move_apartment_for_sale_in_karakoram_greens_gulberg_greens-54734858-11832-1.html"}},{"type":"Feature","geometry":{"type":"Point","coordinates":[73.246622,33.6838192]},"properties":{"id":"zameen-52619972","source":"Zameen","confidenceScore":100,"confidenceBand":"High","isOutlier":false,"title":"5 Marla Beautiful Brand New House Available For Sale Owner Built House","propertyGroup":"house","location":"Bahria Enclave - Sector H, Bahria Enclave","neighborhood":"Bahria Town","pricePkr":27000000,"pricePerSqft":24000.0,"pricePerMarla":5400000.0,"areaSqft":1125.0,"beds":3,"baths":5,"url":"https://www.zameen.com/Property/bahria_enclave_bahria_enclave_-_sector_h_5_marla_beautiful_brand_new_house_available_for_sale_owner_built_house-52619972-11983-1.html"}},{"type":"Feature","geometry":{"type":"Point","coordinates":[72.817584,33.694255]},"properties":{"id":"zameen-54486888","source":"Zameen","confidenceScore":100,"confidenceBand":"High","isOutlier":false,"title":"Brand New 5 Marla House for Sale | FMC B-17 Islamabad | Prime Location","propertyGroup":"house","location":"Faisal Margalla City, B-17","neighborhood":"B-17","pricePkr":27000000,"pricePerSqft":24000.0,"pricePerMarla":5400000.0,"areaSqft":1125.0,"beds":4,"baths":4,"url":"https://www.zameen.com/Property/b_17_faisal_margalla_city_brand_new_5_marla_house_for_sale_fmc_b-17_islamabad_prime_location-54486888-13424-1.html"}},{"type":"Feature","geometry":{"type":"Point","coordinates":[73.22304198,33.68552911]},"properties":{"id":"zameen-54523090","source":"Zameen","confidenceScore":100,"confidenceBand":"High","isOutlier":false,"title":"10 Marla Luxury Modern House Available For Sale In Bahria Enclave Islamabad","propertyGroup":"house","location":"Bahria Enclave - Sector C1, Bahria Enclave","neighborhood":"Bahria Town","pricePkr":54000000,"pricePerSqft":24000.0,"pricePerMarla":5400000.0,"areaSqft":2250.0,"beds":5,"baths":6,"url":"https://www.zameen.com/Property/bahria_enclave_bahria_enclave_-_sector_c1_10_marla_luxury_modern_house_available_for_sale_in_bahria_enclave_islamabad-54523090-11987-1.html"}},{"type":"Feature","geometry":{"type":"Point","coordinates":[73.246622,33.6838192]},"properties":{"id":"zameen-54613289","source":"Zameen","confidenceScore":100,"confidenceBand":"High","isOutlier":false,"title":"5 Marla Luxury Modern Design House Available For Sale In Bahria Enclave Islamabad.","propertyGroup":"house","location":"Bahria Enclave - Sector H, Bahria Enclave","neighborhood":"Bahria Town","pricePkr":27000000,"pricePerSqft":24000.0,"pricePerMarla":5400000.0,"areaSqft":1125.0,"beds":3,"baths":5,"url":"https://www.zameen.com/Property/bahria_enclave_bahria_enclave_-_sector_h_5_marla_luxury_modern_design_house_available_for_sale_in_bahria_enclave_islamabad-54613289-11983-1.html"}},{"type":"Feature","geometry":{"type":"Point","coordinates":[73.1442645,33.5759724]},"properties":{"id":"zameen-54793288","source":"Zameen","confidenceScore":100,"confidenceBand":"High","isOutlier":false,"title":"5 Marla House For Sale","propertyGroup":"house","location":"Pakistan Town - Phase 1, Pakistan Town","neighborhood":"Pakistan Town","pricePkr":27000000,"pricePerSqft":24000.0,"pricePerMarla":5400000.0,"areaSqft":1125.0,"beds":5,"baths":4,"url":"https://www.zameen.com/Property/pakistan_town_pakistan_town_-_phase_1_5_marla_house_for_sale-54793288-14998-1.html"}},{"type":"Feature","geometry":{"type":"Point","coordinates":[73.161392,33.527944]},"properties":{"id":"zameen-54823953","source":"Zameen","confidenceScore":100,"confidenceBand":"High","isOutlier":false,"title":"3-Years Intallment 3-Bedroom with Maid Room + Parking in DHA Islamabad Gated Community","propertyGroup":"apartment","location":"DHA Defence Phase 2, DHA Defence","neighborhood":"DHA Defence","pricePkr":47256000,"pricePerSqft":24000.0,"pricePerMarla":5400000.0,"areaSqft":1969.0,"beds":3,"baths":4,"url":"https://www.zameen.com/Property/dha_defence_dha_defence_phase_2_3-years_intallment_3-bedroom_with_maid_room_parking_in_dha_islamabad_gated_community-54823953-339-1.html"}},{"type":"Feature","geometry":{"type":"Point","coordinates":[72.806955,33.694082]},"properties":{"id":"zameen-54843133","source":"Zameen","confidenceScore":100,"confidenceBand":"High","isOutlier":false,"title":"5 Marla Brand New House for sale in FMC B-17","propertyGroup":"house","location":"Faisal Margalla City, B-17","neighborhood":"B-17","pricePkr":27000000,"pricePerSqft":24000.0,"pricePerMarla":5400000.0,"areaSqft":1125.0,"beds":4,"baths":4,"url":"https://www.zameen.com/Property/b_17_faisal_margalla_city_5_marla_brand_new_house_for_sale_in_fmc_b-17-54843133-13424-1.html"}},{"type":"Feature","geometry":{"type":"Point","coordinates":[73.218813,33.692638]},"properties":{"id":"zameen-54777411","source":"Zameen","confidenceScore":100,"confidenceBand":"High","isOutlier":false,"title":"10 Marla Designer House For Sale Bahria Enclave Islamabad Sector C1","propertyGroup":"house","location":"Bahria Enclave, Bahria Town","neighborhood":"Bahria Town","pricePkr":53800000,"pricePerSqft":23911.11,"pricePerMarla":5380000.0,"areaSqft":2250.0,"beds":5,"baths":6,"url":"https://www.zameen.com/Property/bahria_town_bahria_enclave_10_marla_designer_house_for_sale_bahria_enclave_islamabad_sector_c1-54777411-1705-1.html"}},{"type":"Feature","geometry":{"type":"Point","coordinates":[73.161392,33.527944]},"properties":{"id":"zameen-49187077","source":"Zameen","confidenceScore":100,"confidenceBand":"High","isOutlier":false,"title":"New Corner Furnished House With 2 Separate Entrances","propertyGroup":"house","location":"DHA Defence Phase 2, DHA Defence","neighborhood":"DHA Defence","pricePkr":107500000,"pricePerSqft":23888.89,"pricePerMarla":5375000.0,"areaSqft":4500.0,"beds":6,"baths":6,"url":"https://www.zameen.com/Property/dha_defence_dha_defence_phase_2_new_corner_furnished_house_with_2_separate_entrances-49187077-339-1.html"}},{"type":"Feature","geometry":{"type":"Point","coordinates":[73.207161,33.600018]},"properties":{"id":"zameen-54815330","source":"Zameen","confidenceScore":96,"confidenceBand":"High","isOutlier":false,"title":"Gulberg islamabad 22 Marla corner house for sale","propertyGroup":"house","location":"Gulberg Residencia - Block C, Gulberg Residencia","neighborhood":"Gulberg","pricePkr":107500000,"pricePerSqft":23888.89,"pricePerMarla":5375000.0,"areaSqft":4500.0,"beds":6,"baths":6,"url":"https://www.zameen.com/Property/gulberg_residencia_gulberg_residencia_-_block_c_gulberg_islamabad_22_marla_corner_house_for_sale-54815330-9114-1.html"}},{"type":"Feature","geometry":{"type":"Point","coordinates":[73.161392,33.527944]},"properties":{"id":"zameen-54819949","source":"Zameen","confidenceScore":100,"confidenceBand":"High","isOutlier":false,"title":"1 Kanal Stunning Corner Furnished Full House Corner Available For Sale In DHA Phase 2 Islamabad","propertyGroup":"house","location":"DHA Defence Phase 2, DHA Defence","neighborhood":"DHA Defence","pricePkr":107500000,"pricePerSqft":23888.89,"pricePerMarla":5375000.0,"areaSqft":4500.0,"beds":6,"baths":null,"url":"https://www.zameen.com/Property/dha_defence_dha_defence_phase_2_1_kanal_stunning_corner_furnished_full_house_corner_available_for_sale_in_dha_phase_2_islamabad-54819949-339-1.html"}},{"type":"Feature","geometry":{"type":"Point","coordinates":[72.822189,33.68064]},"properties":{"id":"zameen-54751055","source":"Zameen","confidenceScore":100,"confidenceBand":"High","isOutlier":false,"title":"House In Mpchs Multi Gardens B-17 Islamabad","propertyGroup":"house","location":"B-17, Islamabad","neighborhood":"B-17","pricePkr":26800000,"pricePerSqft":23822.22,"pricePerMarla":5360000.0,"areaSqft":1125.0,"beds":3,"baths":4,"url":"https://www.zameen.com/Property/islamabad_b-17_house_in_mpchs_multi_gardens_b-17_islamabad-54751055-616-1.html"}},{"type":"Feature","geometry":{"type":"Point","coordinates":[72.966199,33.689282]},"properties":{"id":"zameen-54843016","source":"Zameen","confidenceScore":100,"confidenceBand":"High","isOutlier":false,"title":"Book A Residential Plot Of 14 Marla In E-12/4 Islamabad","propertyGroup":"plot","location":"E-12/4, E-12","neighborhood":"E-12","pricePkr":75000000,"pricePerSqft":23809.52,"pricePerMarla":5357142.86,"areaSqft":3150.0,"beds":null,"baths":null,"url":"https://www.zameen.com/Property/e_12_e-12_4_book_a_residential_plot_of_14_marla_in_e-12_4_islamabad-54843016-8180-2.html"}},{"type":"Feature","geometry":{"type":"Point","coordinates":[73.161392,33.527944]},"properties":{"id":"zameen-53981927","source":"Zameen","confidenceScore":100,"confidenceBand":"High","isOutlier":false,"title":"Premium Living In DHA 2 1 Kanal Designer Home For Sale In DHA DEFENCE PHASE II.","propertyGroup":"house","location":"DHA Defence Phase 2, DHA Defence","neighborhood":"DHA Defence","pricePkr":107000000,"pricePerSqft":23777.78,"pricePerMarla":5350000.0,"areaSqft":4500.0,"beds":5,"baths":6,"url":"https://www.zameen.com/Property/dha_defence_dha_defence_phase_2_premium_living_in_dha_2_1_kanal_designer_home_for_sale_in_dha_defence_phase_ii-53981927-339-1.html"}},{"type":"Feature","geometry":{"type":"Point","coordinates":[73.22834979,33.68168392]},"properties":{"id":"zameen-54392476","source":"Zameen","confidenceScore":100,"confidenceBand":"High","isOutlier":false,"title":"10 Marla Luxury Modern House Available For Sale In Bahria Enclave Islamabad.","propertyGroup":"house","location":"Bahria Enclave - Sector F, Bahria Enclave","neighborhood":"Bahria Town","pricePkr":53500000,"pricePerSqft":23777.78,"pricePerMarla":5350000.0,"areaSqft":2250.0,"beds":5,"baths":6,"url":"https://www.zameen.com/Property/bahria_enclave_bahria_enclave_-_sector_f_10_marla_luxury_modern_house_available_for_sale_in_bahria_enclave_islamabad-54392476-11985-1.html"}},{"type":"Feature","geometry":{"type":"Point","coordinates":[73.24194062,33.69065954]},"properties":{"id":"zameen-50434739","source":"Zameen","confidenceScore":100,"confidenceBand":"High","isOutlier":false,"title":"5 Marla Beautiful House Available For Sale Owner Built House","propertyGroup":"house","location":"Bahria Enclave - Sector N, Bahria Enclave","neighborhood":"Bahria Town","pricePkr":26500000,"pricePerSqft":23555.56,"pricePerMarla":5300000.0,"areaSqft":1125.0,"beds":3,"baths":5,"url":"https://www.zameen.com/Property/bahria_enclave_bahria_enclave_-_sector_n_5_marla_beautiful_house_available_for_sale_owner_built_house-50434739-11975-1.html"}},{"type":"Feature","geometry":{"type":"Point","coordinates":[73.24194062,33.69065954]},"properties":{"id":"zameen-54549523","source":"Zameen","confidenceScore":100,"confidenceBand":"High","isOutlier":false,"title":"5 Marla Luxury Modern House Available For Sale In Bahria Enclave Islamabad","propertyGroup":"house","location":"Bahria Enclave - Sector N, Bahria Enclave","neighborhood":"Bahria Town","pricePkr":26500000,"pricePerSqft":23555.56,"pricePerMarla":5300000.0,"areaSqft":1125.0,"beds":3,"baths":5,"url":"https://www.zameen.com/Property/bahria_enclave_bahria_enclave_-_sector_n_5_marla_luxury_modern_house_available_for_sale_in_bahria_enclave_islamabad-54549523-11975-1.html"}},{"type":"Feature","geometry":{"type":"Point","coordinates":[72.86725,33.587954]},"properties":{"id":"zameen-54592992","source":"Zameen","confidenceScore":100,"confidenceBand":"High","isOutlier":false,"title":"Brand New House For Sale Top City 1","propertyGroup":"house","location":"Top City 1, Islamabad","neighborhood":"Top City 1","pricePkr":53000000,"pricePerSqft":23555.56,"pricePerMarla":5300000.0,"areaSqft":2250.0,"beds":5,"baths":6,"url":"https://www.zameen.com/Property/islamabad_top_city_1_brand_new_house_for_sale_top_city_1-54592992-1383-1.html"}},{"type":"Feature","geometry":{"type":"Point","coordinates":[72.7840358,33.6808516]},"properties":{"id":"zameen-54621618","source":"Zameen","confidenceScore":100,"confidenceBand":"High","isOutlier":false,"title":"5 Marla, 1 Unit House For Sale In B-17.","propertyGroup":"house","location":"MPCHS - Block F, MPCHS - Multi Gardens","neighborhood":"B-17","pricePkr":26500000,"pricePerSqft":23555.56,"pricePerMarla":5300000.0,"areaSqft":1125.0,"beds":3,"baths":4,"url":"https://www.zameen.com/Property/mpchs_multi_gardens_mpchs_-_block_f_5_marla_1_unit_house_for_sale_in_b-17-54621618-8527-1.html"}},{"type":"Feature","geometry":{"type":"Point","coordinates":[73.2419406,33.6906595]},"properties":{"id":"zameen-54699155","source":"Zameen","confidenceScore":100,"confidenceBand":"High","isOutlier":false,"title":"5 Marla house available for sale in bahria enclave Islamabad.","propertyGroup":"house","location":"Bahria Enclave - Sector N, Bahria Enclave","neighborhood":"Bahria Town","pricePkr":26500000,"pricePerSqft":23555.56,"pricePerMarla":5300000.0,"areaSqft":1125.0,"beds":3,"baths":5,"url":"https://www.zameen.com/Property/bahria_enclave_bahria_enclave_-_sector_n_5_marla_house_available_for_sale_in_bahria_enclave_islamabad-54699155-11975-1.html"}},{"type":"Feature","geometry":{"type":"Point","coordinates":[72.80595798,33.70677279]},"properties":{"id":"zameen-54815846","source":"Zameen","confidenceScore":100,"confidenceBand":"High","isOutlier":false,"title":"In Faisal Hills - Executive Block House For sale Sized 5 Marla","propertyGroup":"house","location":"Faisal Hills - Executive Block, Faisal Hills","neighborhood":"Faisal Hills","pricePkr":26500000,"pricePerSqft":23555.56,"pricePerMarla":5300000.0,"areaSqft":1125.0,"beds":3,"baths":3,"url":"https://www.zameen.com/Property/faisal_hills_faisal_hills_-_executive_block_in_faisal_hills_-_executive_block_house_for_sale_sized_5_marla-54815846-16527-1.html"}},{"type":"Feature","geometry":{"type":"Point","coordinates":[73.1889129,33.48432489]},"properties":{"id":"zameen-54141558","source":"Zameen","confidenceScore":100,"confidenceBand":"High","isOutlier":false,"title":"Beautiful Location Ideal House Near Masjid Park And School","propertyGroup":"house","location":"DHA Phase 3 - Block B, DHA Defence Phase 3","neighborhood":"DHA Defence","pricePkr":105000000,"pricePerSqft":23333.33,"pricePerMarla":5250000.0,"areaSqft":4500.0,"beds":6,"baths":7,"url":"https://www.zameen.com/Property/dha_defence_phase_3_dha_phase_3_-_block_b_beautiful_location_ideal_house_near_masjid_park_and_school-54141558-16227-1.html"}},{"type":"Feature","geometry":{"type":"Point","coordinates":[73.161392,33.527944]},"properties":{"id":"zameen-54250135","source":"Zameen","confidenceScore":100,"confidenceBand":"High","isOutlier":false,"title":"Brand New 1 Kanal Modern Contemporary Luxury House For Sale DHA Phase 2","propertyGroup":"house","location":"DHA Defence Phase 2, DHA Defence","neighborhood":"DHA Defence","pricePkr":105000000,"pricePerSqft":23333.33,"pricePerMarla":5250000.0,"areaSqft":4500.0,"beds":5,"baths":6,"url":"https://www.zameen.com/Property/dha_defence_dha_defence_phase_2_brand_new_1_kanal_modern_contemporary_luxury_house_for_sale_dha_phase_2-54250135-339-1.html"}},{"type":"Feature","geometry":{"type":"Point","coordinates":[72.8635918,33.5813702]},"properties":{"id":"zameen-54447741","source":"Zameen","confidenceScore":100,"confidenceBand":"High","isOutlier":false,"title":"Brand New House For Sale","propertyGroup":"house","location":"Top City 1, Islamabad","neighborhood":"Top City 1","pricePkr":52500000,"pricePerSqft":23333.33,"pricePerMarla":5250000.0,"areaSqft":2250.0,"beds":5,"baths":6,"url":"https://www.zameen.com/Property/islamabad_top_city_1_brand_new_house_for_sale-54447741-1383-1.html"}},{"type":"Feature","geometry":{"type":"Point","coordinates":[72.86725,33.587954]},"properties":{"id":"zameen-54711343","source":"Zameen","confidenceScore":100,"confidenceBand":"High","isOutlier":false,"title":"10 Marla Brand New Elegance Designer House for Sale","propertyGroup":"house","location":"Top City 1, Islamabad","neighborhood":"Top City 1","pricePkr":52500000,"pricePerSqft":23333.33,"pricePerMarla":5250000.0,"areaSqft":2250.0,"beds":5,"baths":6,"url":"https://www.zameen.com/Property/islamabad_top_city_1_10_marla_brand_new_elegance_designer_house_for_sale-54711343-1383-1.html"}},{"type":"Feature","geometry":{"type":"Point","coordinates":[72.86725,33.587954]},"properties":{"id":"zameen-54735712","source":"Zameen","confidenceScore":100,"confidenceBand":"High","isOutlier":false,"title":"Spanish Designer 20 Marla House for Sale TopCity-1 Islamabad","propertyGroup":"house","location":"Top City 1, Islamabad","neighborhood":"Top City 1","pricePkr":105000000,"pricePerSqft":23333.33,"pricePerMarla":5250000.0,"areaSqft":4500.0,"beds":7,"baths":6,"url":"https://www.zameen.com/Property/islamabad_top_city_1_spanish_designer_20_marla_house_for_sale_topcity-1_islamabad-54735712-1383-1.html"}},{"type":"Feature","geometry":{"type":"Point","coordinates":[73.20709,33.528874]},"properties":{"id":"zameen-54748962","source":"Zameen","confidenceScore":100,"confidenceBand":"High","isOutlier":false,"title":"Get In Touch Now To Buy A House In DHA Phase 5 - Sector D","propertyGroup":"house","location":"DHA Phase 5 - Sector D, DHA Defence Phase 5","neighborhood":"DHA Defence","pricePkr":105000000,"pricePerSqft":23333.33,"pricePerMarla":5250000.0,"areaSqft":4500.0,"beds":6,"baths":null,"url":"https://www.zameen.com/Property/dha_defence_phase_5_dha_phase_5_-_sector_d_get_in_touch_now_to_buy_a_house_in_dha_phase_5_-_sector_d-54748962-8403-1.html"}},{"type":"Feature","geometry":{"type":"Point","coordinates":[72.822189,33.68064]},"properties":{"id":"zameen-54784728","source":"Zameen","confidenceScore":100,"confidenceBand":"High","isOutlier":false,"title":"Luxury Furnished Kanal House For Sale In B-17 Islamabad","propertyGroup":"house","location":"B-17, Islamabad","neighborhood":"B-17","pricePkr":105000000,"pricePerSqft":23333.33,"pricePerMarla":5250000.0,"areaSqft":4500.0,"beds":6,"baths":7,"url":"https://www.zameen.com/Property/islamabad_b-17_luxury_furnished_kanal_house_for_sale_in_b-17_islamabad-54784728-616-1.html"}},{"type":"Feature","geometry":{"type":"Point","coordinates":[72.822189,33.68064]},"properties":{"id":"zameen-54808737","source":"Zameen","confidenceScore":100,"confidenceBand":"High","isOutlier":false,"title":"1 Kanal House With Chinese Tenants Is For Sale In B-17 Islamabad","propertyGroup":"house","location":"B-17, Islamabad","neighborhood":"B-17","pricePkr":105000000,"pricePerSqft":23333.33,"pricePerMarla":5250000.0,"areaSqft":4500.0,"beds":6,"baths":7,"url":"https://www.zameen.com/Property/islamabad_b-17_1_kanal_house_with_chinese_tenants_is_for_sale_in_b-17_islamabad-54808737-616-1.html"}},{"type":"Feature","geometry":{"type":"Point","coordinates":[72.822189,33.68064]},"properties":{"id":"zameen-54818992","source":"Zameen","confidenceScore":100,"confidenceBand":"High","isOutlier":false,"title":"Double height + Sun face 10 marla house @5.25 Cr - block C1, Sector B17 Islamabad","propertyGroup":"house","location":"B-17, Islamabad","neighborhood":"B-17","pricePkr":52500000,"pricePerSqft":23333.33,"pricePerMarla":5250000.0,"areaSqft":2250.0,"beds":6,"baths":6,"url":"https://www.zameen.com/Property/islamabad_b-17_double_height_sun_face_10_marla_house_5_25_cr_-_block_c1_sector_b17_islamabad-54818992-616-1.html"}},{"type":"Feature","geometry":{"type":"Point","coordinates":[72.823906,33.679925]},"properties":{"id":"zameen-54830026","source":"Zameen","confidenceScore":100,"confidenceBand":"High","isOutlier":false,"title":"1 Kanal Luxurious House for Sale in Multi Gardens B17 Islamabad","propertyGroup":"house","location":"MPCHS - Block C, MPCHS - Multi Gardens","neighborhood":"B-17","pricePkr":105000000,"pricePerSqft":23333.33,"pricePerMarla":5250000.0,"areaSqft":4500.0,"beds":5,"baths":5,"url":"https://www.zameen.com/Property/mpchs_multi_gardens_mpchs_-_block_c_1_kanal_luxurious_house_for_sale_in_multi_gardens_b17_islamabad-54830026-3118-1.html"}},{"type":"Feature","geometry":{"type":"Point","coordinates":[73.161392,33.527944]},"properties":{"id":"zameen-54841912","source":"Zameen","confidenceScore":100,"confidenceBand":"High","isOutlier":false,"title":"1 Kanal Double story house for sale in DHA-2,Islamabad","propertyGroup":"house","location":"DHA Defence Phase 2, DHA Defence","neighborhood":"DHA Defence","pricePkr":105000000,"pricePerSqft":23333.33,"pricePerMarla":5250000.0,"areaSqft":4500.0,"beds":7,"baths":6,"url":"https://www.zameen.com/Property/dha_defence_dha_defence_phase_2_1_kanal_double_story_house_for_sale_in_dha-2_islamabad-54841912-339-1.html"}},{"type":"Feature","geometry":{"type":"Point","coordinates":[73.095732,33.540894]},"properties":{"id":"zameen-54842746","source":"Zameen","confidenceScore":100,"confidenceBand":"High","isOutlier":false,"title":"1 Kanal Brand New Luxury House in DHA Phase 1 for Sale","propertyGroup":"house","location":"DHA Defence Phase 1, DHA Defence","neighborhood":"DHA Defence","pricePkr":105000000,"pricePerSqft":23333.33,"pricePerMarla":5250000.0,"areaSqft":4500.0,"beds":6,"baths":7,"url":"https://www.zameen.com/Property/dha_defence_dha_defence_phase_1_1_kanal_brand_new_luxury_house_in_dha_phase_1_for_sale-54842746-376-1.html"}},{"type":"Feature","geometry":{"type":"Point","coordinates":[73.218813,33.692638]},"properties":{"id":"zameen-53430892","source":"Zameen","confidenceScore":100,"confidenceBand":"High","isOutlier":false,"title":"5 Marla Beautiful Design House Available For Sale Most Populated Sector In Bahria Enclave Islamabad","propertyGroup":"house","location":"Bahria Enclave, Bahria Town","neighborhood":"Bahria Town","pricePkr":26000000,"pricePerSqft":23111.11,"pricePerMarla":5200000.0,"areaSqft":1125.0,"beds":3,"baths":5,"url":"https://www.zameen.com/Property/bahria_town_bahria_enclave_5_marla_beautiful_design_house_available_for_sale_most_populated_sector_in_bahria_enclave_islamabad-53430892-1705-1.html"}},{"type":"Feature","geometry":{"type":"Point","coordinates":[72.809475,33.708599]},"properties":{"id":"zameen-53534696","source":"Zameen","confidenceScore":100,"confidenceBand":"High","isOutlier":false,"title":"Own A 5-Marla Home In Faisal Hills | 3-Years Installment Plan","propertyGroup":"house","location":"Faisal Hills, Islamabad","neighborhood":"Faisal Hills","pricePkr":26000000,"pricePerSqft":23111.11,"pricePerMarla":5200000.0,"areaSqft":1125.0,"beds":4,"baths":5,"url":"https://www.zameen.com/Property/islamabad_faisal_hills_own_a_5-marla_home_in_faisal_hills_3-years_installment_plan-53534696-10859-1.html"}},{"type":"Feature","geometry":{"type":"Point","coordinates":[72.87230719,33.60942315]},"properties":{"id":"zameen-54444015","source":"Zameen","confidenceScore":100,"confidenceBand":"High","isOutlier":false,"title":"5 MARLA BRAND NEW HOUSE AVAILABLE FOR SALE","propertyGroup":"house","location":"Faisal Town - F-18, Islamabad","neighborhood":"Faisal Town - F-18","pricePkr":26000000,"pricePerSqft":23111.11,"pricePerMarla":5200000.0,"areaSqft":1125.0,"beds":5,"baths":5,"url":"https://www.zameen.com/Property/islamabad_faisal_town_-_f-18_5_marla_brand_new_house_available_for_sale-54444015-8260-1.html"}},{"type":"Feature","geometry":{"type":"Point","coordinates":[72.787059,33.680989]},"properties":{"id":"zameen-54614185","source":"Zameen","confidenceScore":100,"confidenceBand":"High","isOutlier":false,"title":"5 Marla Single Unit Designer House for Sale Block F, B-17 60FT wide Street","propertyGroup":"house","location":"MPCHS - Block F, MPCHS - Multi Gardens","neighborhood":"B-17","pricePkr":26000000,"pricePerSqft":23111.11,"pricePerMarla":5200000.0,"areaSqft":1125.0,"beds":3,"baths":4,"url":"https://www.zameen.com/Property/mpchs_multi_gardens_mpchs_-_block_f_5_marla_single_unit_designer_house_for_sale_block_f_b-17_60ft_wide_street-54614185-8527-1.html"}},{"type":"Feature","geometry":{"type":"Point","coordinates":[72.86725,33.587954]},"properties":{"id":"zameen-54663317","source":"Zameen","confidenceScore":100,"confidenceBand":"High","isOutlier":false,"title":"10 Marla House In Stunning Top City 1 Is Available For Sale","propertyGroup":"house","location":"Top City 1, Islamabad","neighborhood":"Top City 1","pricePkr":52000000,"pricePerSqft":23111.11,"pricePerMarla":5200000.0,"areaSqft":2250.0,"beds":5,"baths":5,"url":"https://www.zameen.com/Property/islamabad_top_city_1_10_marla_house_in_stunning_top_city_1_is_available_for_sale-54663317-1383-1.html"}},{"type":"Feature","geometry":{"type":"Point","coordinates":[72.78705868,33.68098931]},"properties":{"id":"zameen-54676295","source":"Zameen","confidenceScore":100,"confidenceBand":"High","isOutlier":false,"title":"5 Marla House For sale In The Perfect Location Of MPCHS - Block F","propertyGroup":"house","location":"MPCHS - Block F, MPCHS - Multi Gardens","neighborhood":"B-17","pricePkr":26000000,"pricePerSqft":23111.11,"pricePerMarla":5200000.0,"areaSqft":1125.0,"beds":4,"baths":4,"url":"https://www.zameen.com/Property/mpchs_multi_gardens_mpchs_-_block_f_5_marla_house_for_sale_in_the_perfect_location_of_mpchs_-_block_f-54676295-8527-1.html"}},{"type":"Feature","geometry":{"type":"Point","coordinates":[72.78705868,33.68098931]},"properties":{"id":"zameen-54726889","source":"Zameen","confidenceScore":100,"confidenceBand":"High","isOutlier":false,"title":"Fully Furnished h5 Marla Double Unit Double Storey House for Sale in Multi Garden B-17, Islamabad","propertyGroup":"house","location":"MPCHS - Block F, MPCHS - Multi Gardens","neighborhood":"B-17","pricePkr":26000000,"pricePerSqft":23111.11,"pricePerMarla":5200000.0,"areaSqft":1125.0,"beds":4,"baths":5,"url":"https://www.zameen.com/Property/mpchs_multi_gardens_mpchs_-_block_f_fully_furnished_h5_marla_double_unit_double_storey_house_for_sale_in_multi_garden_b-17_islamabad-54726889-8527-1.html"}},{"type":"Feature","geometry":{"type":"Point","coordinates":[72.86725,33.587954]},"properties":{"id":"zameen-54757815","source":"Zameen","confidenceScore":100,"confidenceBand":"High","isOutlier":false,"title":"10 Marla Brand New House Available For Sale In Top City 1 Islamabad","propertyGroup":"house","location":"Top City 1, Islamabad","neighborhood":"Top City 1","pricePkr":52000000,"pricePerSqft":23111.11,"pricePerMarla":5200000.0,"areaSqft":2250.0,"beds":5,"baths":6,"url":"https://www.zameen.com/Property/islamabad_top_city_1_10_marla_brand_new_house_available_for_sale_in_top_city_1_islamabad-54757815-1383-1.html"}},{"type":"Feature","geometry":{"type":"Point","coordinates":[72.79061858,33.71127145]},"properties":{"id":"zameen-54816491","source":"Zameen","confidenceScore":100,"confidenceBand":"High","isOutlier":false,"title":"Brand New Ready To Move Furnished 5 Marla House At A Prime Location Faisal Hills A Block","propertyGroup":"house","location":"Faisal Hills - Block A, Faisal Hills","neighborhood":"Faisal Hills","pricePkr":26000000,"pricePerSqft":23111.11,"pricePerMarla":5200000.0,"areaSqft":1125.0,"beds":5,"baths":5,"url":"https://www.zameen.com/Property/faisal_hills_faisal_hills_-_block_a_brand_new_ready_to_move_furnished_5_marla_house_at_a_prime_location_faisal_hills_a_block-54816491-12655-1.html"}},{"type":"Feature","geometry":{"type":"Point","coordinates":[72.877768058,33.615819524]},"properties":{"id":"zameen-54838705","source":"Zameen","confidenceScore":100,"confidenceBand":"High","isOutlier":false,"title":"25x50 Brand New House","propertyGroup":"house","location":"Faisal Town - F-18, Islamabad","neighborhood":"Faisal Town - F-18","pricePkr":26000000,"pricePerSqft":23111.11,"pricePerMarla":5200000.0,"areaSqft":1125.0,"beds":5,"baths":5,"url":"https://www.zameen.com/Property/islamabad_faisal_town_-_f-18_25x50_brand_new_house-54838705-8260-1.html"}},{"type":"Feature","geometry":{"type":"Point","coordinates":[72.961564,33.695494]},"properties":{"id":"zameen-54842548","source":"Zameen","confidenceScore":100,"confidenceBand":"High","isOutlier":false,"title":"5 Marla possession able level plot","propertyGroup":"plot","location":"E-12/3, E-12","neighborhood":"E-12","pricePkr":26000000,"pricePerSqft":23111.11,"pricePerMarla":5200000.0,"areaSqft":1125.0,"beds":null,"baths":null,"url":"https://www.zameen.com/Property/e_12_e-12_3_5_marla_possession_able_level_plot-54842548-8179-2.html"}},{"type":"Feature","geometry":{"type":"Point","coordinates":[72.822189,33.68064]},"properties":{"id":"zameen-54842288","source":"Zameen","confidenceScore":100,"confidenceBand":"High","isOutlier":false,"title":"Mpchs multi gardens b-17 Islamabad 5 Marla brand new house available for sale","propertyGroup":"house","location":"B-17, Islamabad","neighborhood":"B-17","pricePkr":25800000,"pricePerSqft":22933.33,"pricePerMarla":5160000.0,"areaSqft":1125.0,"beds":4,"baths":5,"url":"https://www.zameen.com/Property/islamabad_b-17_mpchs_multi_gardens_b-17_islamabad_5_marla_brand_new_house_available_for_sale-54842288-616-1.html"}},{"type":"Feature","geometry":{"type":"Point","coordinates":[73.215615,33.695973]},"properties":{"id":"zameen-54420570","source":"Zameen","confidenceScore":100,"confidenceBand":"High","isOutlier":false,"title":"10 Marla House For Sale","propertyGroup":"house","location":"Bahria Enclave - Sector A, Bahria Enclave","neighborhood":"Bahria Town","pricePkr":51500000,"pricePerSqft":22888.89,"pricePerMarla":5150000.0,"areaSqft":2250.0,"beds":6,"baths":6,"url":"https://www.zameen.com/Property/bahria_enclave_bahria_enclave_-_sector_a_10_marla_house_for_sale-54420570-11970-1.html"}},{"type":"Feature","geometry":{"type":"Point","coordinates":[72.86154199,33.57976918]},"properties":{"id":"zameen-54741564","source":"Zameen","confidenceScore":100,"confidenceBand":"High","isOutlier":false,"title":"Brand New, Modern Design 10 Marla House For Sale In Top City 1, Islamabad","propertyGroup":"house","location":"Top City 1 - Block A, Top City 1","neighborhood":"Top City 1","pricePkr":51500000,"pricePerSqft":22888.89,"pricePerMarla":5150000.0,"areaSqft":2250.0,"beds":7,"baths":7,"url":"https://www.zameen.com/Property/top_city_1_top_city_1_-_block_a_brand_new_modern_design_10_marla_house_for_sale_in_top_city_1_islamabad-54741564-9231-1.html"}},{"type":"Feature","geometry":{"type":"Point","coordinates":[72.926559,33.631486]},"properties":{"id":"zameen-54820513","source":"Zameen","confidenceScore":100,"confidenceBand":"High","isOutlier":false,"title":"New Rented 7 Marla House is Available For Sale in G16 CDA Islamabad.","propertyGroup":"house","location":"G-15, Islamabad","neighborhood":"G-15","pricePkr":36000000,"pricePerSqft":22857.14,"pricePerMarla":5142857.14,"areaSqft":1575.0,"beds":5,"baths":6,"url":"https://www.zameen.com/Property/islamabad_g-15_new_rented_7_marla_house_is_available_for_sale_in_g16_cda_islamabad-54820513-764-1.html"}},{"type":"Feature","geometry":{"type":"Point","coordinates":[73.161392,33.527944]},"properties":{"id":"zameen-54471516","source":"Zameen","confidenceScore":100,"confidenceBand":"High","isOutlier":false,"title":"1 Kanal House In DHA Defence Phase 2 Is Best Option","propertyGroup":"house","location":"DHA Defence Phase 2, DHA Defence","neighborhood":"DHA Defence","pricePkr":102500000,"pricePerSqft":22777.78,"pricePerMarla":5125000.0,"areaSqft":4500.0,"beds":5,"baths":6,"url":"https://www.zameen.com/Property/dha_defence_dha_defence_phase_2_1_kanal_house_in_dha_defence_phase_2_is_best_option-54471516-339-1.html"}},{"type":"Feature","geometry":{"type":"Point","coordinates":[73.161392,33.527944]},"properties":{"id":"zameen-54793786","source":"Zameen","confidenceScore":100,"confidenceBand":"High","isOutlier":false,"title":"Call or Whats-app For 50+ Houses at DHA Phase II Islamabad","propertyGroup":"house","location":"DHA Defence Phase 2, DHA Defence","neighborhood":"DHA Defence","pricePkr":102500000,"pricePerSqft":22777.78,"pricePerMarla":5125000.0,"areaSqft":4500.0,"beds":6,"baths":7,"url":"https://www.zameen.com/Property/dha_defence_dha_defence_phase_2_call_or_whats-app_for_50_houses_at_dha_phase_ii_islamabad-54793786-339-1.html"}},{"type":"Feature","geometry":{"type":"Point","coordinates":[73.000663,33.675549]},"properties":{"id":"zameen-54468712","source":"Zameen","confidenceScore":100,"confidenceBand":"High","isOutlier":false,"title":"Beautiful Brand New 2Bed Corner Apartment Available For Sale In Capital Heights G-11","propertyGroup":"apartment","location":"Capital Heights, G-11/3","neighborhood":"G-11","pricePkr":33500000,"pricePerSqft":22711.86,"pricePerMarla":5110169.49,"areaSqft":1475.0,"beds":2,"baths":2,"url":"https://www.zameen.com/Property/g_11_3_capital_heights_beautiful_brand_new_2bed_corner_apartment_available_for_sale_in_capital_heights_g-11-54468712-13256-1.html"}},{"type":"Feature","geometry":{"type":"Point","coordinates":[73.161392,33.527944]},"properties":{"id":"zameen-54471505","source":"Zameen","confidenceScore":100,"confidenceBand":"High","isOutlier":false,"title":"Brand New Ultra Modern Mansion A+ Quality Prime Location","propertyGroup":"house","location":"DHA Defence Phase 2, DHA Defence","neighborhood":"DHA Defence","pricePkr":102000000,"pricePerSqft":22666.67,"pricePerMarla":5100000.0,"areaSqft":4500.0,"beds":6,"baths":6,"url":"https://www.zameen.com/Property/dha_defence_dha_defence_phase_2_brand_new_ultra_modern_mansion_a_quality_prime_location-54471505-339-1.html"}},{"type":"Feature","geometry":{"type":"Point","coordinates":[72.967386,33.609902]},"properties":{"id":"zameen-54673651","source":"Zameen","confidenceScore":100,"confidenceBand":"High","isOutlier":false,"title":"5 Marla House For Sale CDA Sector I-14/1 , | Islambad | 03488030330 | Demond : 2.55 Crore","propertyGroup":"house","location":"I-14, Islamabad","neighborhood":"I-14","pricePkr":25500000,"pricePerSqft":22666.67,"pricePerMarla":5100000.0,"areaSqft":1125.0,"beds":4,"baths":6,"url":"https://www.zameen.com/Property/islamabad_i-14_5_marla_house_for_sale_cda_sector_i-14_1_islambad_03488030330_demond_2_55_crore-54673651-1045-1.html"}},{"type":"Feature","geometry":{"type":"Point","coordinates":[72.86154199,33.57976918]},"properties":{"id":"zameen-54774770","source":"Zameen","confidenceScore":100,"confidenceBand":"High","isOutlier":false,"title":"Fully furnished A Block 10 Marla House for Sale","propertyGroup":"house","location":"Top City 1 - Block A, Top City 1","neighborhood":"Top City 1","pricePkr":51000000,"pricePerSqft":22666.67,"pricePerMarla":5100000.0,"areaSqft":2250.0,"beds":5,"baths":6,"url":"https://www.zameen.com/Property/top_city_1_top_city_1_-_block_a_fully_furnished_a_block_10_marla_house_for_sale-54774770-9231-1.html"}},{"type":"Feature","geometry":{"type":"Point","coordinates":[72.816696,33.680211]},"properties":{"id":"zameen-54792268","source":"Zameen","confidenceScore":100,"confidenceBand":"High","isOutlier":false,"title":"10 Marla Brand New Desinger House With 10kv Solar In Block C1 MPCHS Multi Garden B17 Islamabad","propertyGroup":"house","location":"MPCHS - Multi Gardens, B-17","neighborhood":"B-17","pricePkr":51000000,"pricePerSqft":22666.67,"pricePerMarla":5100000.0,"areaSqft":2250.0,"beds":5,"baths":6,"url":"https://www.zameen.com/Property/b_17_mpchs_-_multi_gardens_10_marla_brand_new_desinger_house_with_10kv_solar_in_block_c1_mpchs_multi_garden_b17_islamabad-54792268-3115-1.html"}},{"type":"Feature","geometry":{"type":"Point","coordinates":[72.999205,33.674273]},"properties":{"id":"zameen-52266674","source":"Zameen","confidenceScore":100,"confidenceBand":"High","isOutlier":false,"title":"Two Bed Luxury Apartment With Drawing Dining Available For Sale In Warda Hamna 3","propertyGroup":"apartment","location":"Warda Hamna Residencia 3, G-11/3","neighborhood":"G-11","pricePkr":37000000,"pricePerSqft":22560.98,"pricePerMarla":5076219.51,"areaSqft":1640.0,"beds":2,"baths":2,"url":"https://www.zameen.com/Property/g_11_3_warda_hamna_residencia_3_two_bed_luxury_apartment_with_drawing_dining_available_for_sale_in_warda_hamna_3-52266674-11863-1.html"}},{"type":"Feature","geometry":{"type":"Point","coordinates":[72.998230256691,33.6665675874]},"properties":{"id":"zameen-54540661","source":"Zameen","confidenceScore":100,"confidenceBand":"High","isOutlier":false,"title":"G-11 Brand New 2 Bedroom Apartment Available For Sale In Warda Hamna 4","propertyGroup":"apartment","location":"Warda Hamna Residencia, G-11 Markaz","neighborhood":"G-11","pricePkr":37000000,"pricePerSqft":22424.24,"pricePerMarla":5045454.55,"areaSqft":1650.0,"beds":2,"baths":2,"url":"https://www.zameen.com/Property/g_11_markaz_warda_hamna_residencia_g-11_brand_new_2_bedroom_apartment_available_for_sale_in_warda_hamna_4-54540661-22209-1.html"}},{"type":"Feature","geometry":{"type":"Point","coordinates":[73.211968,33.599018]},"properties":{"id":"zameen-54047741","source":"Zameen","confidenceScore":100,"confidenceBand":"High","isOutlier":false,"title":"Beautiful 2 Bed Apartment Size 1562 Sq Ft","propertyGroup":"apartment","location":"Gulberg, Islamabad","neighborhood":"Gulberg","pricePkr":35000000,"pricePerSqft":22407.17,"pricePerMarla":5041613.32,"areaSqft":1562.0,"beds":2,"baths":2,"url":"https://www.zameen.com/Property/islamabad_gulberg_beautiful_2_bed_apartment_size_1562_sq_ft-54047741-1682-1.html"}},{"type":"Feature","geometry":{"type":"Point","coordinates":[72.822189,33.68064]},"properties":{"id":"zameen-54842935","source":"Zameen","confidenceScore":100,"confidenceBand":"High","isOutlier":false,"title":"Mpchs multi gardens b-17 Islamabad 5 Marla brand new house available for sale","propertyGroup":"house","location":"B-17, Islamabad","neighborhood":"B-17","pricePkr":25200000,"pricePerSqft":22400.0,"pricePerMarla":5040000.0,"areaSqft":1125.0,"beds":4,"baths":5,"url":"https://www.zameen.com/Property/islamabad_b-17_mpchs_multi_gardens_b-17_islamabad_5_marla_brand_new_house_available_for_sale-54842935-616-1.html"}},{"type":"Feature","geometry":{"type":"Point","coordinates":[73.15135,33.512166]},"properties":{"id":"zameen-49940287","source":"Zameen","confidenceScore":100,"confidenceBand":"High","isOutlier":false,"title":"Designer Brand New 10 Marla Modern House For Sale In Zaraj Housing Society Islamabad","propertyGroup":"house","location":"Zaraj Housing Scheme, Islamabad","neighborhood":"Zaraj Housing Scheme","pricePkr":50000000,"pricePerSqft":22222.22,"pricePerMarla":5000000.0,"areaSqft":2250.0,"beds":5,"baths":6,"url":"https://www.zameen.com/Property/islamabad_zaraj_housing_scheme_designer_brand_new_10_marla_modern_house_for_sale_in_zaraj_housing_society_islamabad-49940287-3508-1.html"}},{"type":"Feature","geometry":{"type":"Point","coordinates":[72.78705868,33.68098931]},"properties":{"id":"zameen-52605546","source":"Zameen","confidenceScore":100,"confidenceBand":"High","isOutlier":false,"title":"10 Marla House For Sale In Multi Gardens,F Block,B-17 ISLAMABAD.","propertyGroup":"house","location":"MPCHS - Block F, MPCHS - Multi Gardens","neighborhood":"B-17","pricePkr":50000000,"pricePerSqft":22222.22,"pricePerMarla":5000000.0,"areaSqft":2250.0,"beds":6,"baths":7,"url":"https://www.zameen.com/Property/mpchs_multi_gardens_mpchs_-_block_f_10_marla_house_for_sale_in_multi_gardens_f_block_b-17_islamabad-52605546-8527-1.html"}},{"type":"Feature","geometry":{"type":"Point","coordinates":[73.223812,33.698472]},"properties":{"id":"zameen-52608422","source":"Zameen","confidenceScore":100,"confidenceBand":"High","isOutlier":false,"title":"8 Marla Beautiful House Available For Sale Just 1 Mint Drive From The Main Gate","propertyGroup":"house","location":"Bahria Enclave - Sector B1, Bahria Enclave","neighborhood":"Bahria Town","pricePkr":40000000,"pricePerSqft":22222.22,"pricePerMarla":5000000.0,"areaSqft":1800.0,"beds":5,"baths":6,"url":"https://www.zameen.com/Property/bahria_enclave_bahria_enclave_-_sector_b1_8_marla_beautiful_house_available_for_sale_just_1_mint_drive_from_the_main_gate-52608422-11972-1.html"}},{"type":"Feature","geometry":{"type":"Point","coordinates":[73.139758,33.556935]},"properties":{"id":"zameen-54370336","source":"Zameen","confidenceScore":100,"confidenceBand":"High","isOutlier":false,"title":"7 Marla House For Sale In CBR Town Block D","propertyGroup":"house","location":"CBR Town Phase 1 - Block D, CBR Town Phase 1","neighborhood":"CBR Town","pricePkr":35000000,"pricePerSqft":22222.22,"pricePerMarla":5000000.0,"areaSqft":1575.0,"beds":5,"baths":6,"url":"https://www.zameen.com/Property/cbr_town_phase_1_cbr_town_phase_1_-_block_d_7_marla_house_for_sale_in_cbr_town_block_d-54370336-3150-1.html"}},{"type":"Feature","geometry":{"type":"Point","coordinates":[72.784982,33.681917]},"properties":{"id":"zameen-54430902","source":"Zameen","confidenceScore":100,"confidenceBand":"High","isOutlier":false,"title":"5 Marla Brand New House For Sale In B-17 Block F.","propertyGroup":"house","location":"B-17, Islamabad","neighborhood":"B-17","pricePkr":25000000,"pricePerSqft":22222.22,"pricePerMarla":5000000.0,"areaSqft":1125.0,"beds":3,"baths":5,"url":"https://www.zameen.com/Property/islamabad_b-17_5_marla_brand_new_house_for_sale_in_b-17_block_f-54430902-616-1.html"}},{"type":"Feature","geometry":{"type":"Point","coordinates":[72.852359,33.598178]},"properties":{"id":"zameen-54493114","source":"Zameen","confidenceScore":100,"confidenceBand":"High","isOutlier":false,"title":"Brand New House For Sale","propertyGroup":"house","location":"Airport Enclave, Islamabad","neighborhood":"Airport Enclave","pricePkr":25000000,"pricePerSqft":22222.22,"pricePerMarla":5000000.0,"areaSqft":1125.0,"beds":4,"baths":4,"url":"https://www.zameen.com/Property/islamabad_airport_enclave_brand_new_house_for_sale-54493114-9241-1.html"}},{"type":"Feature","geometry":{"type":"Point","coordinates":[73.174142,33.540249]},"properties":{"id":"zameen-54533956","source":"Zameen","confidenceScore":100,"confidenceBand":"High","isOutlier":false,"title":"1 Kanal Luxury House For Sale In DHA Phase 2, Islamabad","propertyGroup":"house","location":"DHA Defence Phase 2, DHA Defence","neighborhood":"DHA Defence","pricePkr":100000000,"pricePerSqft":22222.22,"pricePerMarla":5000000.0,"areaSqft":4500.0,"beds":6,"baths":6,"url":"https://www.zameen.com/Property/dha_defence_dha_defence_phase_2_1_kanal_luxury_house_for_sale_in_dha_phase_2_islamabad-54533956-339-1.html"}},{"type":"Feature","geometry":{"type":"Point","coordinates":[72.941837,33.702421]},"properties":{"id":"zameen-54581725","source":"Zameen","confidenceScore":100,"confidenceBand":"High","isOutlier":false,"title":"1 Kanal Plot For Sale In Sector D-12/2.","propertyGroup":"plot","location":"D-12/2, D-12","neighborhood":"D-12","pricePkr":100000000,"pricePerSqft":22222.22,"pricePerMarla":5000000.0,"areaSqft":4500.0,"beds":null,"baths":null,"url":"https://www.zameen.com/Property/d_12_d-12_2_1_kanal_plot_for_sale_in_sector_d-12_2-54581725-3155-2.html"}},{"type":"Feature","geometry":{"type":"Point","coordinates":[73.16268,33.713488]},"properties":{"id":"zameen-54624343","source":"Zameen","confidenceScore":100,"confidenceBand":"High","isOutlier":false,"title":"10 Marla House In Stunning Bani Gala Is Available For Sale","propertyGroup":"house","location":"Bani Gala, Islamabad","neighborhood":"Bani Gala","pricePkr":50000000,"pricePerSqft":22222.22,"pricePerMarla":5000000.0,"areaSqft":2250.0,"beds":5,"baths":5,"url":"https://www.zameen.com/Property/islamabad_bani_gala_10_marla_house_in_stunning_bani_gala_is_available_for_sale-54624343-340-1.html"}},{"type":"Feature","geometry":{"type":"Point","coordinates":[72.78705868,33.68098931]},"properties":{"id":"zameen-54673599","source":"Zameen","confidenceScore":100,"confidenceBand":"High","isOutlier":false,"title":"Affordable House Available For sale In MPCHS - Block F","propertyGroup":"house","location":"MPCHS - Block F, MPCHS - Multi Gardens","neighborhood":"B-17","pricePkr":25000000,"pricePerSqft":22222.22,"pricePerMarla":5000000.0,"areaSqft":1125.0,"beds":3,"baths":3,"url":"https://www.zameen.com/Property/mpchs_multi_gardens_mpchs_-_block_f_affordable_house_available_for_sale_in_mpchs_-_block_f-54673599-8527-1.html"}},{"type":"Feature","geometry":{"type":"Point","coordinates":[72.860634,33.589205]},"properties":{"id":"zameen-54743389","source":"Zameen","confidenceScore":100,"confidenceBand":"High","isOutlier":false,"title":"5 Marla House Is Available For sale","propertyGroup":"house","location":"Mumtaz City, Islamabad","neighborhood":"Mumtaz City","pricePkr":25000000,"pricePerSqft":22222.22,"pricePerMarla":5000000.0,"areaSqft":1125.0,"beds":4,"baths":4,"url":"https://www.zameen.com/Property/islamabad_mumtaz_city_5_marla_house_is_available_for_sale-54743389-3464-1.html"}},{"type":"Feature","geometry":{"type":"Point","coordinates":[72.919879216277,33.693918714802]},"properties":{"id":"zameen-54754714","source":"Zameen","confidenceScore":100,"confidenceBand":"High","isOutlier":false,"title":"3rd Ballot Margalla Enclave ME-1 5 Marla Road 2 Sunfacing and Margalla Facing Solid Land on 03 years Easy Installment Plan Plot For Sale","propertyGroup":"plot","location":"Margalla Enclave, Margalla Avenue","neighborhood":"Margalla Avenue","pricePkr":25000000,"pricePerSqft":22222.22,"pricePerMarla":5000000.0,"areaSqft":1125.0,"beds":null,"baths":null,"url":"https://www.zameen.com/Property/margalla_avenue_margalla_enclave_3rd_ballot_margalla_enclave_me-1_5_marla_road_2_sunfacing_and_margalla_facing_solid_land_on_03_years_easy_installment_plan_plot_for_sale-54754714-21436-2.html"}},{"type":"Feature","geometry":{"type":"Point","coordinates":[73.185313,33.7015341]},"properties":{"id":"zameen-54754767","source":"Zameen","confidenceScore":96,"confidenceBand":"High","isOutlier":false,"title":"3rd Ballot 5 Marla Residential Plot Available for Sale Margalla Enclave Islamabad","propertyGroup":"plot","location":"Margalla Enclave, Margalla Avenue","neighborhood":"Margalla Avenue","pricePkr":25000000,"pricePerSqft":22222.22,"pricePerMarla":5000000.0,"areaSqft":1125.0,"beds":null,"baths":null,"url":"https://www.zameen.com/Property/margalla_avenue_margalla_enclave_3rd_ballot_5_marla_residential_plot_available_for_sale_margalla_enclave_islamabad-54754767-21436-2.html"}},{"type":"Feature","geometry":{"type":"Point","coordinates":[72.9198792,33.6939187]},"properties":{"id":"zameen-54755027","source":"Zameen","confidenceScore":100,"confidenceBand":"High","isOutlier":false,"title":"ME 3rd Bolting Size 5 Marla Confirm option available For Sale","propertyGroup":"plot","location":"Margalla Enclave, Margalla Avenue","neighborhood":"Margalla Avenue","pricePkr":25000000,"pricePerSqft":22222.22,"pricePerMarla":5000000.0,"areaSqft":1125.0,"beds":null,"baths":null,"url":"https://www.zameen.com/Property/margalla_avenue_margalla_enclave_me_3rd_bolting_size_5_marla_confirm_option_available_for_sale-54755027-21436-2.html"}},{"type":"Feature","geometry":{"type":"Point","coordinates":[72.9198792,33.6939187]},"properties":{"id":"zameen-54756435","source":"Zameen","confidenceScore":100,"confidenceBand":"High","isOutlier":false,"title":"3rd Balloting 5 Marla Plot Available 3Years Installment Plan In Margalla Enclave Islamabad Sector ME-1","propertyGroup":"plot","location":"Margalla Enclave, Margalla Avenue","neighborhood":"Margalla Avenue","pricePkr":25000000,"pricePerSqft":22222.22,"pricePerMarla":5000000.0,"areaSqft":1125.0,"beds":null,"baths":null,"url":"https://www.zameen.com/Property/margalla_avenue_margalla_enclave_3rd_balloting_5_marla_plot_available_3years_installment_plan_in_margalla_enclave_islamabad_sector_me-1-54756435-21436-2.html"}},{"type":"Feature","geometry":{"type":"Point","coordinates":[72.919879216277,33.693918714802]},"properties":{"id":"zameen-54786613","source":"Zameen","confidenceScore":100,"confidenceBand":"High","isOutlier":false,"title":"Residential Plot Is Available For sale In Margalla Enclave","propertyGroup":"plot","location":"Margalla Enclave, Margalla Avenue","neighborhood":"Margalla Avenue","pricePkr":25000000,"pricePerSqft":22222.22,"pricePerMarla":5000000.0,"areaSqft":1125.0,"beds":null,"baths":null,"url":"https://www.zameen.com/Property/margalla_avenue_margalla_enclave_residential_plot_is_available_for_sale_in_margalla_enclave-54786613-21436-2.html"}},{"type":"Feature","geometry":{"type":"Point","coordinates":[72.86725,33.587954]},"properties":{"id":"zameen-54830466","source":"Zameen","confidenceScore":100,"confidenceBand":"High","isOutlier":false,"title":"10 Maral Brand New House For Sale","propertyGroup":"house","location":"Top City 1, Islamabad","neighborhood":"Top City 1","pricePkr":50000000,"pricePerSqft":22222.22,"pricePerMarla":5000000.0,"areaSqft":2250.0,"beds":6,"baths":6,"url":"https://www.zameen.com/Property/islamabad_top_city_1_10_maral_brand_new_house_for_sale-54830466-1383-1.html"}},{"type":"Feature","geometry":{"type":"Point","coordinates":[72.809475,33.708599]},"properties":{"id":"zameen-54832572","source":"Zameen","confidenceScore":100,"confidenceBand":"High","isOutlier":false,"title":"5 Marla ( 25*50 In Executive Block ) Prime Location. Brand New House For Sale in Executive Block, Faisal Hills","propertyGroup":"house","location":"Faisal Hills, Islamabad","neighborhood":"Faisal Hills","pricePkr":25000000,"pricePerSqft":22222.22,"pricePerMarla":5000000.0,"areaSqft":1125.0,"beds":7,"baths":6,"url":"https://www.zameen.com/Property/islamabad_faisal_hills_5_marla_25_50_in_executive_block_prime_location_brand_new_house_for_sale_in_executive_block_faisal_hills-54832572-10859-1.html"}},{"type":"Feature","geometry":{"type":"Point","coordinates":[72.7995694,33.68175979]},"properties":{"id":"zameen-54841900","source":"Zameen","confidenceScore":100,"confidenceBand":"High","isOutlier":false,"title":"House For Sale In Beautiful MPCHS - Block E","propertyGroup":"house","location":"MPCHS - Block E, MPCHS - Multi Gardens","neighborhood":"B-17","pricePkr":40000000,"pricePerSqft":22222.22,"pricePerMarla":5000000.0,"areaSqft":1800.0,"beds":4,"baths":4,"url":"https://www.zameen.com/Property/mpchs_multi_gardens_mpchs_-_block_e_house_for_sale_in_beautiful_mpchs_-_block_e-54841900-3120-1.html"}},{"type":"Feature","geometry":{"type":"Point","coordinates":[72.86725,33.587954]},"properties":{"id":"zameen-54777648","source":"Zameen","confidenceScore":100,"confidenceBand":"High","isOutlier":false,"title":"1 Kanal House For Sale","propertyGroup":"house","location":"Top City 1, Islamabad","neighborhood":"Top City 1","pricePkr":99800000,"pricePerSqft":22177.78,"pricePerMarla":4990000.0,"areaSqft":4500.0,"beds":6,"baths":6,"url":"https://www.zameen.com/Property/islamabad_top_city_1_1_kanal_house_for_sale-54777648-1383-1.html"}},{"type":"Feature","geometry":{"type":"Point","coordinates":[72.999205,33.674273]},"properties":{"id":"zameen-52932464","source":"Zameen","confidenceScore":100,"confidenceBand":"High","isOutlier":false,"title":"Beautiful 3 Bed Front Facing Apartment Available For Sale Warda Hamna-3","propertyGroup":"apartment","location":"Warda Hamna Residencia 3, G-11/3","neighborhood":"G-11","pricePkr":46500000,"pricePerSqft":22142.86,"pricePerMarla":4982142.86,"areaSqft":2100.0,"beds":3,"baths":3,"url":"https://www.zameen.com/Property/g_11_3_warda_hamna_residencia_3_beautiful_3_bed_front_facing_apartment_available_for_sale_warda_hamna-3-52932464-11863-1.html"}},{"type":"Feature","geometry":{"type":"Point","coordinates":[73.161392,33.527944]},"properties":{"id":"zameen-52826706","source":"Zameen","confidenceScore":100,"confidenceBand":"High","isOutlier":false,"title":"1 Kanal House For Sale DHA Phase 2, Islamabad","propertyGroup":"house","location":"DHA Defence Phase 2, DHA Defence","neighborhood":"DHA Defence","pricePkr":99000000,"pricePerSqft":22000.0,"pricePerMarla":4950000.0,"areaSqft":4500.0,"beds":5,"baths":6,"url":"https://www.zameen.com/Property/dha_defence_dha_defence_phase_2_1_kanal_house_for_sale_dha_phase_2_islamabad-52826706-339-1.html"}},{"type":"Feature","geometry":{"type":"Point","coordinates":[72.86154199,33.57976918]},"properties":{"id":"zameen-53834017","source":"Zameen","confidenceScore":100,"confidenceBand":"High","isOutlier":false,"title":"Prime Location House For Sale","propertyGroup":"house","location":"Top City 1 - Block A, Top City 1","neighborhood":"Top City 1","pricePkr":49500000,"pricePerSqft":22000.0,"pricePerMarla":4950000.0,"areaSqft":2250.0,"beds":5,"baths":6,"url":"https://www.zameen.com/Property/top_city_1_top_city_1_-_block_a_prime_location_house_for_sale-53834017-9231-1.html"}},{"type":"Feature","geometry":{"type":"Point","coordinates":[72.86154199,33.57976918]},"properties":{"id":"zameen-54244608","source":"Zameen","confidenceScore":100,"confidenceBand":"High","isOutlier":false,"title":"10 Marla House For Grabs In Top City 1","propertyGroup":"house","location":"Top City 1 - Block A, Top City 1","neighborhood":"Top City 1","pricePkr":49500000,"pricePerSqft":22000.0,"pricePerMarla":4950000.0,"areaSqft":2250.0,"beds":5,"baths":6,"url":"https://www.zameen.com/Property/top_city_1_top_city_1_-_block_a_10_marla_house_for_grabs_in_top_city_1-54244608-9231-1.html"}},{"type":"Feature","geometry":{"type":"Point","coordinates":[72.919879216277,33.693918714802]},"properties":{"id":"zameen-53290346","source":"Zameen","confidenceScore":100,"confidenceBand":"High","isOutlier":false,"title":"3rd Ballot Margalla Enclave ME-1 10 Marla Street 16 Sun Facing Solid Land on 03 years Easy Installment Plan Plot For Sale","propertyGroup":"plot","location":"Margalla Enclave, Margalla Avenue","neighborhood":"Margalla Avenue","pricePkr":49000000,"pricePerSqft":21777.78,"pricePerMarla":4900000.0,"areaSqft":2250.0,"beds":null,"baths":null,"url":"https://www.zameen.com/Property/margalla_avenue_margalla_enclave_3rd_ballot_margalla_enclave_me-1_10_marla_street_16_sun_facing_solid_land_on_03_years_easy_installment_plan_plot_for_sale-53290346-21436-2.html"}},{"type":"Feature","geometry":{"type":"Point","coordinates":[72.86154199,33.57976918]},"properties":{"id":"zameen-54244558","source":"Zameen","confidenceScore":100,"confidenceBand":"High","isOutlier":false,"title":"10 Marla House Is Available For sale In Top City 1 - Block A","propertyGroup":"house","location":"Top City 1 - Block A, Top City 1","neighborhood":"Top City 1","pricePkr":49000000,"pricePerSqft":21777.78,"pricePerMarla":4900000.0,"areaSqft":2250.0,"beds":5,"baths":6,"url":"https://www.zameen.com/Property/top_city_1_top_city_1_-_block_a_10_marla_house_is_available_for_sale_in_top_city_1_-_block_a-54244558-9231-1.html"}},{"type":"Feature","geometry":{"type":"Point","coordinates":[73.24194062,33.69065954]},"properties":{"id":"zameen-54673843","source":"Zameen","confidenceScore":100,"confidenceBand":"High","isOutlier":false,"title":"Sector N 5 Marla House For Sale | Bahria Enclave, Islamabad","propertyGroup":"house","location":"Bahria Enclave - Sector N, Bahria Enclave","neighborhood":"Bahria Town","pricePkr":24500000,"pricePerSqft":21777.78,"pricePerMarla":4900000.0,"areaSqft":1125.0,"beds":3,"baths":3,"url":"https://www.zameen.com/Property/bahria_enclave_bahria_enclave_-_sector_n_sector_n_5_marla_house_for_sale_bahria_enclave_islamabad-54673843-11975-1.html"}},{"type":"Feature","geometry":{"type":"Point","coordinates":[73.24194062,33.69065954]},"properties":{"id":"zameen-54689635","source":"Zameen","confidenceScore":100,"confidenceBand":"High","isOutlier":false,"title":"Sector N 5 Marla Brand New Corner House For Sale | Bahria Enclave, Islamabad","propertyGroup":"house","location":"Bahria Enclave - Sector N, Bahria Enclave","neighborhood":"Bahria Town","pricePkr":24500000,"pricePerSqft":21777.78,"pricePerMarla":4900000.0,"areaSqft":1125.0,"beds":3,"baths":3,"url":"https://www.zameen.com/Property/bahria_enclave_bahria_enclave_-_sector_n_sector_n_5_marla_brand_new_corner_house_for_sale_bahria_enclave_islamabad-54689635-11975-1.html"}},{"type":"Feature","geometry":{"type":"Point","coordinates":[73.1889874,33.701637]},"properties":{"id":"zameen-54752059","source":"Zameen","confidenceScore":96,"confidenceBand":"High","isOutlier":false,"title":"3rd Ballot 10 Marla Residential Plots Available Margalla Enclave Islamabad","propertyGroup":"plot","location":"Margalla Enclave, Margalla Avenue","neighborhood":"Margalla Avenue","pricePkr":49000000,"pricePerSqft":21777.78,"pricePerMarla":4900000.0,"areaSqft":2250.0,"beds":null,"baths":null,"url":"https://www.zameen.com/Property/margalla_avenue_margalla_enclave_3rd_ballot_10_marla_residential_plots_available_margalla_enclave_islamabad-54752059-21436-2.html"}},{"type":"Feature","geometry":{"type":"Point","coordinates":[72.9198792,33.6939187]},"properties":{"id":"zameen-54755055","source":"Zameen","confidenceScore":100,"confidenceBand":"High","isOutlier":false,"title":"Margalla Enclave 3rd Bolting Size 10 Marla Confirm Plots Available For Sale","propertyGroup":"plot","location":"Margalla Enclave, Margalla Avenue","neighborhood":"Margalla Avenue","pricePkr":49000000,"pricePerSqft":21777.78,"pricePerMarla":4900000.0,"areaSqft":2250.0,"beds":null,"baths":null,"url":"https://www.zameen.com/Property/margalla_avenue_margalla_enclave_margalla_enclave_3rd_bolting_size_10_marla_confirm_plots_available_for_sale-54755055-21436-2.html"}},{"type":"Feature","geometry":{"type":"Point","coordinates":[72.919879216277,33.693918714802]},"properties":{"id":"zameen-54755697","source":"Zameen","confidenceScore":100,"confidenceBand":"High","isOutlier":false,"title":"3rd Balloting 10 Marla Plot Available 3Years Installment Plan In Margalla Enclave Islamabad Sector ME-1","propertyGroup":"plot","location":"Margalla Enclave, Margalla Avenue","neighborhood":"Margalla Avenue","pricePkr":49000000,"pricePerSqft":21777.78,"pricePerMarla":4900000.0,"areaSqft":2250.0,"beds":null,"baths":null,"url":"https://www.zameen.com/Property/margalla_avenue_margalla_enclave_3rd_balloting_10_marla_plot_available_3years_installment_plan_in_margalla_enclave_islamabad_sector_me-1-54755697-21436-2.html"}},{"type":"Feature","geometry":{"type":"Point","coordinates":[72.86725,33.587954]},"properties":{"id":"zameen-54761411","source":"Zameen","confidenceScore":100,"confidenceBand":"High","isOutlier":false,"title":"10 Marla Brand New Designer House for Sale Topcity D Block","propertyGroup":"house","location":"Top City 1, Islamabad","neighborhood":"Top City 1","pricePkr":49000000,"pricePerSqft":21777.78,"pricePerMarla":4900000.0,"areaSqft":2250.0,"beds":5,"baths":5,"url":"https://www.zameen.com/Property/islamabad_top_city_1_10_marla_brand_new_designer_house_for_sale_topcity_d_block-54761411-1383-1.html"}},{"type":"Feature","geometry":{"type":"Point","coordinates":[72.919879216277,33.693918714802]},"properties":{"id":"zameen-54775572","source":"Zameen","confidenceScore":100,"confidenceBand":"High","isOutlier":false,"title":"Margalla Enclave 3rd Ballot 10 Marla Plot Available On Easy Instalments","propertyGroup":"plot","location":"Margalla Enclave, Margalla Avenue","neighborhood":"Margalla Avenue","pricePkr":49000000,"pricePerSqft":21777.78,"pricePerMarla":4900000.0,"areaSqft":2250.0,"beds":null,"baths":null,"url":"https://www.zameen.com/Property/margalla_avenue_margalla_enclave_margalla_enclave_3rd_ballot_10_marla_plot_available_on_easy_instalments-54775572-21436-2.html"}},{"type":"Feature","geometry":{"type":"Point","coordinates":[72.919879216277,33.693918714802]},"properties":{"id":"zameen-54786617","source":"Zameen","confidenceScore":100,"confidenceBand":"High","isOutlier":false,"title":"A Spacious 10 Marla Residential Plot In Margalla Enclave","propertyGroup":"plot","location":"Margalla Enclave, Margalla Avenue","neighborhood":"Margalla Avenue","pricePkr":49000000,"pricePerSqft":21777.78,"pricePerMarla":4900000.0,"areaSqft":2250.0,"beds":null,"baths":null,"url":"https://www.zameen.com/Property/margalla_avenue_margalla_enclave_a_spacious_10_marla_residential_plot_in_margalla_enclave-54786617-21436-2.html"}},{"type":"Feature","geometry":{"type":"Point","coordinates":[72.919879216277,33.693918714802]},"properties":{"id":"zameen-54794999","source":"Zameen","confidenceScore":100,"confidenceBand":"High","isOutlier":false,"title":"A Well Designed Residential Plot Is Up For sale In An Ideal Location In Islamabad","propertyGroup":"plot","location":"Margalla Enclave, Margalla Avenue","neighborhood":"Margalla Avenue","pricePkr":49000000,"pricePerSqft":21777.78,"pricePerMarla":4900000.0,"areaSqft":2250.0,"beds":null,"baths":null,"url":"https://www.zameen.com/Property/margalla_avenue_margalla_enclave_a_well_designed_residential_plot_is_up_for_sale_in_an_ideal_location_in_islamabad-54794999-21436-2.html"}},{"type":"Feature","geometry":{"type":"Point","coordinates":[72.801796743,33.700872782]},"properties":{"id":"zameen-54802817","source":"Zameen","confidenceScore":100,"confidenceBand":"High","isOutlier":false,"title":"BEAUTIFUL 5 MARLA HOUSE FOR SALE IN FAISAL HILLS","propertyGroup":"house","location":"Faisal Hills - Executive Block, Faisal Hills","neighborhood":"Faisal Hills","pricePkr":24500000,"pricePerSqft":21777.78,"pricePerMarla":4900000.0,"areaSqft":1125.0,"beds":3,"baths":3,"url":"https://www.zameen.com/Property/faisal_hills_faisal_hills_-_executive_block_beautiful_5_marla_house_for_sale_in_faisal_hills-54802817-16527-1.html"}},{"type":"Feature","geometry":{"type":"Point","coordinates":[73.223537,33.721908]},"properties":{"id":"zameen-54819049","source":"Zameen","confidenceScore":100,"confidenceBand":"High","isOutlier":false,"title":"**5 MARLA DOUBLE UNIT DEAD-END HOUSE FOR SALE PARK VIEW CITY OVERSEAS A**","propertyGroup":"house","location":"Park View City - Overseas Block, Park View City","neighborhood":"Park View City","pricePkr":24500000,"pricePerSqft":21777.78,"pricePerMarla":4900000.0,"areaSqft":1125.0,"beds":3,"baths":5,"url":"https://www.zameen.com/Property/park_view_city_park_view_city_-_overseas_block_5_marla_double_unit_dead-end_house_for_sale_park_view_city_overseas_a-54819049-19666-1.html"}},{"type":"Feature","geometry":{"type":"Point","coordinates":[73.174596,33.572008]},"properties":{"id":"zameen-54842096","source":"Zameen","confidenceScore":100,"confidenceBand":"High","isOutlier":false,"title":"5 Marla Double Storey House For Sale in Jinah garden Islamabad","propertyGroup":"house","location":"Jinnah Gardens Phase 1, Jinnah Gardens","neighborhood":"FECHS","pricePkr":24500000,"pricePerSqft":21777.78,"pricePerMarla":4900000.0,"areaSqft":1125.0,"beds":5,"baths":6,"url":"https://www.zameen.com/Property/jinnah_gardens_jinnah_gardens_phase_1_5_marla_double_storey_house_for_sale_in_jinah_garden_islamabad-54842096-1421-1.html"}},{"type":"Feature","geometry":{"type":"Point","coordinates":[73.152981,33.526227]},"properties":{"id":"zameen-54685966","source":"Zameen","confidenceScore":100,"confidenceBand":"High","isOutlier":false,"title":"Spacious 1 Kanal Home For Sale In Prime Location DHA 2","propertyGroup":"house","location":"DHA Phase 2 - Sector C, DHA Defence Phase 2","neighborhood":"DHA Defence","pricePkr":97500000,"pricePerSqft":21666.67,"pricePerMarla":4875000.0,"areaSqft":4500.0,"beds":6,"baths":6,"url":"https://www.zameen.com/Property/dha_defence_phase_2_dha_phase_2_-_sector_c_spacious_1_kanal_home_for_sale_in_prime_location_dha_2-54685966-3198-1.html"}},{"type":"Feature","geometry":{"type":"Point","coordinates":[73.181521,33.609649]},"properties":{"id":"zameen-54652883","source":"Zameen","confidenceScore":100,"confidenceBand":"High","isOutlier":false,"title":"3 Bed Premium Luxurious Apartments- With Lake And Margalla Views & Servant Room Attached","propertyGroup":"apartment","location":"Karakoram Greens, Gulberg Greens","neighborhood":"Gulberg","pricePkr":70000000,"pricePerSqft":21584.95,"pricePerMarla":4856614.25,"areaSqft":3243.0,"beds":3,"baths":4,"url":"https://www.zameen.com/Property/gulberg_greens_karakoram_greens_3_bed_premium_luxurious_apartments-_with_lake_and_margalla_views_servant_room_attached-54652883-11832-1.html"}},{"type":"Feature","geometry":{"type":"Point","coordinates":[73.16268,33.713488]},"properties":{"id":"zameen-53075066","source":"Zameen","confidenceScore":100,"confidenceBand":"High","isOutlier":false,"title":"10 Marla Brand New House For Sale In Bani Gala","propertyGroup":"house","location":"Bani Gala, Islamabad","neighborhood":"Bani Gala","pricePkr":48500000,"pricePerSqft":21555.56,"pricePerMarla":4850000.0,"areaSqft":2250.0,"beds":4,"baths":5,"url":"https://www.zameen.com/Property/islamabad_bani_gala_10_marla_brand_new_house_for_sale_in_bani_gala-53075066-340-1.html"}},{"type":"Feature","geometry":{"type":"Point","coordinates":[73.139758,33.556935]},"properties":{"id":"graana-1558011","source":"Graana","confidenceScore":88,"confidenceBand":"High","isOutlier":false,"title":"14 Marla House for Sale","propertyGroup":"house","location":"CBR Town, Block C, Islamabad","neighborhood":"CBR Town","pricePkr":67500000,"pricePerSqft":21428.57,"pricePerMarla":4821428.57,"areaSqft":3150.0,"beds":7,"baths":8,"url":"https://www.graana.com/property/1558011"}},{"type":"Feature","geometry":{"type":"Point","coordinates":[72.86725,33.587954]},"properties":{"id":"zameen-52362464","source":"Zameen","confidenceScore":100,"confidenceBand":"High","isOutlier":false,"title":"Brand New House For Sale With Basement","propertyGroup":"house","location":"Top City 1, Islamabad","neighborhood":"Top City 1","pricePkr":48000000,"pricePerSqft":21333.33,"pricePerMarla":4800000.0,"areaSqft":2250.0,"beds":10,"baths":7,"url":"https://www.zameen.com/Property/islamabad_top_city_1_brand_new_house_for_sale_with_basement-52362464-1383-1.html"}},{"type":"Feature","geometry":{"type":"Point","coordinates":[72.953153,33.691138]},"properties":{"id":"zameen-54795463","source":"Zameen","confidenceScore":100,"confidenceBand":"High","isOutlier":false,"title":"Proper Corner Top Location Developed 35x70 Size Plot is for Sale in E-12/2.","propertyGroup":"plot","location":"E-12/2, E-12","neighborhood":"E-12","pricePkr":48000000,"pricePerSqft":21333.33,"pricePerMarla":4800000.0,"areaSqft":2250.0,"beds":null,"baths":null,"url":"https://www.zameen.com/Property/e_12_e-12_2_proper_corner_top_location_developed_35x70_size_plot_is_for_sale_in_e-12_2-54795463-8178-2.html"}},{"type":"Feature","geometry":{"type":"Point","coordinates":[72.823906,33.679925]},"properties":{"id":"zameen-54827705","source":"Zameen","confidenceScore":100,"confidenceBand":"High","isOutlier":false,"title":"10 Marla ( 35*70 in Block C ). Brand New Double Unit House For Sale. In MPCHS Multi Gardens B-17 Islamabad.","propertyGroup":"house","location":"MPCHS - Block C, MPCHS - Multi Gardens","neighborhood":"B-17","pricePkr":48000000,"pricePerSqft":21333.33,"pricePerMarla":4800000.0,"areaSqft":2250.0,"beds":5,"baths":6,"url":"https://www.zameen.com/Property/mpchs_multi_gardens_mpchs_-_block_c_10_marla_35_70_in_block_c_brand_new_double_unit_house_for_sale_in_mpchs_multi_gardens_b-17_islamabad-54827705-3118-1.html"}},{"type":"Feature","geometry":{"type":"Point","coordinates":[72.986383,33.684782]},"properties":{"id":"zameen-54592407","source":"Zameen","confidenceScore":100,"confidenceBand":"High","isOutlier":false,"title":"Luxury Brand New Fully Renovated 3-Bedroom Front Corner Apartment For Sale Karakoram Blessings, F-11 Markaz, Islamabad","propertyGroup":"apartment","location":"F-11 Markaz, F-11","neighborhood":"F-11","pricePkr":70000000,"pricePerSqft":21212.12,"pricePerMarla":4772727.27,"areaSqft":3300.0,"beds":3,"baths":3,"url":"https://www.zameen.com/Property/f_11_f-11_markaz_luxury_brand_new_fully_renovated_3-bedroom_front_corner_apartment_for_sale_karakoram_blessings_f-11_markaz_islamabad-54592407-3286-1.html"}},{"type":"Feature","geometry":{"type":"Point","coordinates":[72.968395,33.649315]},"properties":{"id":"zameen-51852475","source":"Zameen","confidenceScore":100,"confidenceBand":"High","isOutlier":false,"title":"G -13/ 4 ST NO 151 AND ST NO 152 50 FT ROAD LEVEL PLOT Size 50x90 = 500 Yd Prime Location PARK FACE PLOT Best Investment For Construction House Elite Class Location Plot Very Reasonable Price","propertyGroup":"plot","location":"G-13/4, G-13","neighborhood":"G-13","pricePkr":95000000,"pricePerSqft":21111.11,"pricePerMarla":4750000.0,"areaSqft":4500.0,"beds":null,"baths":null,"url":"https://www.zameen.com/Property/g_13_g-13_4_g_-13_4_st_no_151_and_st_no_152_50_ft_road_level_plot_size_50x90_500_yd_prime_location_park_face_plot_best_investment_for_construction_house_elite_class_location_plot_very_reasonable_price-51852475-3340-2.html"}},{"type":"Feature","geometry":{"type":"Point","coordinates":[72.864097,33.573045]},"properties":{"id":"zameen-53509871","source":"Zameen","confidenceScore":100,"confidenceBand":"High","isOutlier":false,"title":"10 Marla Brand New House For Sale in Top city-1 Islamabad","propertyGroup":"house","location":"Top City 1 - Block D, Top City 1","neighborhood":"Top City 1","pricePkr":47500000,"pricePerSqft":21111.11,"pricePerMarla":4750000.0,"areaSqft":2250.0,"beds":5,"baths":6,"url":"https://www.zameen.com/Property/top_city_1_top_city_1_-_block_d_10_marla_brand_new_house_for_sale_in_top_city-1_islamabad-53509871-9233-1.html"}},{"type":"Feature","geometry":{"type":"Point","coordinates":[73.215615,33.695973]},"properties":{"id":"zameen-54563818","source":"Zameen","confidenceScore":100,"confidenceBand":"High","isOutlier":false,"title":"10 Marla A Block New House For Sale On Reasonable Price","propertyGroup":"house","location":"Bahria Enclave - Sector A, Bahria Enclave","neighborhood":"Bahria Town","pricePkr":47500000,"pricePerSqft":21111.11,"pricePerMarla":4750000.0,"areaSqft":2250.0,"beds":4,"baths":5,"url":"https://www.zameen.com/Property/bahria_enclave_bahria_enclave_-_sector_a_10_marla_a_block_new_house_for_sale_on_reasonable_price-54563818-11970-1.html"}},{"type":"Feature","geometry":{"type":"Point","coordinates":[72.867778,33.583732]},"properties":{"id":"zameen-54769164","source":"Zameen","confidenceScore":100,"confidenceBand":"High","isOutlier":false,"title":"1 Kanal Brand New House For Sale In Block B, Top City 1 Islamabad","propertyGroup":"house","location":"Top City 1 - Block B, Top City 1","neighborhood":"Top City 1","pricePkr":95000000,"pricePerSqft":21111.11,"pricePerMarla":4750000.0,"areaSqft":4500.0,"beds":7,"baths":6,"url":"https://www.zameen.com/Property/top_city_1_top_city_1_-_block_b_1_kanal_brand_new_house_for_sale_in_block_b_top_city_1_islamabad-54769164-9230-1.html"}},{"type":"Feature","geometry":{"type":"Point","coordinates":[72.871049,33.582877]},"properties":{"id":"zameen-54769750","source":"Zameen","confidenceScore":100,"confidenceBand":"High","isOutlier":false,"title":"House For Sale In Islamabad","propertyGroup":"house","location":"Top City 1 - Block B, Top City 1","neighborhood":"Top City 1","pricePkr":95000000,"pricePerSqft":21111.11,"pricePerMarla":4750000.0,"areaSqft":4500.0,"beds":6,"baths":7,"url":"https://www.zameen.com/Property/top_city_1_top_city_1_-_block_b_house_for_sale_in_islamabad-54769750-9230-1.html"}},{"type":"Feature","geometry":{"type":"Point","coordinates":[72.809475,33.708599]},"properties":{"id":"zameen-54806418","source":"Zameen","confidenceScore":100,"confidenceBand":"High","isOutlier":false,"title":"Title: 10 Marla Double Storey House For Sale In Executive Block, Faisal Hills","propertyGroup":"house","location":"Faisal Hills, Islamabad","neighborhood":"Faisal Hills","pricePkr":47500000,"pricePerSqft":21111.11,"pricePerMarla":4750000.0,"areaSqft":2250.0,"beds":5,"baths":6,"url":"https://www.zameen.com/Property/islamabad_faisal_hills_title_10_marla_double_storey_house_for_sale_in_executive_block_faisal_hills-54806418-10859-1.html"}},{"type":"Feature","geometry":{"type":"Point","coordinates":[72.986272,33.682639]},"properties":{"id":"zameen-54304412","source":"Zameen","confidenceScore":100,"confidenceBand":"High","isOutlier":false,"title":"Beautiful 3Bed Front Facing Park & Margalla View Apartment Available For In Park Avenue F11","propertyGroup":"apartment","location":"Park Avenue, F-11","neighborhood":"F-11","pricePkr":59000000,"pricePerSqft":21071.43,"pricePerMarla":4741071.43,"areaSqft":2800.0,"beds":3,"baths":3,"url":"https://www.zameen.com/Property/f_11_park_avenue_beautiful_3bed_front_facing_park_margalla_view_apartment_available_for_in_park_avenue_f11-54304412-10657-1.html"}},{"type":"Feature","geometry":{"type":"Point","coordinates":[72.998695,33.673979]},"properties":{"id":"zameen-54353279","source":"Zameen","confidenceScore":100,"confidenceBand":"High","isOutlier":false,"title":"G-11/3 Luxury 3Bed Apartment Available For Sale","propertyGroup":"apartment","location":"The Arch, G-11/3","neighborhood":"G-11","pricePkr":45000000,"pricePerSqft":20930.23,"pricePerMarla":4709302.33,"areaSqft":2150.0,"beds":3,"baths":3,"url":"https://www.zameen.com/Property/g_11_3_the_arch_g-11_3_luxury_3bed_apartment_available_for_sale-54353279-12793-1.html"}},{"type":"Feature","geometry":{"type":"Point","coordinates":[73.13417,33.570262]},"properties":{"id":"zameen-54125450","source":"Zameen","confidenceScore":100,"confidenceBand":"High","isOutlier":false,"title":"Brand New 5 Marla Double Storey House For Sale In National Police Foundation Block C","propertyGroup":"house","location":"National Police Foundation O-9 - Block C, National Police Foundation O-9","neighborhood":"National Police Foundation O-9","pricePkr":23500000,"pricePerSqft":20888.89,"pricePerMarla":4700000.0,"areaSqft":1125.0,"beds":3,"baths":4,"url":"https://www.zameen.com/Property/national_police_foundation_o_9_national_police_foundation_o-9_-_block_c_brand_new_5_marla_double_storey_house_for_sale_in_national_police_foundation_block_c-54125450-16427-1.html"}},{"type":"Feature","geometry":{"type":"Point","coordinates":[73.16268,33.713488]},"properties":{"id":"zameen-54523696","source":"Zameen","confidenceScore":100,"confidenceBand":"High","isOutlier":false,"title":"10 Marla Brand New House For Sale","propertyGroup":"house","location":"Bani Gala, Islamabad","neighborhood":"Bani Gala","pricePkr":47000000,"pricePerSqft":20888.89,"pricePerMarla":4700000.0,"areaSqft":2250.0,"beds":4,"baths":5,"url":"https://www.zameen.com/Property/islamabad_bani_gala_10_marla_brand_new_house_for_sale-54523696-340-1.html"}},{"type":"Feature","geometry":{"type":"Point","coordinates":[72.998695,33.673979]},"properties":{"id":"zameen-54773925","source":"Zameen","confidenceScore":100,"confidenceBand":"High","isOutlier":false,"title":"Margalla Facing Double Side Corner Apartment For Sale","propertyGroup":"house","location":"The Arch, G-11/3","neighborhood":"G-11","pricePkr":45000000,"pricePerSqft":20833.33,"pricePerMarla":4687500.0,"areaSqft":2160.0,"beds":3,"baths":3,"url":"https://www.zameen.com/Property/g_11_3_the_arch_margalla_facing_double_side_corner_apartment_for_sale-54773925-12793-1.html"}},{"type":"Feature","geometry":{"type":"Point","coordinates":[72.99041,33.683532]},"properties":{"id":"zameen-54671384","source":"Zameen","confidenceScore":100,"confidenceBand":"High","isOutlier":false,"title":"F-11 Markaz Brand New Fully Renovated & Fully Furnished Luxury One Bed Attached Bath Tv Lounge Kitchen Car Parking Apartment Available For Sale Investor Price","propertyGroup":"apartment","location":"F-11, Islamabad","neighborhood":"F-11","pricePkr":26000000,"pricePerSqft":20800.0,"pricePerMarla":4680000.0,"areaSqft":1250.0,"beds":1,"baths":1,"url":"https://www.zameen.com/Property/islamabad_f-11_f-11_markaz_brand_new_fully_renovated_fully_furnished_luxury_one_bed_attached_bath_tv_lounge_kitchen_car_parking_apartment_available_for_sale_investor_price-54671384-163-1.html"}},{"type":"Feature","geometry":{"type":"Point","coordinates":[72.986383,33.684782]},"properties":{"id":"zameen-54676319","source":"Zameen","confidenceScore":100,"confidenceBand":"High","isOutlier":false,"title":"F-11 Fully-Renovated Fully-Furnished Apartment For Sale","propertyGroup":"apartment","location":"F-11 Markaz, F-11","neighborhood":"F-11","pricePkr":26000000,"pricePerSqft":20800.0,"pricePerMarla":4680000.0,"areaSqft":1250.0,"beds":1,"baths":1,"url":"https://www.zameen.com/Property/f_11_f-11_markaz_f-11_fully-renovated_fully-furnished_apartment_for_sale-54676319-3286-1.html"}},{"type":"Feature","geometry":{"type":"Point","coordinates":[72.9198792,33.6939187]},"properties":{"id":"zameen-54750675","source":"Zameen","confidenceScore":96,"confidenceBand":"High","isOutlier":false,"title":"10 Marla Main Boulevard Plot for Sale","propertyGroup":"plot","location":"Margalla Enclave, Margalla Avenue","neighborhood":"Margalla Avenue","pricePkr":46550000,"pricePerSqft":20688.89,"pricePerMarla":4655000.0,"areaSqft":2250.0,"beds":null,"baths":null,"url":"https://www.zameen.com/Property/margalla_avenue_margalla_enclave_10_marla_main_boulevard_plot_for_sale-54750675-21436-2.html"}},{"type":"Feature","geometry":{"type":"Point","coordinates":[73.184692,33.518929]},"properties":{"id":"zameen-54276965","source":"Zameen","confidenceScore":100,"confidenceBand":"High","isOutlier":false,"title":"14 Marla Brand New 4 Bedrooms House For Sale In Emaar Canyon Views","propertyGroup":"house","location":"Emaar Canyon Views, Islamabad","neighborhood":"Emaar Canyon Views","pricePkr":65000000,"pricePerSqft":20634.92,"pricePerMarla":4642857.14,"areaSqft":3150.0,"beds":4,"baths":5,"url":"https://www.zameen.com/Property/islamabad_emaar_canyon_views_14_marla_brand_new_4_bedrooms_house_for_sale_in_emaar_canyon_views-54276965-8370-1.html"}},{"type":"Feature","geometry":{"type":"Point","coordinates":[73.207288,33.57081]},"properties":{"id":"zameen-53072452","source":"Zameen","confidenceScore":100,"confidenceBand":"High","isOutlier":false,"title":"House For Sale Naval Anchorage Islamabad Block G","propertyGroup":"house","location":"Naval Anchorage - Block G, Naval Anchorage","neighborhood":"Naval Anchorage","pricePkr":23000000,"pricePerSqft":20444.44,"pricePerMarla":4600000.0,"areaSqft":1125.0,"beds":5,"baths":6,"url":"https://www.zameen.com/Property/naval_anchorage_naval_anchorage_-_block_g_house_for_sale_naval_anchorage_islamabad_block_g-53072452-9158-1.html"}},{"type":"Feature","geometry":{"type":"Point","coordinates":[72.86725,33.587954]},"properties":{"id":"zameen-54240968","source":"Zameen","confidenceScore":100,"confidenceBand":"High","isOutlier":false,"title":"10 Marla House For Sale In Beautiful Top City 1","propertyGroup":"house","location":"Top City 1, Islamabad","neighborhood":"Top City 1","pricePkr":46000000,"pricePerSqft":20444.44,"pricePerMarla":4600000.0,"areaSqft":2250.0,"beds":6,"baths":5,"url":"https://www.zameen.com/Property/islamabad_top_city_1_10_marla_house_for_sale_in_beautiful_top_city_1-54240968-1383-1.html"}},{"type":"Feature","geometry":{"type":"Point","coordinates":[73.16268,33.713488]},"properties":{"id":"zameen-54558685","source":"Zameen","confidenceScore":100,"confidenceBand":"High","isOutlier":false,"title":"10 Marla Brand New Luxury House For Sale","propertyGroup":"house","location":"Bani Gala, Islamabad","neighborhood":"Bani Gala","pricePkr":46000000,"pricePerSqft":20444.44,"pricePerMarla":4600000.0,"areaSqft":2250.0,"beds":4,"baths":5,"url":"https://www.zameen.com/Property/islamabad_bani_gala_10_marla_brand_new_luxury_house_for_sale-54558685-340-1.html"}},{"type":"Feature","geometry":{"type":"Point","coordinates":[73.16268,33.713488]},"properties":{"id":"zameen-54764990","source":"Zameen","confidenceScore":100,"confidenceBand":"High","isOutlier":false,"title":"5 Marla Double Storey House For Sale In Banigala Islamabad","propertyGroup":"house","location":"Bani Gala, Islamabad","neighborhood":"Bani Gala","pricePkr":23000000,"pricePerSqft":20444.44,"pricePerMarla":4600000.0,"areaSqft":1125.0,"beds":3,"baths":3,"url":"https://www.zameen.com/Property/islamabad_bani_gala_5_marla_double_storey_house_for_sale_in_banigala_islamabad-54764990-340-1.html"}},{"type":"Feature","geometry":{"type":"Point","coordinates":[72.970119,33.699958]},"properties":{"id":"zameen-54843930","source":"Zameen","confidenceScore":100,"confidenceBand":"High","isOutlier":false,"title":"Studio furnished apartment for sell.","propertyGroup":"house","location":"E-11/2, E-11","neighborhood":"E-11","pricePkr":5500000,"pricePerSqft":20370.37,"pricePerMarla":4583333.33,"areaSqft":270.0,"beds":null,"baths":1,"url":"https://www.zameen.com/Property/e_11_e-11_2_studio_furnished_apartment_for_sell-54843930-3233-1.html"}},{"type":"Feature","geometry":{"type":"Point","coordinates":[73.224706753564,33.706343018816]},"properties":{"id":"zameen-54835775","source":"Zameen","confidenceScore":100,"confidenceBand":"High","isOutlier":false,"title":"2 Bed Apartment: 1135 sqft on 4th floor on instalments.","propertyGroup":"apartment","location":"Park View City - Townhouses, Park View - Block J","neighborhood":"Park View City","pricePkr":23000000,"pricePerSqft":20264.32,"pricePerMarla":4559471.37,"areaSqft":1135.0,"beds":2,"baths":2,"url":"https://www.zameen.com/Property/park_view_block_j_park_view_city_-_townhouses_2_bed_apartment_1135_sqft_on_4th_floor_on_instalments-54835775-22128-1.html"}},{"type":"Feature","geometry":{"type":"Point","coordinates":[73.16268,33.713488]},"properties":{"id":"zameen-49636124","source":"Zameen","confidenceScore":100,"confidenceBand":"High","isOutlier":false,"title":"10 Marla Brand House Available For Sale In Banigala","propertyGroup":"house","location":"Bani Gala, Islamabad","neighborhood":"Bani Gala","pricePkr":45000000,"pricePerSqft":20000.0,"pricePerMarla":4500000.0,"areaSqft":2250.0,"beds":5,"baths":6,"url":"https://www.zameen.com/Property/islamabad_bani_gala_10_marla_brand_house_available_for_sale_in_banigala-49636124-340-1.html"}},{"type":"Feature","geometry":{"type":"Point","coordinates":[72.86725,33.587954]},"properties":{"id":"zameen-52413767","source":"Zameen","confidenceScore":100,"confidenceBand":"High","isOutlier":false,"title":"Luxury Top City 10 Marla House For Sale","propertyGroup":"house","location":"Top City 1, Islamabad","neighborhood":"Top City 1","pricePkr":45000000,"pricePerSqft":20000.0,"pricePerMarla":4500000.0,"areaSqft":2250.0,"beds":6,"baths":null,"url":"https://www.zameen.com/Property/islamabad_top_city_1_luxury_top_city_10_marla_house_for_sale-52413767-1383-1.html"}},{"type":"Feature","geometry":{"type":"Point","coordinates":[72.871049,33.582877]},"properties":{"id":"zameen-53885952","source":"Zameen","confidenceScore":100,"confidenceBand":"High","isOutlier":false,"title":"A Great Choice For A 1 Kanal House Available In Top City 1 - Block B","propertyGroup":"house","location":"Top City 1 - Block B, Top City 1","neighborhood":"Top City 1","pricePkr":90000000,"pricePerSqft":20000.0,"pricePerMarla":4500000.0,"areaSqft":4500.0,"beds":7,"baths":7,"url":"https://www.zameen.com/Property/top_city_1_top_city_1_-_block_b_a_great_choice_for_a_1_kanal_house_available_in_top_city_1_-_block_b-53885952-9230-1.html"}},{"type":"Feature","geometry":{"type":"Point","coordinates":[72.86725,33.587954]},"properties":{"id":"zameen-54241113","source":"Zameen","confidenceScore":100,"confidenceBand":"High","isOutlier":false,"title":"Prime Location 10 Marla House In Beautiful Location Of Top City 1 - Block A In Islamabad","propertyGroup":"house","location":"Top City 1, Islamabad","neighborhood":"Top City 1","pricePkr":45000000,"pricePerSqft":20000.0,"pricePerMarla":4500000.0,"areaSqft":2250.0,"beds":5,"baths":6,"url":"https://www.zameen.com/Property/islamabad_top_city_1_prime_location_10_marla_house_in_beautiful_location_of_top_city_1_-_block_a_in_islamabad-54241113-1383-1.html"}},{"type":"Feature","geometry":{"type":"Point","coordinates":[73.16268,33.713488]},"properties":{"id":"zameen-54301901","source":"Zameen","confidenceScore":100,"confidenceBand":"High","isOutlier":false,"title":"House For Sale Bani Gala Islamabad","propertyGroup":"house","location":"Bani Gala, Islamabad","neighborhood":"Bani Gala","pricePkr":45000000,"pricePerSqft":20000.0,"pricePerMarla":4500000.0,"areaSqft":2250.0,"beds":4,"baths":5,"url":"https://www.zameen.com/Property/islamabad_bani_gala_house_for_sale_bani_gala_islamabad-54301901-340-1.html"}},{"type":"Feature","geometry":{"type":"Point","coordinates":[73.195107,33.534569]},"properties":{"id":"zameen-54330575","source":"Zameen","confidenceScore":100,"confidenceBand":"High","isOutlier":false,"title":"20 Marla Brand New House Available for Sale in DHA Phase-5, Islamabad","propertyGroup":"house","location":"DHA Defence Phase 5, DHA Defence","neighborhood":"DHA Defence","pricePkr":90000000,"pricePerSqft":20000.0,"pricePerMarla":4500000.0,"areaSqft":4500.0,"beds":6,"baths":6,"url":"https://www.zameen.com/Property/dha_defence_dha_defence_phase_5_20_marla_brand_new_house_available_for_sale_in_dha_phase-5_islamabad-54330575-10991-1.html"}},{"type":"Feature","geometry":{"type":"Point","coordinates":[73.161392,33.527944]},"properties":{"id":"zameen-54471518","source":"Zameen","confidenceScore":100,"confidenceBand":"High","isOutlier":false,"title":"Brand New Ultra Modern Designer Mansion With 5 Specious Beds","propertyGroup":"house","location":"DHA Defence Phase 2, DHA Defence","neighborhood":"DHA Defence","pricePkr":90000000,"pricePerSqft":20000.0,"pricePerMarla":4500000.0,"areaSqft":4500.0,"beds":5,"baths":6,"url":"https://www.zameen.com/Property/dha_defence_dha_defence_phase_2_brand_new_ultra_modern_designer_mansion_with_5_specious_beds-54471518-339-1.html"}},{"type":"Feature","geometry":{"type":"Point","coordinates":[73.13417,33.570262]},"properties":{"id":"zameen-54534842","source":"Zameen","confidenceScore":100,"confidenceBand":"High","isOutlier":false,"title":"Beautiful 5 marla double storey house for sale in National Police Foundation Block C","propertyGroup":"house","location":"National Police Foundation O-9 - Block C, National Police Foundation O-9","neighborhood":"National Police Foundation O-9","pricePkr":22500000,"pricePerSqft":20000.0,"pricePerMarla":4500000.0,"areaSqft":1125.0,"beds":3,"baths":3,"url":"https://www.zameen.com/Property/national_police_foundation_o_9_national_police_foundation_o-9_-_block_c_beautiful_5_marla_double_storey_house_for_sale_in_national_police_foundation_block_c-54534842-16427-1.html"}},{"type":"Feature","geometry":{"type":"Point","coordinates":[72.919879216277,33.693918714802]},"properties":{"id":"zameen-54762176","source":"Zameen","confidenceScore":100,"confidenceBand":"High","isOutlier":false,"title":"10 Marla Plot Available For Sale","propertyGroup":"plot","location":"Margalla Enclave, Margalla Avenue","neighborhood":"Margalla Avenue","pricePkr":45000000,"pricePerSqft":20000.0,"pricePerMarla":4500000.0,"areaSqft":2250.0,"beds":null,"baths":null,"url":"https://www.zameen.com/Property/margalla_avenue_margalla_enclave_10_marla_plot_available_for_sale-54762176-21436-2.html"}},{"type":"Feature","geometry":{"type":"Point","coordinates":[72.7726773,33.70882107]},"properties":{"id":"zameen-54773552","source":"Zameen","confidenceScore":100,"confidenceBand":"High","isOutlier":false,"title":"5 Marla . MDR+Short Corner . House For Sale","propertyGroup":"house","location":"Faisal Hills - Block B, Faisal Hills","neighborhood":"Faisal Hills","pricePkr":22500000,"pricePerSqft":20000.0,"pricePerMarla":4500000.0,"areaSqft":1125.0,"beds":5,"baths":5,"url":"https://www.zameen.com/Property/faisal_hills_faisal_hills_-_block_b_5_marla_mdr_short_corner_house_for_sale-54773552-12656-1.html"}},{"type":"Feature","geometry":{"type":"Point","coordinates":[73.16268,33.713488]},"properties":{"id":"zameen-54775829","source":"Zameen","confidenceScore":100,"confidenceBand":"High","isOutlier":false,"title":"10 Marla Beautiful House In Bani Gala","propertyGroup":"house","location":"Bani Gala, Islamabad","neighborhood":"Bani Gala","pricePkr":45000000,"pricePerSqft":20000.0,"pricePerMarla":4500000.0,"areaSqft":2250.0,"beds":4,"baths":5,"url":"https://www.zameen.com/Property/islamabad_bani_gala_10_marla_beautiful_house_in_bani_gala-54775829-340-1.html"}},{"type":"Feature","geometry":{"type":"Point","coordinates":[72.966199,33.689282]},"properties":{"id":"zameen-54826144","source":"Zameen","confidenceScore":100,"confidenceBand":"High","isOutlier":false,"title":"Prime 10 Marla Plot for Sale CDA E-12/4","propertyGroup":"plot","location":"E-12/4, E-12","neighborhood":"E-12","pricePkr":45000000,"pricePerSqft":20000.0,"pricePerMarla":4500000.0,"areaSqft":2250.0,"beds":null,"baths":null,"url":"https://www.zameen.com/Property/e_12_e-12_4_prime_10_marla_plot_for_sale_cda_e-12_4-54826144-8180-2.html"}},{"type":"Feature","geometry":{"type":"Point","coordinates":[73.1341697,33.5702622]},"properties":{"id":"zameen-54827304","source":"Zameen","confidenceScore":100,"confidenceBand":"High","isOutlier":false,"title":"10 Marla Brand New House Available For Sale","propertyGroup":"house","location":"National Police Foundation O-9 - Block C, National Police Foundation O-9","neighborhood":"National Police Foundation O-9","pricePkr":45000000,"pricePerSqft":20000.0,"pricePerMarla":4500000.0,"areaSqft":2250.0,"beds":4,"baths":6,"url":"https://www.zameen.com/Property/national_police_foundation_o_9_national_police_foundation_o-9_-_block_c_10_marla_brand_new_house_available_for_sale-54827304-16427-1.html"}},{"type":"Feature","geometry":{"type":"Point","coordinates":[73.182467,33.517796]},"properties":{"id":"zameen-54837563","source":"Zameen","confidenceScore":100,"confidenceBand":"High","isOutlier":false,"title":"Brand new apartment For Sale 1st floor hayed park 1 DHA5 Emaar","propertyGroup":"apartment","location":"Hyde Park One, Canyon Views Cvrp","neighborhood":"Canyon Views Cvrp","pricePkr":33000000,"pricePerSqft":20000.0,"pricePerMarla":4500000.0,"areaSqft":1650.0,"beds":2,"baths":2,"url":"https://www.zameen.com/Property/canyon_views_cvrp_hyde_park_one_brand_new_apartment_for_sale_1st_floor_hayed_park_1_dha5_emaar-54837563-18872-1.html"}},{"type":"Feature","geometry":{"type":"Point","coordinates":[72.86725,33.587954]},"properties":{"id":"zameen-54696507","source":"Zameen","confidenceScore":100,"confidenceBand":"High","isOutlier":false,"title":"Studio Apartment For Sale Top City 1 Islamabad 5 G emporium mall","propertyGroup":"house","location":"Top City 1, Islamabad","neighborhood":"Top City 1","pricePkr":8500000,"pricePerSqft":19883.04,"pricePerMarla":4473684.21,"areaSqft":427.5,"beds":1,"baths":1,"url":"https://www.zameen.com/Property/islamabad_top_city_1_studio_apartment_for_sale_top_city_1_islamabad_5_g_emporium_mall-54696507-1383-1.html"}},{"type":"Feature","geometry":{"type":"Point","coordinates":[73.1889129,33.48432489]},"properties":{"id":"zameen-54492174","source":"Zameen","confidenceScore":100,"confidenceBand":"High","isOutlier":false,"title":"13 Marla House Available For Sale In DHA 3 Sctor B","propertyGroup":"house","location":"DHA Phase 3 - Block B, DHA Defence Phase 3","neighborhood":"DHA Defence","pricePkr":58000000,"pricePerSqft":19829.06,"pricePerMarla":4461538.46,"areaSqft":2925.0,"beds":5,"baths":7,"url":"https://www.zameen.com/Property/dha_defence_phase_3_dha_phase_3_-_block_b_13_marla_house_available_for_sale_in_dha_3_sctor_b-54492174-16227-1.html"}},{"type":"Feature","geometry":{"type":"Point","coordinates":[72.822189,33.68064]},"properties":{"id":"zameen-54688154","source":"Zameen","confidenceScore":100,"confidenceBand":"High","isOutlier":false,"title":"B-17 J7 Emporium Mall Apartment Ready To Move 1 Bed Flat Available For Sale","propertyGroup":"apartment","location":"B-17, Islamabad","neighborhood":"B-17","pricePkr":15500000,"pricePerSqft":19795.66,"pricePerMarla":4454022.99,"areaSqft":783.0,"beds":1,"baths":1,"url":"https://www.zameen.com/Property/islamabad_b-17_b-17_j7_emporium_mall_apartment_ready_to_move_1_bed_flat_available_for_sale-54688154-616-1.html"}},{"type":"Feature","geometry":{"type":"Point","coordinates":[73.161392,33.527944]},"properties":{"id":"zameen-54247327","source":"Zameen","confidenceScore":100,"confidenceBand":"High","isOutlier":false,"title":"Modern Design Double Unit 1 Kanal Brand New Designer House Ready For Sale In DHA DEFENCE PHASE 2 Islamabad","propertyGroup":"house","location":"DHA Defence Phase 2, DHA Defence","neighborhood":"DHA Defence","pricePkr":89000000,"pricePerSqft":19777.78,"pricePerMarla":4450000.0,"areaSqft":4500.0,"beds":6,"baths":6,"url":"https://www.zameen.com/Property/dha_defence_dha_defence_phase_2_modern_design_double_unit_1_kanal_brand_new_designer_house_ready_for_sale_in_dha_defence_phase_2_islamabad-54247327-339-1.html"}},{"type":"Feature","geometry":{"type":"Point","coordinates":[73.161392,33.527944]},"properties":{"id":"zameen-54685474","source":"Zameen","confidenceScore":100,"confidenceBand":"High","isOutlier":false,"title":"One Kanal House For Sale In DHA PHASE 2, Islamabad","propertyGroup":"house","location":"DHA Defence Phase 2, DHA Defence","neighborhood":"DHA Defence","pricePkr":89000000,"pricePerSqft":19777.78,"pricePerMarla":4450000.0,"areaSqft":4500.0,"beds":6,"baths":5,"url":"https://www.zameen.com/Property/dha_defence_dha_defence_phase_2_one_kanal_house_for_sale_in_dha_phase_2_islamabad-54685474-339-1.html"}},{"type":"Feature","geometry":{"type":"Point","coordinates":[73.161392,33.527944]},"properties":{"id":"zameen-54733696","source":"Zameen","confidenceScore":100,"confidenceBand":"High","isOutlier":false,"title":"LUXURY LIVING | 1 KANAL DESIGNER HOUSE FOR SALE DHA PHASE 2","propertyGroup":"house","location":"DHA Defence Phase 2, DHA Defence","neighborhood":"DHA Defence","pricePkr":89000000,"pricePerSqft":19777.78,"pricePerMarla":4450000.0,"areaSqft":4500.0,"beds":6,"baths":6,"url":"https://www.zameen.com/Property/dha_defence_dha_defence_phase_2_luxury_living_1_kanal_designer_house_for_sale_dha_phase_2-54733696-339-1.html"}},{"type":"Feature","geometry":{"type":"Point","coordinates":[73.159344369948,33.570813242989]},"properties":{"id":"zameen-54551946","source":"Zameen","confidenceScore":100,"confidenceBand":"High","isOutlier":false,"title":"CDA APROVED APARMENTS AVAILABLE FOR SALE IN IMARAT RESIDENCES","propertyGroup":"apartment","location":"Mall of Imarat, Jinnah Gardens","neighborhood":"FECHS","pricePkr":29400000,"pricePerSqft":19665.55,"pricePerMarla":4424749.16,"areaSqft":1495.0,"beds":2,"baths":2,"url":"https://www.zameen.com/Property/jinnah_gardens_mall_of_imarat_cda_aproved_aparments_available_for_sale_in_imarat_residences-54551946-22031-1.html"}},{"type":"Feature","geometry":{"type":"Point","coordinates":[72.998695,33.673979]},"properties":{"id":"zameen-54526162","source":"Zameen","confidenceScore":100,"confidenceBand":"High","isOutlier":false,"title":"G-11 Investor Price The Arch 2bedroom Apartment Available For Sale","propertyGroup":"apartment","location":"The Arch, G-11/3","neighborhood":"G-11","pricePkr":28500000,"pricePerSqft":19655.17,"pricePerMarla":4422413.79,"areaSqft":1450.0,"beds":2,"baths":2,"url":"https://www.zameen.com/Property/g_11_3_the_arch_g-11_investor_price_the_arch_2bedroom_apartment_available_for_sale-54526162-12793-1.html"}},{"type":"Feature","geometry":{"type":"Point","coordinates":[73.183843,33.484147]},"properties":{"id":"zameen-54082070","source":"Zameen","confidenceScore":100,"confidenceBand":"High","isOutlier":false,"title":"1 Kanal Modren House For Sale At Very Reasonable Price","propertyGroup":"house","location":"DHA Defence Phase 3, DHA Defence","neighborhood":"DHA Defence","pricePkr":88000000,"pricePerSqft":19555.56,"pricePerMarla":4400000.0,"areaSqft":4500.0,"beds":5,"baths":6,"url":"https://www.zameen.com/Property/dha_defence_dha_defence_phase_3_1_kanal_modren_house_for_sale_at_very_reasonable_price-54082070-8412-1.html"}},{"type":"Feature","geometry":{"type":"Point","coordinates":[73.198629,33.573009]},"properties":{"id":"zameen-54431806","source":"Zameen","confidenceScore":100,"confidenceBand":"High","isOutlier":false,"title":"1 Kanal House Designer House","propertyGroup":"house","location":"Naval Anchorage, Islamabad","neighborhood":"Naval Anchorage","pricePkr":88000000,"pricePerSqft":19555.56,"pricePerMarla":4400000.0,"areaSqft":4500.0,"beds":6,"baths":6,"url":"https://www.zameen.com/Property/islamabad_naval_anchorage_1_kanal_house_designer_house-54431806-375-1.html"}},{"type":"Feature","geometry":{"type":"Point","coordinates":[73.16268,33.713488]},"properties":{"id":"zameen-54615852","source":"Zameen","confidenceScore":100,"confidenceBand":"High","isOutlier":false,"title":"5 Marla Double Storey Brand New House For Sale","propertyGroup":"house","location":"Bani Gala, Islamabad","neighborhood":"Bani Gala","pricePkr":22000000,"pricePerSqft":19555.56,"pricePerMarla":4400000.0,"areaSqft":1125.0,"beds":5,"baths":5,"url":"https://www.zameen.com/Property/islamabad_bani_gala_5_marla_double_storey_brand_new_house_for_sale-54615852-340-1.html"}},{"type":"Feature","geometry":{"type":"Point","coordinates":[72.957788,33.683711]},"properties":{"id":"zameen-54838176","source":"Zameen","confidenceScore":96,"confidenceBand":"High","isOutlier":false,"title":"35*70 CORNER PLOT FRONT OPEN","propertyGroup":"plot","location":"E-12/1, E-12","neighborhood":"E-12","pricePkr":44000000,"pricePerSqft":19555.56,"pricePerMarla":4400000.0,"areaSqft":2250.0,"beds":null,"baths":null,"url":"https://www.zameen.com/Property/e_12_e-12_1_35_70_corner_plot_front_open-54838176-8177-2.html"}},{"type":"Feature","geometry":{"type":"Point","coordinates":[72.967386,33.609902]},"properties":{"id":"zameen-54838703","source":"Zameen","confidenceScore":100,"confidenceBand":"High","isOutlier":false,"title":"2550 grey structure for Sale","propertyGroup":"house","location":"I-14, Islamabad","neighborhood":"I-14","pricePkr":22000000,"pricePerSqft":19555.56,"pricePerMarla":4400000.0,"areaSqft":1125.0,"beds":5,"baths":5,"url":"https://www.zameen.com/Property/islamabad_i-14_2550_grey_structure_for_sale-54838703-1045-1.html"}},{"type":"Feature","geometry":{"type":"Point","coordinates":[72.998695,33.673979]},"properties":{"id":"zameen-54526093","source":"Zameen","confidenceScore":100,"confidenceBand":"High","isOutlier":false,"title":"G-11 The Arch Brand New Investor Price 3Bed Apartment Available For Sale","propertyGroup":"apartment","location":"The Arch, G-11/3","neighborhood":"G-11","pricePkr":42000000,"pricePerSqft":19534.88,"pricePerMarla":4395348.84,"areaSqft":2150.0,"beds":3,"baths":3,"url":"https://www.zameen.com/Property/g_11_3_the_arch_g-11_the_arch_brand_new_investor_price_3bed_apartment_available_for_sale-54526093-12793-1.html"}},{"type":"Feature","geometry":{"type":"Point","coordinates":[72.817584,33.694255]},"properties":{"id":"zameen-54571097","source":"Zameen","confidenceScore":100,"confidenceBand":"High","isOutlier":false,"title":"8 Marla Villa For Sale On 2 Years Installment Plan Faisal Margalla City FMC A Block","propertyGroup":"house","location":"Faisal Margalla City, B-17","neighborhood":"B-17","pricePkr":35000000,"pricePerSqft":19444.44,"pricePerMarla":4375000.0,"areaSqft":1800.0,"beds":5,"baths":5,"url":"https://www.zameen.com/Property/b_17_faisal_margalla_city_8_marla_villa_for_sale_on_2_years_installment_plan_faisal_margalla_city_fmc_a_block-54571097-13424-1.html"}},{"type":"Feature","geometry":{"type":"Point","coordinates":[73.16268,33.713488]},"properties":{"id":"zameen-53966324","source":"Zameen","confidenceScore":100,"confidenceBand":"High","isOutlier":false,"title":"10 Marla House For Sale In Banigala","propertyGroup":"house","location":"Bani Gala, Islamabad","neighborhood":"Bani Gala","pricePkr":43500000,"pricePerSqft":19333.33,"pricePerMarla":4350000.0,"areaSqft":2250.0,"beds":8,"baths":6,"url":"https://www.zameen.com/Property/islamabad_bani_gala_10_marla_house_for_sale_in_banigala-53966324-340-1.html"}},{"type":"Feature","geometry":{"type":"Point","coordinates":[73.195988,33.590121]},"properties":{"id":"zameen-54840338","source":"Zameen","confidenceScore":100,"confidenceBand":"High","isOutlier":false,"title":"Main Double Road 1 Kanal House In Naval Anchorage - Block M For sale","propertyGroup":"house","location":"Naval Anchorage - Block M, Naval Anchorage","neighborhood":"Naval Anchorage","pricePkr":87000000,"pricePerSqft":19333.33,"pricePerMarla":4350000.0,"areaSqft":4500.0,"beds":6,"baths":6,"url":"https://www.zameen.com/Property/naval_anchorage_naval_anchorage_-_block_m_main_double_road_1_kanal_house_in_naval_anchorage_-_block_m_for_sale-54840338-9163-1.html"}},{"type":"Feature","geometry":{"type":"Point","coordinates":[72.86372762,33.59084813]},"properties":{"id":"zameen-54794912","source":"Zameen","confidenceScore":100,"confidenceBand":"High","isOutlier":false,"title":"Studios for Sale on Main Sir Syed Avenue, Mumtaz City Islamabad Incoming Rent","propertyGroup":"apartment","location":"Mumtaz City - Indus Block, Mumtaz City","neighborhood":"Mumtaz City","pricePkr":8000000,"pricePerSqft":19230.77,"pricePerMarla":4326923.08,"areaSqft":416.0,"beds":null,"baths":1,"url":"https://www.zameen.com/Property/mumtaz_city_mumtaz_city_-_indus_block_studios_for_sale_on_main_sir_syed_avenue_mumtaz_city_islamabad_incoming_rent-54794912-14995-1.html"}},{"type":"Feature","geometry":{"type":"Point","coordinates":[72.8533087,33.5876121]},"properties":{"id":"zameen-54789880","source":"Zameen","confidenceScore":100,"confidenceBand":"High","isOutlier":false,"title":"Brand New House For Sale Mumtaz City Chenab block","propertyGroup":"house","location":"Mumtaz City - Chanab Block, Mumtaz City","neighborhood":"Mumtaz City","pricePkr":34500000,"pricePerSqft":19166.67,"pricePerMarla":4312500.0,"areaSqft":1800.0,"beds":7,"baths":6,"url":"https://www.zameen.com/Property/mumtaz_city_mumtaz_city_-_chanab_block_brand_new_house_for_sale_mumtaz_city_chenab_block-54789880-14993-1.html"}},{"type":"Feature","geometry":{"type":"Point","coordinates":[72.86725,33.587954]},"properties":{"id":"zameen-53062649","source":"Zameen","confidenceScore":100,"confidenceBand":"High","isOutlier":false,"title":"Luxury Top City 10 Marla House For Sale","propertyGroup":"house","location":"Top City 1, Islamabad","neighborhood":"Top City 1","pricePkr":43000000,"pricePerSqft":19111.11,"pricePerMarla":4300000.0,"areaSqft":2250.0,"beds":6,"baths":7,"url":"https://www.zameen.com/Property/islamabad_top_city_1_luxury_top_city_10_marla_house_for_sale-53062649-1383-1.html"}},{"type":"Feature","geometry":{"type":"Point","coordinates":[72.86725,33.587954]},"properties":{"id":"zameen-53063537","source":"Zameen","confidenceScore":100,"confidenceBand":"High","isOutlier":false,"title":"Top City 10 Marla House For Sale","propertyGroup":"house","location":"Top City 1, Islamabad","neighborhood":"Top City 1","pricePkr":43000000,"pricePerSqft":19111.11,"pricePerMarla":4300000.0,"areaSqft":2250.0,"beds":5,"baths":7,"url":"https://www.zameen.com/Property/islamabad_top_city_1_top_city_10_marla_house_for_sale-53063537-1383-1.html"}},{"type":"Feature","geometry":{"type":"Point","coordinates":[72.998695,33.673979]},"properties":{"id":"zameen-53513387","source":"Zameen","confidenceScore":100,"confidenceBand":"High","isOutlier":false,"title":"Beautiful New 3Bed Front Facing Corner Apartment Available For Sale In The Arch G-11","propertyGroup":"house","location":"The Arch, G-11/3","neighborhood":"G-11","pricePkr":43000000,"pricePerSqft":19111.11,"pricePerMarla":4300000.0,"areaSqft":2250.0,"beds":3,"baths":4,"url":"https://www.zameen.com/Property/g_11_3_the_arch_beautiful_new_3bed_front_facing_corner_apartment_available_for_sale_in_the_arch_g-11-53513387-12793-1.html"}},{"type":"Feature","geometry":{"type":"Point","coordinates":[73.16268,33.713488]},"properties":{"id":"zameen-54084345","source":"Zameen","confidenceScore":100,"confidenceBand":"High","isOutlier":false,"title":"Brand New Double Storey Stylish House For Sale In Bani Gala","propertyGroup":"house","location":"Bani Gala, Islamabad","neighborhood":"Bani Gala","pricePkr":43000000,"pricePerSqft":19111.11,"pricePerMarla":4300000.0,"areaSqft":2250.0,"beds":null,"baths":6,"url":"https://www.zameen.com/Property/islamabad_bani_gala_brand_new_double_storey_stylish_house_for_sale_in_bani_gala-54084345-340-1.html"}},{"type":"Feature","geometry":{"type":"Point","coordinates":[72.864097,33.573045]},"properties":{"id":"zameen-54788144","source":"Zameen","confidenceScore":100,"confidenceBand":"High","isOutlier":false,"title":"Brand New House For Sale Top City 1 D Block","propertyGroup":"house","location":"Top City 1 - Block D, Top City 1","neighborhood":"Top City 1","pricePkr":43000000,"pricePerSqft":19111.11,"pricePerMarla":4300000.0,"areaSqft":2250.0,"beds":5,"baths":6,"url":"https://www.zameen.com/Property/top_city_1_top_city_1_-_block_d_brand_new_house_for_sale_top_city_1_d_block-54788144-9233-1.html"}},{"type":"Feature","geometry":{"type":"Point","coordinates":[72.864097,33.573045]},"properties":{"id":"zameen-54840432","source":"Zameen","confidenceScore":100,"confidenceBand":"High","isOutlier":false,"title":"Your Search For House In Islamabad Ends Here","propertyGroup":"house","location":"Top City 1 - Block D, Top City 1","neighborhood":"Top City 1","pricePkr":43000000,"pricePerSqft":19111.11,"pricePerMarla":4300000.0,"areaSqft":2250.0,"beds":5,"baths":5,"url":"https://www.zameen.com/Property/top_city_1_top_city_1_-_block_d_your_search_for_house_in_islamabad_ends_here-54840432-9233-1.html"}},{"type":"Feature","geometry":{"type":"Point","coordinates":[73.161392,33.527944]},"properties":{"id":"zameen-54405814","source":"Zameen","confidenceScore":100,"confidenceBand":"High","isOutlier":false,"title":"Build Your Luxury Dream Home with Confidence","propertyGroup":"house","location":"DHA Defence Phase 2, DHA Defence","neighborhood":"DHA Defence","pricePkr":85000000,"pricePerSqft":18888.89,"pricePerMarla":4250000.0,"areaSqft":4500.0,"beds":5,"baths":6,"url":"https://www.zameen.com/Property/dha_defence_dha_defence_phase_2_build_your_luxury_dream_home_with_confidence-54405814-339-1.html"}},{"type":"Feature","geometry":{"type":"Point","coordinates":[72.919879216277,33.693918714802]},"properties":{"id":"zameen-54493782","source":"Zameen","confidenceScore":100,"confidenceBand":"High","isOutlier":false,"title":"Margala Enclave 1 Kanal Plot Available For Sale","propertyGroup":"plot","location":"Margalla Enclave, Margalla Avenue","neighborhood":"Margalla Avenue","pricePkr":85000000,"pricePerSqft":18888.89,"pricePerMarla":4250000.0,"areaSqft":4500.0,"beds":null,"baths":null,"url":"https://www.zameen.com/Property/margalla_avenue_margalla_enclave_margala_enclave_1_kanal_plot_available_for_sale-54493782-21436-2.html"}},{"type":"Feature","geometry":{"type":"Point","coordinates":[72.953153,33.691138]},"properties":{"id":"zameen-54650487","source":"Zameen","confidenceScore":96,"confidenceBand":"High","isOutlier":false,"title":"10 Marla Back Open With Extra Land Possessionable Plot In E12.2","propertyGroup":"plot","location":"E-12/2, E-12","neighborhood":"E-12","pricePkr":42500000,"pricePerSqft":18888.89,"pricePerMarla":4250000.0,"areaSqft":2250.0,"beds":null,"baths":null,"url":"https://www.zameen.com/Property/e_12_e-12_2_10_marla_back_open_with_extra_land_possessionable_plot_in_e12_2-54650487-8178-2.html"}},{"type":"Feature","geometry":{"type":"Point","coordinates":[73.221013,33.522987]},"properties":{"id":"zameen-54669450","source":"Zameen","confidenceScore":100,"confidenceBand":"High","isOutlier":false,"title":"10 Marla House Is Available For Sale","propertyGroup":"house","location":"DHA Phase 5 - Sector F, DHA Defence Phase 5","neighborhood":"DHA Defence","pricePkr":42500000,"pricePerSqft":18888.89,"pricePerMarla":4250000.0,"areaSqft":2250.0,"beds":4,"baths":5,"url":"https://www.zameen.com/Property/dha_defence_phase_5_dha_phase_5_-_sector_f_10_marla_house_is_available_for_sale-54669450-8836-1.html"}},{"type":"Feature","geometry":{"type":"Point","coordinates":[72.9198792,33.6939187]},"properties":{"id":"zameen-54751449","source":"Zameen","confidenceScore":96,"confidenceBand":"High","isOutlier":false,"title":"Kanal Plot Sale In ME-3","propertyGroup":"plot","location":"Margalla Enclave, Margalla Avenue","neighborhood":"Margalla Avenue","pricePkr":85000000,"pricePerSqft":18888.89,"pricePerMarla":4250000.0,"areaSqft":4500.0,"beds":null,"baths":null,"url":"https://www.zameen.com/Property/margalla_avenue_margalla_enclave_kanal_plot_sale_in_me-3-54751449-21436-2.html"}},{"type":"Feature","geometry":{"type":"Point","coordinates":[72.919879216277,33.693918714802]},"properties":{"id":"zameen-54773098","source":"Zameen","confidenceScore":100,"confidenceBand":"High","isOutlier":false,"title":"1 Kanal Plot For Sale In Margalla Enclave 3rd Ballot Prime Location Near Park Road","propertyGroup":"plot","location":"Margalla Enclave, Margalla Avenue","neighborhood":"Margalla Avenue","pricePkr":85000000,"pricePerSqft":18888.89,"pricePerMarla":4250000.0,"areaSqft":4500.0,"beds":null,"baths":null,"url":"https://www.zameen.com/Property/margalla_avenue_margalla_enclave_1_kanal_plot_for_sale_in_margalla_enclave_3rd_ballot_prime_location_near_park_road-54773098-21436-2.html"}},{"type":"Feature","geometry":{"type":"Point","coordinates":[72.822748,33.637848]},"properties":{"id":"zameen-54813538","source":"Zameen","confidenceScore":100,"confidenceBand":"High","isOutlier":false,"title":"Front Back Open Cutting Area Plot Available For Sale","propertyGroup":"plot","location":"E-12/2, E-12","neighborhood":"E-12","pricePkr":42500000,"pricePerSqft":18888.89,"pricePerMarla":4250000.0,"areaSqft":2250.0,"beds":null,"baths":null,"url":"https://www.zameen.com/Property/e_12_e-12_2_front_back_open_cutting_area_plot_available_for_sale-54813538-8178-2.html"}},{"type":"Feature","geometry":{"type":"Point","coordinates":[72.9198792,33.6939187]},"properties":{"id":"zameen-54840005","source":"Zameen","confidenceScore":100,"confidenceBand":"High","isOutlier":false,"title":"margalla enclave one kanal prime location plots available in the heart of islamabad","propertyGroup":"plot","location":"Margalla Enclave, Margalla Avenue","neighborhood":"Margalla Avenue","pricePkr":85000000,"pricePerSqft":18888.89,"pricePerMarla":4250000.0,"areaSqft":4500.0,"beds":null,"baths":null,"url":"https://www.zameen.com/Property/margalla_avenue_margalla_enclave_margalla_enclave_one_kanal_prime_location_plots_available_in_the_heart_of_islamabad-54840005-21436-2.html"}},{"type":"Feature","geometry":{"type":"Point","coordinates":[73.15477,33.680369]},"properties":{"id":"zameen-54843836","source":"Zameen","confidenceScore":100,"confidenceBand":"High","isOutlier":false,"title":"1 kanal plot for sale at easy 3 year instalment","propertyGroup":"plot","location":"Margalla Enclave, Islamabad","neighborhood":"Margalla Enclave","pricePkr":85000000,"pricePerSqft":18888.89,"pricePerMarla":4250000.0,"areaSqft":4500.0,"beds":null,"baths":null,"url":"https://www.zameen.com/Property/islamabad_margalla_enclave_1_kanal_plot_for_sale_at_easy_3_year_instalment-54843836-22293-2.html"}},{"type":"Feature","geometry":{"type":"Point","coordinates":[73.209708,33.536065]},"properties":{"id":"zameen-54760526","source":"Zameen","confidenceScore":100,"confidenceBand":"High","isOutlier":false,"title":"Double Storey 20 Marla House For Sale In DHA Phase 5 - Sector C Islamabad","propertyGroup":"house","location":"DHA Phase 5 - Sector C, DHA Defence Phase 5","neighborhood":"DHA Defence","pricePkr":84500000,"pricePerSqft":18777.78,"pricePerMarla":4225000.0,"areaSqft":4500.0,"beds":5,"baths":6,"url":"https://www.zameen.com/Property/dha_defence_phase_5_dha_phase_5_-_sector_c_double_storey_20_marla_house_for_sale_in_dha_phase_5_-_sector_c_islamabad-54760526-8402-1.html"}},{"type":"Feature","geometry":{"type":"Point","coordinates":[72.86725,33.587954]},"properties":{"id":"zameen-52502197","source":"Zameen","confidenceScore":100,"confidenceBand":"High","isOutlier":false,"title":"Top City 10 Marla House For Sale","propertyGroup":"house","location":"Top City 1, Islamabad","neighborhood":"Top City 1","pricePkr":42000000,"pricePerSqft":18666.67,"pricePerMarla":4200000.0,"areaSqft":2250.0,"beds":6,"baths":7,"url":"https://www.zameen.com/Property/islamabad_top_city_1_top_city_10_marla_house_for_sale-52502197-1383-1.html"}},{"type":"Feature","geometry":{"type":"Point","coordinates":[72.878995,33.58445]},"properties":{"id":"zameen-54595906","source":"Zameen","confidenceScore":100,"confidenceBand":"High","isOutlier":false,"title":"Premium 5 Marla House Is Available For sale In Islamabad","propertyGroup":"house","location":"University Town - Block A, University Town","neighborhood":"University Town","pricePkr":21000000,"pricePerSqft":18666.67,"pricePerMarla":4200000.0,"areaSqft":1125.0,"beds":4,"baths":4,"url":"https://www.zameen.com/Property/university_town_university_town_-_block_a_premium_5_marla_house_is_available_for_sale_in_islamabad-54595906-3501-1.html"}},{"type":"Feature","geometry":{"type":"Point","coordinates":[73.107147,33.525225]},"properties":{"id":"zameen-54772262","source":"Zameen","confidenceScore":100,"confidenceBand":"High","isOutlier":false,"title":"ONE KANAL CORNER HOME AT PRIME LOCATION FOR SALE AT INVESTER RATE","propertyGroup":"house","location":"DHA Phase 1 - Sector E, DHA Defence Phase 1","neighborhood":"DHA Defence","pricePkr":84000000,"pricePerSqft":18666.67,"pricePerMarla":4200000.0,"areaSqft":4500.0,"beds":6,"baths":7,"url":"https://www.zameen.com/Property/dha_defence_phase_1_dha_phase_1_-_sector_e_one_kanal_corner_home_at_prime_location_for_sale_at_invester_rate-54772262-3193-1.html"}},{"type":"Feature","geometry":{"type":"Point","coordinates":[72.972193,33.637489]},"properties":{"id":"zameen-54830369","source":"Zameen","confidenceScore":100,"confidenceBand":"High","isOutlier":false,"title":"25*50 2.5 Story House Available For Sale In H13","propertyGroup":"house","location":"H-13, Islamabad","neighborhood":"H-13","pricePkr":21000000,"pricePerSqft":18666.67,"pricePerMarla":4200000.0,"areaSqft":1125.0,"beds":5,"baths":6,"url":"https://www.zameen.com/Property/islamabad_h-13_25_50_2_5_story_house_available_for_sale_in_h13-54830369-1039-1.html"}},{"type":"Feature","geometry":{"type":"Point","coordinates":[73.170133,33.60983]},"properties":{"id":"zameen-54816656","source":"Zameen","confidenceScore":100,"confidenceBand":"High","isOutlier":false,"title":"537 Sq Ft Apartment for Sale in Gulberg Greens Islamabad | Prime Location | Ideal for Living & Investment","propertyGroup":"apartment","location":"Gulberg Greens, Gulberg","neighborhood":"Gulberg","pricePkr":9900000,"pricePerSqft":18435.75,"pricePerMarla":4148044.69,"areaSqft":537.0,"beds":1,"baths":1,"url":"https://www.zameen.com/Property/gulberg_gulberg_greens_537_sq_ft_apartment_for_sale_in_gulberg_greens_islamabad_prime_location_ideal_for_living_investment-54816656-8312-1.html"}},{"type":"Feature","geometry":{"type":"Point","coordinates":[72.956636,33.650458]},"properties":{"id":"zameen-54839413","source":"Zameen","confidenceScore":100,"confidenceBand":"High","isOutlier":false,"title":"1 Kanal Plot For Sale in G-13/2 , St No. 49 (Sun Face) On 70ft Road","propertyGroup":"plot","location":"G-13/2, G-13","neighborhood":"G-13","pricePkr":82500000,"pricePerSqft":18333.33,"pricePerMarla":4125000.0,"areaSqft":4500.0,"beds":null,"baths":null,"url":"https://www.zameen.com/Property/g_13_g-13_2_1_kanal_plot_for_sale_in_g-13_2_st_no_49_sun_face_on_70ft_road-54839413-3338-2.html"}},{"type":"Feature","geometry":{"type":"Point","coordinates":[72.953153,33.691138]},"properties":{"id":"zameen-54731437","source":"Zameen","confidenceScore":100,"confidenceBand":"High","isOutlier":false,"title":"10 Marla Cutting Area Plot For Sale","propertyGroup":"plot","location":"E-12/2, E-12","neighborhood":"E-12","pricePkr":41000000,"pricePerSqft":18222.22,"pricePerMarla":4100000.0,"areaSqft":2250.0,"beds":null,"baths":null,"url":"https://www.zameen.com/Property/e_12_e-12_2_10_marla_cutting_area_plot_for_sale-54731437-8178-2.html"}},{"type":"Feature","geometry":{"type":"Point","coordinates":[72.953153,33.691138]},"properties":{"id":"zameen-54786901","source":"Zameen","confidenceScore":96,"confidenceBand":"High","isOutlier":false,"title":"Cutting Area Develop Street Possession Plot For Sale","propertyGroup":"plot","location":"E-12/2, E-12","neighborhood":"E-12","pricePkr":41000000,"pricePerSqft":18222.22,"pricePerMarla":4100000.0,"areaSqft":2250.0,"beds":null,"baths":null,"url":"https://www.zameen.com/Property/e_12_e-12_2_cutting_area_develop_street_possession_plot_for_sale-54786901-8178-2.html"}},{"type":"Feature","geometry":{"type":"Point","coordinates":[73.16268,33.713488]},"properties":{"id":"zameen-54810157","source":"Zameen","confidenceScore":100,"confidenceBand":"High","isOutlier":false,"title":"House Foe Sale In Bani Gala","propertyGroup":"house","location":"Bani Gala, Islamabad","neighborhood":"Bani Gala","pricePkr":41000000,"pricePerSqft":18222.22,"pricePerMarla":4100000.0,"areaSqft":2250.0,"beds":5,"baths":6,"url":"https://www.zameen.com/Property/islamabad_bani_gala_house_foe_sale_in_bani_gala-54810157-340-1.html"}},{"type":"Feature","geometry":{"type":"Point","coordinates":[72.986272,33.682639]},"properties":{"id":"zameen-52633444","source":"Zameen","confidenceScore":100,"confidenceBand":"High","isOutlier":false,"title":"Beautiful 3-Bed Apartment Available For Sale In Park Avenue F-11","propertyGroup":"apartment","location":"Park Avenue, F-11","neighborhood":"F-11","pricePkr":50000000,"pricePerSqft":18181.82,"pricePerMarla":4090909.09,"areaSqft":2750.0,"beds":3,"baths":3,"url":"https://www.zameen.com/Property/f_11_park_avenue_beautiful_3-bed_apartment_available_for_sale_in_park_avenue_f-11-52633444-10657-1.html"}},{"type":"Feature","geometry":{"type":"Point","coordinates":[72.860985,33.58242]},"properties":{"id":"zameen-54783126","source":"Zameen","confidenceScore":100,"confidenceBand":"High","isOutlier":false,"title":"Fully Furnished Apartment For Sale Top City 1","propertyGroup":"house","location":"Top City 1 - Kanwar Moiz Block, Top City 1","neighborhood":"Top City 1","pricePkr":9000000,"pricePerSqft":18181.82,"pricePerMarla":4090909.09,"areaSqft":495.0,"beds":1,"baths":1,"url":"https://www.zameen.com/Property/top_city_1_top_city_1_-_kanwar_moiz_block_fully_furnished_apartment_for_sale_top_city_1-54783126-22390-1.html"}},{"type":"Feature","geometry":{"type":"Point","coordinates":[73.156958,33.601089]},"properties":{"id":"zameen-54621074","source":"Zameen","confidenceScore":100,"confidenceBand":"High","isOutlier":false,"title":"3 Bed Luxury Furnish Apartments Available For Sale","propertyGroup":"house","location":"Smama Star Mall & Residency, Gulberg Greens","neighborhood":"Gulberg","pricePkr":22000000,"pricePerSqft":18107.0,"pricePerMarla":4074074.07,"areaSqft":1215.0,"beds":3,"baths":3,"url":"https://www.zameen.com/Property/gulberg_greens_smama_star_mall_residency_3_bed_luxury_furnish_apartments_available_for_sale-54621074-11278-1.html"}},{"type":"Feature","geometry":{"type":"Point","coordinates":[73.156864,33.60118]},"properties":{"id":"zameen-54662191","source":"Zameen","confidenceScore":100,"confidenceBand":"High","isOutlier":false,"title":"Gulberg Greens Islamabad Two Bed Available For Sale Prime Location Rental Value 60k","propertyGroup":"apartment","location":"Samama Gulberg Tower, Gulberg Greens - Block B","neighborhood":"Gulberg","pricePkr":13800000,"pricePerSqft":17945.38,"pricePerMarla":4037711.31,"areaSqft":769.0,"beds":2,"baths":2,"url":"https://www.zameen.com/Property/gulberg_greens_block_b_samama_gulberg_tower_gulberg_greens_islamabad_two_bed_available_for_sale_prime_location_rental_value_60k-54662191-22140-1.html"}},{"type":"Feature","geometry":{"type":"Point","coordinates":[73.16268,33.713488]},"properties":{"id":"zameen-54571768","source":"Zameen","confidenceScore":100,"confidenceBand":"High","isOutlier":false,"title":"This Is Your Chance To Buy House In Bani Gala","propertyGroup":"house","location":"Bani Gala, Islamabad","neighborhood":"Bani Gala","pricePkr":20000000,"pricePerSqft":17777.78,"pricePerMarla":4000000.0,"areaSqft":1125.0,"beds":null,"baths":null,"url":"https://www.zameen.com/Property/islamabad_bani_gala_this_is_your_chance_to_buy_house_in_bani_gala-54571768-340-1.html"}},{"type":"Feature","geometry":{"type":"Point","coordinates":[73.16268,33.713488]},"properties":{"id":"zameen-54586078","source":"Zameen","confidenceScore":100,"confidenceBand":"High","isOutlier":false,"title":"Beautiful 5 Marla Double Storey House For Sale","propertyGroup":"house","location":"Bani Gala, Islamabad","neighborhood":"Bani Gala","pricePkr":20000000,"pricePerSqft":17777.78,"pricePerMarla":4000000.0,"areaSqft":1125.0,"beds":4,"baths":5,"url":"https://www.zameen.com/Property/islamabad_bani_gala_beautiful_5_marla_double_storey_house_for_sale-54586078-340-1.html"}},{"type":"Feature","geometry":{"type":"Point","coordinates":[73.08926315,33.53339884]},"properties":{"id":"zameen-54729298","source":"Zameen","confidenceScore":100,"confidenceBand":"High","isOutlier":false,"title":"Ideal On Excellent Location 1 Kanal House Has Landed On Market In DHA Phase 1 - Sector C, Islamabad","propertyGroup":"house","location":"DHA Phase 1 - Sector C, DHA Defence Phase 1","neighborhood":"DHA Defence","pricePkr":80000000,"pricePerSqft":17777.78,"pricePerMarla":4000000.0,"areaSqft":4500.0,"beds":5,"baths":6,"url":"https://www.zameen.com/Property/dha_defence_phase_1_dha_phase_1_-_sector_c_ideal_on_excellent_location_1_kanal_house_has_landed_on_market_in_dha_phase_1_-_sector_c_islamabad-54729298-3191-1.html"}},{"type":"Feature","geometry":{"type":"Point","coordinates":[73.16268,33.713488]},"properties":{"id":"zameen-54768609","source":"Zameen","confidenceScore":100,"confidenceBand":"High","isOutlier":false,"title":"10 Marla Double Storey House For Sale","propertyGroup":"house","location":"Bani Gala, Islamabad","neighborhood":"Bani Gala","pricePkr":40000000,"pricePerSqft":17777.78,"pricePerMarla":4000000.0,"areaSqft":2250.0,"beds":5,"baths":6,"url":"https://www.zameen.com/Property/islamabad_bani_gala_10_marla_double_storey_house_for_sale-54768609-340-1.html"}},{"type":"Feature","geometry":{"type":"Point","coordinates":[73.16268,33.713488]},"properties":{"id":"zameen-54779051","source":"Zameen","confidenceScore":100,"confidenceBand":"High","isOutlier":false,"title":"Zam Zam Real Estate Offer House For Sale","propertyGroup":"house","location":"Bani Gala, Islamabad","neighborhood":"Bani Gala","pricePkr":20000000,"pricePerSqft":17777.78,"pricePerMarla":4000000.0,"areaSqft":1125.0,"beds":4,"baths":6,"url":"https://www.zameen.com/Property/islamabad_bani_gala_zam_zam_real_estate_offer_house_for_sale-54779051-340-1.html"}},{"type":"Feature","geometry":{"type":"Point","coordinates":[73.142509,33.528946]},"properties":{"id":"zameen-54798282","source":"Zameen","confidenceScore":100,"confidenceBand":"High","isOutlier":false,"title":"1 Kanal House for Sale in DHA Phase 2, Sector A 8 Crore","propertyGroup":"house","location":"DHA Phase 2 - Sector A, DHA Defence Phase 2","neighborhood":"DHA Defence","pricePkr":80000000,"pricePerSqft":17777.78,"pricePerMarla":4000000.0,"areaSqft":4500.0,"beds":4,"baths":5,"url":"https://www.zameen.com/Property/dha_defence_phase_2_dha_phase_2_-_sector_a_1_kanal_house_for_sale_in_dha_phase_2_sector_a_8_crore-54798282-3196-1.html"}},{"type":"Feature","geometry":{"type":"Point","coordinates":[73.213035,33.652009]},"properties":{"id":"zameen-54828067","source":"Zameen","confidenceScore":100,"confidenceBand":"High","isOutlier":false,"title":"House Of 5 Marla For Sale In Royal Homes","propertyGroup":"house","location":"Royal Homes, Lehtrar Road","neighborhood":"Lehtrar Road","pricePkr":20000000,"pricePerSqft":17777.78,"pricePerMarla":4000000.0,"areaSqft":1125.0,"beds":4,"baths":4,"url":"https://www.zameen.com/Property/lehtrar_road_royal_homes_house_of_5_marla_for_sale_in_royal_homes-54828067-12413-1.html"}},{"type":"Feature","geometry":{"type":"Point","coordinates":[72.876793,33.57094]},"properties":{"id":"zameen-54840526","source":"Zameen","confidenceScore":100,"confidenceBand":"High","isOutlier":false,"title":"Prime Location House Is Available For sale In Airport Green Garden - Block A","propertyGroup":"house","location":"Airport Green Garden - Block A, Airport Green Garden","neighborhood":"Kashmir Highway","pricePkr":40000000,"pricePerSqft":17777.78,"pricePerMarla":4000000.0,"areaSqft":2250.0,"beds":5,"baths":5,"url":"https://www.zameen.com/Property/airport_green_garden_airport_green_garden_-_block_a_prime_location_house_is_available_for_sale_in_airport_green_garden_-_block_a-54840526-19371-1.html"}},{"type":"Feature","geometry":{"type":"Point","coordinates":[72.9247374,33.6325394]},"properties":{"id":"zameen-54843131","source":"Zameen","confidenceScore":100,"confidenceBand":"High","isOutlier":false,"title":"5 Marla Level land Plot for Sale in G-15/3","propertyGroup":"plot","location":"G-15/3, G-15","neighborhood":"G-15","pricePkr":20000000,"pricePerSqft":17777.78,"pricePerMarla":4000000.0,"areaSqft":1125.0,"beds":null,"baths":null,"url":"https://www.zameen.com/Property/g_15_g-15_3_5_marla_level_land_plot_for_sale_in_g-15_3-54843131-3350-2.html"}},{"type":"Feature","geometry":{"type":"Point","coordinates":[72.822189,33.68064]},"properties":{"id":"zameen-54843193","source":"Zameen","confidenceScore":100,"confidenceBand":"High","isOutlier":false,"title":"Beautiful Furnished 1BHK 341 dqft Apartment in C-Markaz, B-17 (Multi Gardens) Islamabad","propertyGroup":"house","location":"B-17, Islamabad","neighborhood":"B-17","pricePkr":6000000,"pricePerSqft":17777.78,"pricePerMarla":4000000.0,"areaSqft":337.5,"beds":1,"baths":1,"url":"https://www.zameen.com/Property/islamabad_b-17_beautiful_furnished_1bhk_341_dqft_apartment_in_c-markaz_b-17_multi_gardens_islamabad-54843193-616-1.html"}},{"type":"Feature","geometry":{"type":"Point","coordinates":[72.871049,33.582877]},"properties":{"id":"zameen-52174198","source":"Zameen","confidenceScore":100,"confidenceBand":"High","isOutlier":false,"title":"1 Kanal House For Sale","propertyGroup":"house","location":"Top City 1 - Block B, Top City 1","neighborhood":"Top City 1","pricePkr":79900000,"pricePerSqft":17755.56,"pricePerMarla":3995000.0,"areaSqft":4500.0,"beds":6,"baths":7,"url":"https://www.zameen.com/Property/top_city_1_top_city_1_-_block_b_1_kanal_house_for_sale-52174198-9230-1.html"}},{"type":"Feature","geometry":{"type":"Point","coordinates":[73.161392,33.527944]},"properties":{"id":"zameen-52366721","source":"Zameen","confidenceScore":100,"confidenceBand":"High","isOutlier":false,"title":"One Kanal Luxury House For Sale In DHA DEFENCE PHASE 2 ISLAMABAD","propertyGroup":"house","location":"DHA Defence Phase 2, DHA Defence","neighborhood":"DHA Defence","pricePkr":79000000,"pricePerSqft":17555.56,"pricePerMarla":3950000.0,"areaSqft":4500.0,"beds":5,"baths":6,"url":"https://www.zameen.com/Property/dha_defence_dha_defence_phase_2_one_kanal_luxury_house_for_sale_in_dha_defence_phase_2_islamabad-52366721-339-1.html"}},{"type":"Feature","geometry":{"type":"Point","coordinates":[72.817584,33.694255]},"properties":{"id":"zameen-53439903","source":"Zameen","confidenceScore":100,"confidenceBand":"High","isOutlier":false,"title":"10 Marla Villas For Sale On 3 Years Installment Plan In Faisal Margalla City, Islamabad","propertyGroup":"house","location":"Faisal Margalla City, B-17","neighborhood":"B-17","pricePkr":39500000,"pricePerSqft":17555.56,"pricePerMarla":3950000.0,"areaSqft":2250.0,"beds":5,"baths":5,"url":"https://www.zameen.com/Property/b_17_faisal_margalla_city_10_marla_villas_for_sale_on_3_years_installment_plan_in_faisal_margalla_city_islamabad-53439903-13424-1.html"}},{"type":"Feature","geometry":{"type":"Point","coordinates":[73.171864,33.528374]},"properties":{"id":"zameen-53450777","source":"Zameen","confidenceScore":100,"confidenceBand":"High","isOutlier":false,"title":"One Kanal Ultra Luxury House For Sale In DHA Phase 2 Islamabad","propertyGroup":"house","location":"DHA Phase 2 - Sector G, DHA Defence Phase 2","neighborhood":"DHA Defence","pricePkr":79000000,"pricePerSqft":17555.56,"pricePerMarla":3950000.0,"areaSqft":4500.0,"beds":7,"baths":6,"url":"https://www.zameen.com/Property/dha_defence_phase_2_dha_phase_2_-_sector_g_one_kanal_ultra_luxury_house_for_sale_in_dha_phase_2_islamabad-53450777-3202-1.html"}},{"type":"Feature","geometry":{"type":"Point","coordinates":[73.161392,33.527944]},"properties":{"id":"zameen-53475417","source":"Zameen","confidenceScore":100,"confidenceBand":"High","isOutlier":false,"title":"Build Your Own One Kanal House In DHA ISLAMABAD For Sale","propertyGroup":"house","location":"DHA Defence Phase 2, DHA Defence","neighborhood":"DHA Defence","pricePkr":79000000,"pricePerSqft":17555.56,"pricePerMarla":3950000.0,"areaSqft":4500.0,"beds":6,"baths":6,"url":"https://www.zameen.com/Property/dha_defence_dha_defence_phase_2_build_your_own_one_kanal_house_in_dha_islamabad_for_sale-53475417-339-1.html"}},{"type":"Feature","geometry":{"type":"Point","coordinates":[73.171864,33.528374]},"properties":{"id":"zameen-53624869","source":"Zameen","confidenceScore":100,"confidenceBand":"High","isOutlier":false,"title":"One Kanal Ultra Luxury Designer House Available For Sale In DHA Phase 2 Islamabad","propertyGroup":"house","location":"DHA Phase 2 - Sector G, DHA Defence Phase 2","neighborhood":"DHA Defence","pricePkr":79000000,"pricePerSqft":17555.56,"pricePerMarla":3950000.0,"areaSqft":4500.0,"beds":6,"baths":6,"url":"https://www.zameen.com/Property/dha_defence_phase_2_dha_phase_2_-_sector_g_one_kanal_ultra_luxury_designer_house_available_for_sale_in_dha_phase_2_islamabad-53624869-3202-1.html"}},{"type":"Feature","geometry":{"type":"Point","coordinates":[73.161392,33.527944]},"properties":{"id":"zameen-54105234","source":"Zameen","confidenceScore":100,"confidenceBand":"High","isOutlier":false,"title":"One Kanal Ultra Luxury House For Sale In DHA 2 Islamabad","propertyGroup":"house","location":"DHA Defence Phase 2, DHA Defence","neighborhood":"DHA Defence","pricePkr":79000000,"pricePerSqft":17555.56,"pricePerMarla":3950000.0,"areaSqft":4500.0,"beds":5,"baths":6,"url":"https://www.zameen.com/Property/dha_defence_dha_defence_phase_2_one_kanal_ultra_luxury_house_for_sale_in_dha_2_islamabad-54105234-339-1.html"}},{"type":"Feature","geometry":{"type":"Point","coordinates":[73.161392,33.527944]},"properties":{"id":"zameen-54171085","source":"Zameen","confidenceScore":100,"confidenceBand":"High","isOutlier":false,"title":"One Kanal Ultra Luxury Single Unit House For Sale In DHA Phase 2 Islamabad","propertyGroup":"house","location":"DHA Defence Phase 2, DHA Defence","neighborhood":"DHA Defence","pricePkr":79000000,"pricePerSqft":17555.56,"pricePerMarla":3950000.0,"areaSqft":4500.0,"beds":5,"baths":6,"url":"https://www.zameen.com/Property/dha_defence_dha_defence_phase_2_one_kanal_ultra_luxury_single_unit_house_for_sale_in_dha_phase_2_islamabad-54171085-339-1.html"}},{"type":"Feature","geometry":{"type":"Point","coordinates":[73.161392,33.527944]},"properties":{"id":"zameen-54269886","source":"Zameen","confidenceScore":100,"confidenceBand":"High","isOutlier":false,"title":"One Kanal Ultra Luxury Lavish House For Sale In DHA Phase 2 Islamabad","propertyGroup":"house","location":"DHA Defence Phase 2, DHA Defence","neighborhood":"DHA Defence","pricePkr":79000000,"pricePerSqft":17555.56,"pricePerMarla":3950000.0,"areaSqft":4500.0,"beds":5,"baths":6,"url":"https://www.zameen.com/Property/dha_defence_dha_defence_phase_2_one_kanal_ultra_luxury_lavish_house_for_sale_in_dha_phase_2_islamabad-54269886-339-1.html"}},{"type":"Feature","geometry":{"type":"Point","coordinates":[73.161392,33.527944]},"properties":{"id":"zameen-54415364","source":"Zameen","confidenceScore":100,"confidenceBand":"High","isOutlier":false,"title":"One Kanal Ultra Luxury Designer House For Sale In DHA 2","propertyGroup":"house","location":"DHA Defence Phase 2, DHA Defence","neighborhood":"DHA Defence","pricePkr":79000000,"pricePerSqft":17555.56,"pricePerMarla":3950000.0,"areaSqft":4500.0,"beds":5,"baths":6,"url":"https://www.zameen.com/Property/dha_defence_dha_defence_phase_2_one_kanal_ultra_luxury_designer_house_for_sale_in_dha_2-54415364-339-1.html"}},{"type":"Feature","geometry":{"type":"Point","coordinates":[73.161392,33.527944]},"properties":{"id":"zameen-54685614","source":"Zameen","confidenceScore":100,"confidenceBand":"High","isOutlier":false,"title":"One Kanal Designer House In DHA Phase 2 Islamabad","propertyGroup":"house","location":"DHA Defence Phase 2, DHA Defence","neighborhood":"DHA Defence","pricePkr":79000000,"pricePerSqft":17555.56,"pricePerMarla":3950000.0,"areaSqft":4500.0,"beds":5,"baths":6,"url":"https://www.zameen.com/Property/dha_defence_dha_defence_phase_2_one_kanal_designer_house_in_dha_phase_2_islamabad-54685614-339-1.html"}},{"type":"Feature","geometry":{"type":"Point","coordinates":[73.161392,33.527944]},"properties":{"id":"zameen-54698627","source":"Zameen","confidenceScore":100,"confidenceBand":"High","isOutlier":false,"title":"One Kanal Designer House For Sale In DHA DEFENCE PHASE 2, Islamabad","propertyGroup":"house","location":"DHA Defence Phase 2, DHA Defence","neighborhood":"DHA Defence","pricePkr":79000000,"pricePerSqft":17555.56,"pricePerMarla":3950000.0,"areaSqft":4500.0,"beds":5,"baths":6,"url":"https://www.zameen.com/Property/dha_defence_dha_defence_phase_2_one_kanal_designer_house_for_sale_in_dha_defence_phase_2_islamabad-54698627-339-1.html"}},{"type":"Feature","geometry":{"type":"Point","coordinates":[72.95840695,33.68954686]},"properties":{"id":"zameen-54742593","source":"Zameen","confidenceScore":100,"confidenceBand":"High","isOutlier":false,"title":"35*70 Plot For Sale In Sector E-12/2","propertyGroup":"plot","location":"E-12 Markaz, E-12","neighborhood":"E-12","pricePkr":39500000,"pricePerSqft":17555.56,"pricePerMarla":3950000.0,"areaSqft":2250.0,"beds":null,"baths":null,"url":"https://www.zameen.com/Property/e_12_e-12_markaz_35_70_plot_for_sale_in_sector_e-12_2-54742593-16772-2.html"}},{"type":"Feature","geometry":{"type":"Point","coordinates":[73.161392,33.527944]},"properties":{"id":"zameen-54767580","source":"Zameen","confidenceScore":100,"confidenceBand":"High","isOutlier":false,"title":"1 Kanal House luxurious for Sale in DHA Phase 2, Islamabad","propertyGroup":"house","location":"DHA Defence Phase 2, DHA Defence","neighborhood":"DHA Defence","pricePkr":79000000,"pricePerSqft":17555.56,"pricePerMarla":3950000.0,"areaSqft":4500.0,"beds":6,"baths":5,"url":"https://www.zameen.com/Property/dha_defence_dha_defence_phase_2_1_kanal_house_luxurious_for_sale_in_dha_phase_2_islamabad-54767580-339-1.html"}},{"type":"Feature","geometry":{"type":"Point","coordinates":[73.161392,33.527944]},"properties":{"id":"zameen-54775370","source":"Zameen","confidenceScore":100,"confidenceBand":"High","isOutlier":false,"title":"One Kanal Ultra Luxury Designer House In DHA Islamabad","propertyGroup":"house","location":"DHA Defence Phase 2, DHA Defence","neighborhood":"DHA Defence","pricePkr":79000000,"pricePerSqft":17555.56,"pricePerMarla":3950000.0,"areaSqft":4500.0,"beds":5,"baths":6,"url":"https://www.zameen.com/Property/dha_defence_dha_defence_phase_2_one_kanal_ultra_luxury_designer_house_in_dha_islamabad-54775370-339-1.html"}},{"type":"Feature","geometry":{"type":"Point","coordinates":[73.18384333,33.48414731]},"properties":{"id":"zameen-54798682","source":"Zameen","confidenceScore":100,"confidenceBand":"High","isOutlier":false,"title":"Investor Price 1 Kanal Elegant House For Sale In DHA 3","propertyGroup":"house","location":"DHA Defence Phase 3, DHA Defence","neighborhood":"DHA Defence","pricePkr":79000000,"pricePerSqft":17555.56,"pricePerMarla":3950000.0,"areaSqft":4500.0,"beds":5,"baths":6,"url":"https://www.zameen.com/Property/dha_defence_dha_defence_phase_3_investor_price_1_kanal_elegant_house_for_sale_in_dha_3-54798682-8412-1.html"}},{"type":"Feature","geometry":{"type":"Point","coordinates":[72.823906,33.679925]},"properties":{"id":"zameen-53007014","source":"Zameen","confidenceScore":100,"confidenceBand":"High","isOutlier":false,"title":"Rented Furnished 360 Sqft Studio Flat In Brand New Building","propertyGroup":"apartment","location":"MPCHS - Block C, MPCHS - Multi Gardens","neighborhood":"B-17","pricePkr":6300000,"pricePerSqft":17500.0,"pricePerMarla":3937500.0,"areaSqft":360.0,"beds":1,"baths":1,"url":"https://www.zameen.com/Property/mpchs_multi_gardens_mpchs_-_block_c_rented_furnished_360_sqft_studio_flat_in_brand_new_building-53007014-3118-1.html"}},{"type":"Feature","geometry":{"type":"Point","coordinates":[72.876793,33.57094]},"properties":{"id":"zameen-54737843","source":"Zameen","confidenceScore":100,"confidenceBand":"High","isOutlier":false,"title":"Brand New House For Sale Airport Green Garden","propertyGroup":"house","location":"Airport Green Garden - Block A, Airport Green Garden","neighborhood":"Kashmir Highway","pricePkr":31500000,"pricePerSqft":17500.0,"pricePerMarla":3937500.0,"areaSqft":1800.0,"beds":5,"baths":6,"url":"https://www.zameen.com/Property/airport_green_garden_airport_green_garden_-_block_a_brand_new_house_for_sale_airport_green_garden-54737843-19371-1.html"}},{"type":"Feature","geometry":{"type":"Point","coordinates":[73.15916,33.522991]},"properties":{"id":"zameen-54758043","source":"Zameen","confidenceScore":96,"confidenceBand":"High","isOutlier":false,"title":"Signature Properties Offer Beautiful Apartment Margalla View Corner Dha Phase 2 Islamabad","propertyGroup":"apartment","location":"Goldcrest Views, DHA Defence Phase 2","neighborhood":"DHA Defence","pricePkr":23800000,"pricePerSqft":17500.0,"pricePerMarla":3937500.0,"areaSqft":1360.0,"beds":2,"baths":2,"url":"https://www.zameen.com/Property/dha_defence_phase_2_goldcrest_views_signature_properties_offer_beautiful_apartment_margalla_view_corner_dha_phase_2_islamabad-54758043-18358-1.html"}},{"type":"Feature","geometry":{"type":"Point","coordinates":[73.195107,33.534569]},"properties":{"id":"zameen-54364176","source":"Zameen","confidenceScore":96,"confidenceBand":"High","isOutlier":false,"title":"5 Marla Beautiful Plot For Sale In Sector F, DHA Phase 5 Islamabad","propertyGroup":"plot","location":"DHA Defence Phase 5, DHA Defence","neighborhood":"DHA Defence","pricePkr":19500000,"pricePerSqft":17333.33,"pricePerMarla":3900000.0,"areaSqft":1125.0,"beds":null,"baths":null,"url":"https://www.zameen.com/Property/dha_defence_dha_defence_phase_5_5_marla_beautiful_plot_for_sale_in_sector_f_dha_phase_5_islamabad-54364176-10991-2.html"}},{"type":"Feature","geometry":{"type":"Point","coordinates":[72.99041,33.683532]},"properties":{"id":"zameen-54698900","source":"Zameen","confidenceScore":100,"confidenceBand":"High","isOutlier":false,"title":"F-11 Golden Height Flat For Sale","propertyGroup":"apartment","location":"F-11, Islamabad","neighborhood":"F-11","pricePkr":26000000,"pricePerSqft":17333.33,"pricePerMarla":3900000.0,"areaSqft":1500.0,"beds":2,"baths":2,"url":"https://www.zameen.com/Property/islamabad_f-11_f-11_golden_height_flat_for_sale-54698900-163-1.html"}},{"type":"Feature","geometry":{"type":"Point","coordinates":[72.860985,33.58242]},"properties":{"id":"zameen-54601380","source":"Zameen","confidenceScore":100,"confidenceBand":"High","isOutlier":false,"title":"Top City Kunwar Block","propertyGroup":"apartment","location":"Top City 1 - Kanwar Moiz Block, Top City 1","neighborhood":"Top City 1","pricePkr":7700000,"pricePerSqft":17225.95,"pricePerMarla":3875838.93,"areaSqft":447.0,"beds":null,"baths":1,"url":"https://www.zameen.com/Property/top_city_1_top_city_1_-_kanwar_moiz_block_top_city_kunwar_block-54601380-22390-1.html"}},{"type":"Feature","geometry":{"type":"Point","coordinates":[73.16268,33.713488]},"properties":{"id":"zameen-54755689","source":"Zameen","confidenceScore":100,"confidenceBand":"High","isOutlier":false,"title":"Bani Gala House For Sale Sized 4 Marla","propertyGroup":"house","location":"Bani Gala, Islamabad","neighborhood":"Bani Gala","pricePkr":15500000,"pricePerSqft":17222.22,"pricePerMarla":3875000.0,"areaSqft":900.0,"beds":4,"baths":5,"url":"https://www.zameen.com/Property/islamabad_bani_gala_bani_gala_house_for_sale_sized_4_marla-54755689-340-1.html"}},{"type":"Feature","geometry":{"type":"Point","coordinates":[72.919879216277,33.693918714802]},"properties":{"id":"zameen-54814757","source":"Zameen","confidenceScore":100,"confidenceBand":"High","isOutlier":false,"title":"2nd And 3rd Ballot Corner Plot Available For Sale","propertyGroup":"plot","location":"Margalla Enclave, Margalla Avenue","neighborhood":"Margalla Avenue","pricePkr":38500000,"pricePerSqft":17111.11,"pricePerMarla":3850000.0,"areaSqft":2250.0,"beds":null,"baths":null,"url":"https://www.zameen.com/Property/margalla_avenue_margalla_enclave_2nd_and_3rd_ballot_corner_plot_available_for_sale-54814757-21436-2.html"}},{"type":"Feature","geometry":{"type":"Point","coordinates":[72.99041,33.683532]},"properties":{"id":"zameen-54842359","source":"Zameen","confidenceScore":100,"confidenceBand":"High","isOutlier":false,"title":"Apartment for Sale in F11 Islamabad","propertyGroup":"apartment","location":"F-11, Islamabad","neighborhood":"F-11","pricePkr":41000000,"pricePerSqft":17083.33,"pricePerMarla":3843750.0,"areaSqft":2400.0,"beds":3,"baths":3,"url":"https://www.zameen.com/Property/islamabad_f-11_apartment_for_sale_in_f11_islamabad-54842359-163-1.html"}},{"type":"Feature","geometry":{"type":"Point","coordinates":[73.215499,33.517418]},"properties":{"id":"zameen-54468934","source":"Zameen","confidenceScore":100,"confidenceBand":"High","isOutlier":false,"title":"4 Bedroom Executive Apartment For Sale In Tower 3, DHA 5","propertyGroup":"apartment","location":"DHA Phase 5 - Sector F1, DHA Defence Phase 5","neighborhood":"DHA Defence","pricePkr":45000000,"pricePerSqft":17039.0,"pricePerMarla":3833775.09,"areaSqft":2641.0,"beds":4,"baths":5,"url":"https://www.zameen.com/Property/dha_defence_phase_5_dha_phase_5_-_sector_f1_4_bedroom_executive_apartment_for_sale_in_tower_3_dha_5-54468934-17402-1.html"}},{"type":"Feature","geometry":{"type":"Point","coordinates":[72.822189,33.68064]},"properties":{"id":"zameen-54828908","source":"Zameen","confidenceScore":100,"confidenceBand":"High","isOutlier":false,"title":"Luxury One Bed in J7 Emporium 25% Down Payment","propertyGroup":"apartment","location":"B-17, Islamabad","neighborhood":"B-17","pricePkr":17068000,"pricePerSqft":17000.0,"pricePerMarla":3825000.0,"areaSqft":1004.0,"beds":1,"baths":1,"url":"https://www.zameen.com/Property/islamabad_b-17_luxury_one_bed_in_j7_emporium_25_down_payment-54828908-616-1.html"}},{"type":"Feature","geometry":{"type":"Point","coordinates":[72.878995,33.58445]},"properties":{"id":"zameen-54688739","source":"Zameen","confidenceScore":100,"confidenceBand":"High","isOutlier":false,"title":"5 Marla Double Unit House Is Available For Sale In University Town Block A Islamabad","propertyGroup":"house","location":"University Town - Block A, University Town","neighborhood":"University Town","pricePkr":19000000,"pricePerSqft":16888.89,"pricePerMarla":3800000.0,"areaSqft":1125.0,"beds":5,"baths":null,"url":"https://www.zameen.com/Property/university_town_university_town_-_block_a_5_marla_double_unit_house_is_available_for_sale_in_university_town_block_a_islamabad-54688739-3501-1.html"}},{"type":"Feature","geometry":{"type":"Point","coordinates":[72.9224943,33.6352074]},"properties":{"id":"zameen-54843126","source":"Zameen","confidenceScore":100,"confidenceBand":"High","isOutlier":false,"title":"25x50 Plot available for Sale in G-15/3","propertyGroup":"plot","location":"G-15/3, G-15","neighborhood":"G-15","pricePkr":19000000,"pricePerSqft":16888.89,"pricePerMarla":3800000.0,"areaSqft":1125.0,"beds":null,"baths":null,"url":"https://www.zameen.com/Property/g_15_g-15_3_25x50_plot_available_for_sale_in_g-15_3-54843126-3350-2.html"}},{"type":"Feature","geometry":{"type":"Point","coordinates":[72.986383,33.684782]},"properties":{"id":"zameen-52462690","source":"Zameen","confidenceScore":100,"confidenceBand":"High","isOutlier":false,"title":"F-11 Markaz Luxury 2 Bedroom Apartment Available For Sale Investor Price","propertyGroup":"apartment","location":"F-11 Markaz, F-11","neighborhood":"F-11","pricePkr":35500000,"pricePerSqft":16784.87,"pricePerMarla":3776595.74,"areaSqft":2115.0,"beds":2,"baths":2,"url":"https://www.zameen.com/Property/f_11_f-11_markaz_f-11_markaz_luxury_2_bedroom_apartment_available_for_sale_investor_price-52462690-3286-1.html"}},{"type":"Feature","geometry":{"type":"Point","coordinates":[72.99041,33.683532]},"properties":{"id":"zameen-54432332","source":"Zameen","confidenceScore":100,"confidenceBand":"High","isOutlier":false,"title":"3100 Sq'Ft Apartment Available For Sale In F-11 Markaz Islamabad","propertyGroup":"apartment","location":"F-11, Islamabad","neighborhood":"F-11","pricePkr":52000000,"pricePerSqft":16774.19,"pricePerMarla":3774193.55,"areaSqft":3100.0,"beds":3,"baths":3,"url":"https://www.zameen.com/Property/islamabad_f-11_3100_sq_ft_apartment_available_for_sale_in_f-11_markaz_islamabad-54432332-163-1.html"}},{"type":"Feature","geometry":{"type":"Point","coordinates":[72.86725,33.587954]},"properties":{"id":"zameen-52702576","source":"Zameen","confidenceScore":100,"confidenceBand":"High","isOutlier":false,"title":"A 20 Marla House In Top City 1 Is On The Market For Sale","propertyGroup":"house","location":"Top City 1, Islamabad","neighborhood":"Top City 1","pricePkr":75000000,"pricePerSqft":16666.67,"pricePerMarla":3750000.0,"areaSqft":4500.0,"beds":7,"baths":6,"url":"https://www.zameen.com/Property/islamabad_top_city_1_a_20_marla_house_in_top_city_1_is_on_the_market_for_sale-52702576-1383-1.html"}},{"type":"Feature","geometry":{"type":"Point","coordinates":[73.151522,33.569648]},"properties":{"id":"zameen-53988403","source":"Zameen","confidenceScore":100,"confidenceBand":"High","isOutlier":false,"title":"Soan Garden Triple Storey House Available For Sale","propertyGroup":"house","location":"Soan Garden - Block A, Soan Garden","neighborhood":"Soan Garden","pricePkr":45000000,"pricePerSqft":16666.67,"pricePerMarla":3750000.0,"areaSqft":2700.0,"beds":8,"baths":6,"url":"https://www.zameen.com/Property/soan_garden_soan_garden_-_block_a_soan_garden_triple_storey_house_available_for_sale-53988403-3491-1.html"}},{"type":"Feature","geometry":{"type":"Point","coordinates":[73.161392,33.527944]},"properties":{"id":"zameen-54100049","source":"Zameen","confidenceScore":100,"confidenceBand":"High","isOutlier":false,"title":"1 Kanal House Available For Sale In Dha Phase 2","propertyGroup":"house","location":"DHA Defence Phase 2, DHA Defence","neighborhood":"DHA Defence","pricePkr":75000000,"pricePerSqft":16666.67,"pricePerMarla":3750000.0,"areaSqft":4500.0,"beds":6,"baths":6,"url":"https://www.zameen.com/Property/dha_defence_dha_defence_phase_2_1_kanal_house_available_for_sale_in_dha_phase_2-54100049-339-1.html"}},{"type":"Feature","geometry":{"type":"Point","coordinates":[73.124993,33.495254]},"properties":{"id":"zameen-54281236","source":"Zameen","confidenceScore":100,"confidenceBand":"High","isOutlier":false,"title":"2 Kanal House Available For Sale In Bahria Town Islamabad Garden City Zone 1","propertyGroup":"house","location":"Bahria Garden City - Zone 1, Bahria Garden City","neighborhood":"Bahria Town","pricePkr":150000000,"pricePerSqft":16666.67,"pricePerMarla":3750000.0,"areaSqft":9000.0,"beds":9,"baths":7,"url":"https://www.zameen.com/Property/bahria_garden_city_bahria_garden_city_-_zone_1_2_kanal_house_available_for_sale_in_bahria_town_islamabad_garden_city_zone_1-54281236-10605-1.html"}},{"type":"Feature","geometry":{"type":"Point","coordinates":[72.938311,33.643527]},"properties":{"id":"zameen-54690286","source":"Zameen","confidenceScore":100,"confidenceBand":"High","isOutlier":false,"title":"35x70 10 Marla Street 73 Plot For Sale G-14/2","propertyGroup":"plot","location":"G-14/2, G-14","neighborhood":"G-14","pricePkr":37500000,"pricePerSqft":16666.67,"pricePerMarla":3750000.0,"areaSqft":2250.0,"beds":null,"baths":null,"url":"https://www.zameen.com/Property/g_14_g-14_2_35x70_10_marla_street_73_plot_for_sale_g-14_2-54690286-3344-2.html"}},{"type":"Feature","geometry":{"type":"Point","coordinates":[72.984983,33.694428]},"properties":{"id":"zameen-54798880","source":"Zameen","confidenceScore":100,"confidenceBand":"High","isOutlier":false,"title":"Margalla Facing Luxury Apartment For Sale","propertyGroup":"house","location":"Capital Residencia, Margalla Hills-2","neighborhood":"E-11","pricePkr":15000000,"pricePerSqft":16666.67,"pricePerMarla":3750000.0,"areaSqft":900.0,"beds":2,"baths":2,"url":"https://www.zameen.com/Property/margalla_hills_2_capital_residencia_margalla_facing_luxury_apartment_for_sale-54798880-10573-1.html"}},{"type":"Feature","geometry":{"type":"Point","coordinates":[72.8234,33.68023]},"properties":{"id":"zameen-53812571","source":"Zameen","confidenceScore":100,"confidenceBand":"High","isOutlier":false,"title":"Ideally Located Studio Apartment","propertyGroup":"apartment","location":"J7 Emporium, B-17","neighborhood":"B-17","pricePkr":12078000,"pricePerSqft":16500.0,"pricePerMarla":3712500.0,"areaSqft":732.0,"beds":null,"baths":1,"url":"https://www.zameen.com/Property/b_17_j7_emporium_ideally_located_studio_apartment-53812571-17263-1.html"}},{"type":"Feature","geometry":{"type":"Point","coordinates":[73.07595663,33.51928957]},"properties":{"id":"zameen-54608681","source":"Zameen","confidenceScore":100,"confidenceBand":"High","isOutlier":false,"title":"Capital Nine DHA Phase 4 Islamabad Flat For Sale","propertyGroup":"apartment","location":"DHA Defence Phase 4, DHA Defence","neighborhood":"DHA Defence","pricePkr":5600000,"pricePerSqft":16470.59,"pricePerMarla":3705882.35,"areaSqft":340.0,"beds":null,"baths":null,"url":"https://www.zameen.com/Property/dha_defence_dha_defence_phase_4_capital_nine_dha_phase_4_islamabad_flat_for_sale-54608681-8413-1.html"}},{"type":"Feature","geometry":{"type":"Point","coordinates":[73.12562478,33.62264682]},"properties":{"id":"zameen-54840426","source":"Zameen","confidenceScore":100,"confidenceBand":"High","isOutlier":false,"title":"Looking For A House In Ghauri Town Ghauri Town","propertyGroup":"house","location":"Ghauri Town, Islamabad","neighborhood":"Ghauri Town","pricePkr":18500000,"pricePerSqft":16444.44,"pricePerMarla":3700000.0,"areaSqft":1125.0,"beds":4,"baths":4,"url":"https://www.zameen.com/Property/islamabad_ghauri_town_looking_for_a_house_in_ghauri_town_ghauri_town-54840426-1314-1.html"}},{"type":"Feature","geometry":{"type":"Point","coordinates":[72.956636,33.650458]},"properties":{"id":"zameen-51852945","source":"Zameen","confidenceScore":100,"confidenceBand":"High","isOutlier":false,"title":"G-13/2 ST NO 589 PLOT NO MAIN DOUBLE ROAD FRONT OPEN HUGE Extra Land PLOTS AVAILABLE Size 50 X 90 = 500 Yds Prime Location Hot CASH PAYMENT FOR SALE Reasonable Price","propertyGroup":"plot","location":"G-13/2, G-13","neighborhood":"G-13","pricePkr":73500000,"pricePerSqft":16333.33,"pricePerMarla":3675000.0,"areaSqft":4500.0,"beds":null,"baths":null,"url":"https://www.zameen.com/Property/g_13_g-13_2_g-13_2_st_no_589_plot_no_main_double_road_front_open_huge_extra_land_plots_available_size_50_x_90_500_yds_prime_location_hot_cash_payment_for_sale_reasonable_price-51852945-3338-2.html"}},{"type":"Feature","geometry":{"type":"Point","coordinates":[73.161392,33.527944]},"properties":{"id":"zameen-54792433","source":"Zameen","confidenceScore":100,"confidenceBand":"High","isOutlier":false,"title":"Premium Apartment In IMARAT Downtown Islamabad Expressway","propertyGroup":"apartment","location":"DHA Defence Phase 2, DHA Defence","neighborhood":"DHA Defence","pricePkr":24500000,"pricePerSqft":16333.33,"pricePerMarla":3675000.0,"areaSqft":1500.0,"beds":2,"baths":3,"url":"https://www.zameen.com/Property/dha_defence_dha_defence_phase_2_premium_apartment_in_imarat_downtown_islamabad_expressway-54792433-339-1.html"}},{"type":"Feature","geometry":{"type":"Point","coordinates":[73.005431,33.691531]},"properties":{"id":"zameen-54581702","source":"Zameen","confidenceScore":100,"confidenceBand":"High","isOutlier":false,"title":"Al Mustafa Tower F-10 3 bedroom Furnished Apartment Available For Sale beautiful Location","propertyGroup":"apartment","location":"F-10, Islamabad","neighborhood":"F-10","pricePkr":32500000,"pricePerSqft":16250.0,"pricePerMarla":3656250.0,"areaSqft":2000.0,"beds":3,"baths":4,"url":"https://www.zameen.com/Property/islamabad_f-10_al_mustafa_tower_f-10_3_bedroom_furnished_apartment_available_for_sale_beautiful_location-54581702-162-1.html"}},{"type":"Feature","geometry":{"type":"Point","coordinates":[72.86725,33.587954]},"properties":{"id":"zameen-52594015","source":"Zameen","confidenceScore":100,"confidenceBand":"High","isOutlier":false,"title":"Top City 1 Kanal House For Sale","propertyGroup":"house","location":"Top City 1, Islamabad","neighborhood":"Top City 1","pricePkr":73000000,"pricePerSqft":16222.22,"pricePerMarla":3650000.0,"areaSqft":4500.0,"beds":8,"baths":7,"url":"https://www.zameen.com/Property/islamabad_top_city_1_top_city_1_kanal_house_for_sale-52594015-1383-1.html"}},{"type":"Feature","geometry":{"type":"Point","coordinates":[73.142509,33.528946]},"properties":{"id":"zameen-54837340","source":"Zameen","confidenceScore":100,"confidenceBand":"High","isOutlier":false,"title":"Signature Properties Offer Beautiful Plot Sector A Jinnah Blovd Corner Dha Phase 2 Islamabadd","propertyGroup":"plot","location":"DHA Phase 2 - Sector A, DHA Defence Phase 2","neighborhood":"DHA Defence","pricePkr":72500000,"pricePerSqft":16111.11,"pricePerMarla":3625000.0,"areaSqft":4500.0,"beds":null,"baths":null,"url":"https://www.zameen.com/Property/dha_defence_phase_2_dha_phase_2_-_sector_a_signature_properties_offer_beautiful_plot_sector_a_jinnah_blovd_corner_dha_phase_2_islamabadd-54837340-3196-2.html"}},{"type":"Feature","geometry":{"type":"Point","coordinates":[73.15135,33.512166]},"properties":{"id":"zameen-54640228","source":"Zameen","confidenceScore":100,"confidenceBand":"High","isOutlier":false,"title":"1, 2 & 3 Bed Apartments in Atrium Hills Islamabad Luxury Living Opposite DHA Phase 2 & Giga Mall","propertyGroup":"apartment","location":"Zaraj Housing Scheme, Islamabad","neighborhood":"Zaraj Housing Scheme","pricePkr":22400000,"pricePerSqft":16000.0,"pricePerMarla":3600000.0,"areaSqft":1400.0,"beds":2,"baths":2,"url":"https://www.zameen.com/Property/islamabad_zaraj_housing_scheme_1_2_3_bed_apartments_in_atrium_hills_islamabad_luxury_living_opposite_dha_phase_2_giga_mall-54640228-3508-1.html"}},{"type":"Feature","geometry":{"type":"Point","coordinates":[72.929006,33.6369]},"properties":{"id":"zameen-54640311","source":"Zameen","confidenceScore":100,"confidenceBand":"High","isOutlier":false,"title":"4-Year Installment Plan Book Your 3- Bedroom Apartment - GT Road Opposite Giga Mall DHA Phase 2 Islamabd","propertyGroup":"apartment","location":"GT Road, Islamabad","neighborhood":"GT Road","pricePkr":33600000,"pricePerSqft":16000.0,"pricePerMarla":3600000.0,"areaSqft":2100.0,"beds":3,"baths":3,"url":"https://www.zameen.com/Property/islamabad_gt_road_4-year_installment_plan_book_your_3-_bedroom_apartment_-_gt_road_opposite_giga_mall_dha_phase_2_islamabd-54640311-3397-1.html"}},{"type":"Feature","geometry":{"type":"Point","coordinates":[72.919879216277,33.693918714802]},"properties":{"id":"zameen-54720253","source":"Zameen","confidenceScore":100,"confidenceBand":"High","isOutlier":false,"title":"5 Marla Plot For Sale In DHA Margalla Enclave Islamabad 2nd Balloting 3-Year Installment Plan","propertyGroup":"plot","location":"Margalla Enclave, Margalla Avenue","neighborhood":"Margalla Avenue","pricePkr":18000000,"pricePerSqft":16000.0,"pricePerMarla":3600000.0,"areaSqft":1125.0,"beds":null,"baths":null,"url":"https://www.zameen.com/Property/margalla_avenue_margalla_enclave_5_marla_plot_for_sale_in_dha_margalla_enclave_islamabad_2nd_balloting_3-year_installment_plan-54720253-21436-2.html"}},{"type":"Feature","geometry":{"type":"Point","coordinates":[72.919879216277,33.693918714802]},"properties":{"id":"zameen-54797330","source":"Zameen","confidenceScore":100,"confidenceBand":"High","isOutlier":false,"title":"Road 2 Plot For Sale, 100% Ideal Location For Future Investment","propertyGroup":"plot","location":"Margalla Enclave, Margalla Avenue","neighborhood":"Margalla Avenue","pricePkr":18000000,"pricePerSqft":16000.0,"pricePerMarla":3600000.0,"areaSqft":1125.0,"beds":null,"baths":null,"url":"https://www.zameen.com/Property/margalla_avenue_margalla_enclave_road_2_plot_for_sale_100_ideal_location_for_future_investment-54797330-21436-2.html"}},{"type":"Feature","geometry":{"type":"Point","coordinates":[72.9198792,33.6939187]},"properties":{"id":"zameen-54843644","source":"Zameen","confidenceScore":100,"confidenceBand":"High","isOutlier":false,"title":"DHA MARGALLA ENCLAVE","propertyGroup":"plot","location":"Margalla Enclave, Margalla Avenue","neighborhood":"Margalla Avenue","pricePkr":18000000,"pricePerSqft":16000.0,"pricePerMarla":3600000.0,"areaSqft":1125.0,"beds":null,"baths":null,"url":"https://www.zameen.com/Property/margalla_avenue_margalla_enclave_dha_margalla_enclave-54843644-21436-2.html"}},{"type":"Feature","geometry":{"type":"Point","coordinates":[73.156958,33.601089]},"properties":{"id":"zameen-54837695","source":"Zameen","confidenceScore":100,"confidenceBand":"High","isOutlier":false,"title":"Samam Mall 3 Bed Apartment For Sale","propertyGroup":"apartment","location":"Smama Star Mall & Residency, Gulberg Greens","neighborhood":"Gulberg","pricePkr":17500000,"pricePerSqft":15865.82,"pricePerMarla":3569809.61,"areaSqft":1103.0,"beds":3,"baths":2,"url":"https://www.zameen.com/Property/gulberg_greens_smama_star_mall_residency_samam_mall_3_bed_apartment_for_sale-54837695-11278-1.html"}},{"type":"Feature","geometry":{"type":"Point","coordinates":[72.877002,33.627577]},"properties":{"id":"zameen-54370239","source":"Zameen","confidenceScore":100,"confidenceBand":"High","isOutlier":false,"title":"10 MARLA BEAUTIFUL DESIGNER HOUSE AVAILABLE FOR SALE","propertyGroup":"house","location":"Telegardens (T&T ECHS), F-17","neighborhood":"F-17","pricePkr":35000000,"pricePerSqft":15555.56,"pricePerMarla":3500000.0,"areaSqft":2250.0,"beds":5,"baths":6,"url":"https://www.zameen.com/Property/f_17_telegardens_t_t_echs_10_marla_beautiful_designer_house_available_for_sale-54370239-12136-1.html"}},{"type":"Feature","geometry":{"type":"Point","coordinates":[72.919879216277,33.693918714802]},"properties":{"id":"zameen-54633994","source":"Zameen","confidenceScore":100,"confidenceBand":"High","isOutlier":false,"title":"10 Marla Plot For Sale Margalla Enclave ISB","propertyGroup":"plot","location":"Margalla Enclave, Margalla Avenue","neighborhood":"Margalla Avenue","pricePkr":35000000,"pricePerSqft":15555.56,"pricePerMarla":3500000.0,"areaSqft":2250.0,"beds":null,"baths":null,"url":"https://www.zameen.com/Property/margalla_avenue_margalla_enclave_10_marla_plot_for_sale_margalla_enclave_isb-54633994-21436-2.html"}},{"type":"Feature","geometry":{"type":"Point","coordinates":[73.091826,33.508481]},"properties":{"id":"zameen-54744680","source":"Zameen","confidenceScore":100,"confidenceBand":"High","isOutlier":false,"title":"CORNER EXECUTIVE DEFENCE VILLA FOR SALE DHA Phase 1, Sector F, Islamabad","propertyGroup":"house","location":"DHA Phase 1 - Defence Villas, DHA Phase 1 - Sector F","neighborhood":"DHA Defence","pricePkr":70000000,"pricePerSqft":15555.56,"pricePerMarla":3500000.0,"areaSqft":4500.0,"beds":3,"baths":4,"url":"https://www.zameen.com/Property/dha_phase_1_sector_f_dha_phase_1_-_defence_villas_corner_executive_defence_villa_for_sale_dha_phase_1_sector_f_islamabad-54744680-3075-1.html"}},{"type":"Feature","geometry":{"type":"Point","coordinates":[72.919879216277,33.693918714802]},"properties":{"id":"zameen-54780335","source":"Zameen","confidenceScore":100,"confidenceBand":"High","isOutlier":false,"title":"10 Marla Residential Plot for Sale in DHA Margalla Enclave, Islamabad","propertyGroup":"plot","location":"Margalla Enclave, Margalla Avenue","neighborhood":"Margalla Avenue","pricePkr":35000000,"pricePerSqft":15555.56,"pricePerMarla":3500000.0,"areaSqft":2250.0,"beds":null,"baths":null,"url":"https://www.zameen.com/Property/margalla_avenue_margalla_enclave_10_marla_residential_plot_for_sale_in_dha_margalla_enclave_islamabad-54780335-21436-2.html"}},{"type":"Feature","geometry":{"type":"Point","coordinates":[73.15306,33.67766]},"properties":{"id":"zameen-54793530","source":"Zameen","confidenceScore":100,"confidenceBand":"High","isOutlier":false,"title":"FOR SALE 5 Marla Residence Plot CDA Transfer in Park Enclave Phase 3","propertyGroup":"plot","location":"Park Enclave 3, Park Enclave","neighborhood":"Park Enclave","pricePkr":17500000,"pricePerSqft":15555.56,"pricePerMarla":3500000.0,"areaSqft":1125.0,"beds":null,"baths":null,"url":"https://www.zameen.com/Property/park_enclave_park_enclave_3_for_sale_5_marla_residence_plot_cda_transfer_in_park_enclave_phase_3-54793530-17150-2.html"}},{"type":"Feature","geometry":{"type":"Point","coordinates":[72.919879216277,33.693918714802]},"properties":{"id":"zameen-54794998","source":"Zameen","confidenceScore":100,"confidenceBand":"High","isOutlier":false,"title":"Prominently-Located 10 Marla Residential Plot Available In Margalla Enclave","propertyGroup":"plot","location":"Margalla Enclave, Margalla Avenue","neighborhood":"Margalla Avenue","pricePkr":35000000,"pricePerSqft":15555.56,"pricePerMarla":3500000.0,"areaSqft":2250.0,"beds":null,"baths":null,"url":"https://www.zameen.com/Property/margalla_avenue_margalla_enclave_prominently-located_10_marla_residential_plot_available_in_margalla_enclave-54794998-21436-2.html"}},{"type":"Feature","geometry":{"type":"Point","coordinates":[72.919879216277,33.693918714802]},"properties":{"id":"zameen-54842649","source":"Zameen","confidenceScore":100,"confidenceBand":"High","isOutlier":false,"title":"Highly-Desirable 10 Marla Residential Plot Available In Margalla Enclave","propertyGroup":"plot","location":"Margalla Enclave, Margalla Avenue","neighborhood":"Margalla Avenue","pricePkr":35000000,"pricePerSqft":15555.56,"pricePerMarla":3500000.0,"areaSqft":2250.0,"beds":null,"baths":null,"url":"https://www.zameen.com/Property/margalla_avenue_margalla_enclave_highly-desirable_10_marla_residential_plot_available_in_margalla_enclave-54842649-21436-2.html"}},{"type":"Feature","geometry":{"type":"Point","coordinates":[72.86725,33.587954]},"properties":{"id":"zameen-53915657","source":"Zameen","confidenceScore":100,"confidenceBand":"High","isOutlier":false,"title":"Top City 1 Kanal Used House For Sale","propertyGroup":"house","location":"Top City 1, Islamabad","neighborhood":"Top City 1","pricePkr":69500000,"pricePerSqft":15444.44,"pricePerMarla":3475000.0,"areaSqft":4500.0,"beds":null,"baths":null,"url":"https://www.zameen.com/Property/islamabad_top_city_1_top_city_1_kanal_used_house_for_sale-53915657-1383-1.html"}},{"type":"Feature","geometry":{"type":"Point","coordinates":[72.880297,33.631987]},"properties":{"id":"zameen-53453761","source":"Zameen","confidenceScore":100,"confidenceBand":"High","isOutlier":false,"title":"10 MARLA NEW HOUSE FOR SALE F-17 ISLAMABAD BANK LOAN POSSIBLE ALL FACILITY AVAILABLE CDA PPROVED SECTOR","propertyGroup":"house","location":"F-17, Islamabad","neighborhood":"F-17","pricePkr":34500000,"pricePerSqft":15333.33,"pricePerMarla":3450000.0,"areaSqft":2250.0,"beds":6,"baths":6,"url":"https://www.zameen.com/Property/islamabad_f-17_10_marla_new_house_for_sale_f-17_islamabad_bank_loan_possible_all_facility_available_cda_pproved_sector-53453761-335-1.html"}},{"type":"Feature","geometry":{"type":"Point","coordinates":[72.86154199,33.57976918]},"properties":{"id":"zameen-54839115","source":"Zameen","confidenceScore":100,"confidenceBand":"High","isOutlier":false,"title":"10 Marla House Gray Structure In Top City 1 For Sale At Good Location","propertyGroup":"house","location":"Top City 1 - Block A, Top City 1","neighborhood":"Top City 1","pricePkr":34500000,"pricePerSqft":15333.33,"pricePerMarla":3450000.0,"areaSqft":2250.0,"beds":null,"baths":null,"url":"https://www.zameen.com/Property/top_city_1_top_city_1_-_block_a_10_marla_house_gray_structure_in_top_city_1_for_sale_at_good_location-54839115-9231-1.html"}},{"type":"Feature","geometry":{"type":"Point","coordinates":[73.151522,33.569648]},"properties":{"id":"graana-1557926","source":"Graana","confidenceScore":88,"confidenceBand":"High","isOutlier":false,"title":"12 Marla House for Sale","propertyGroup":"house","location":"Soan Garden, Block A, Islamabad","neighborhood":"Soan Garden","pricePkr":41000000,"pricePerSqft":15185.19,"pricePerMarla":3416666.67,"areaSqft":2700.0,"beds":3,"baths":4,"url":"https://www.graana.com/property/1557926"}},{"type":"Feature","geometry":{"type":"Point","coordinates":[73.21572,33.718262]},"properties":{"id":"graana-1558192","source":"Graana","confidenceScore":88,"confidenceBand":"High","isOutlier":false,"title":"5 Marla house for sale","propertyGroup":"house","location":"Park View City, Islamabad","neighborhood":"Park View City","pricePkr":17000000,"pricePerSqft":15111.11,"pricePerMarla":3400000.0,"areaSqft":1125.0,"beds":3,"baths":4,"url":"https://www.graana.com/property/1558192"}},{"type":"Feature","geometry":{"type":"Point","coordinates":[72.986383,33.684782]},"properties":{"id":"zameen-54681491","source":"Zameen","confidenceScore":100,"confidenceBand":"High","isOutlier":false,"title":"F-11 Markaz 3 Bedroom Un-Furnished Apartment In Sughra Tower For Sale","propertyGroup":"apartment","location":"F-11 Markaz, F-11","neighborhood":"F-11","pricePkr":39000000,"pricePerSqft":15000.0,"pricePerMarla":3375000.0,"areaSqft":2600.0,"beds":3,"baths":3,"url":"https://www.zameen.com/Property/f_11_f-11_markaz_f-11_markaz_3_bedroom_un-furnished_apartment_in_sughra_tower_for_sale-54681491-3286-1.html"}},{"type":"Feature","geometry":{"type":"Point","coordinates":[72.8610763,33.5833304]},"properties":{"id":"zameen-54816093","source":"Zameen","confidenceScore":100,"confidenceBand":"High","isOutlier":false,"title":"Top City Furnished Studio For Sale Available","propertyGroup":"apartment","location":"Top City 1, Islamabad","neighborhood":"Top City 1","pricePkr":7500000,"pricePerSqft":15000.0,"pricePerMarla":3375000.0,"areaSqft":500.0,"beds":null,"baths":1,"url":"https://www.zameen.com/Property/islamabad_top_city_1_top_city_furnished_studio_for_sale_available-54816093-1383-1.html"}},{"type":"Feature","geometry":{"type":"Point","coordinates":[72.978215,33.698137]},"properties":{"id":"zameen-54833131","source":"Zameen","confidenceScore":100,"confidenceBand":"High","isOutlier":false,"title":"2 Bed Unfurnished Apartment Available For Sale","propertyGroup":"apartment","location":"E-11, Islamabad","neighborhood":"E-11","pricePkr":18000000,"pricePerSqft":15000.0,"pricePerMarla":3375000.0,"areaSqft":1200.0,"beds":2,"baths":2,"url":"https://www.zameen.com/Property/islamabad_e-11_2_bed_unfurnished_apartment_available_for_sale-54833131-329-1.html"}},{"type":"Feature","geometry":{"type":"Point","coordinates":[73.16268,33.713488]},"properties":{"id":"zameen-54840893","source":"Zameen","confidenceScore":100,"confidenceBand":"High","isOutlier":false,"title":"7 Marla House In Bani Gala Is Available For sale","propertyGroup":"house","location":"Bani Gala, Islamabad","neighborhood":"Bani Gala","pricePkr":23500000,"pricePerSqft":14920.63,"pricePerMarla":3357142.86,"areaSqft":1575.0,"beds":4,"baths":5,"url":"https://www.zameen.com/Property/islamabad_bani_gala_7_marla_house_in_bani_gala_is_available_for_sale-54840893-340-1.html"}},{"type":"Feature","geometry":{"type":"Point","coordinates":[72.860985,33.58242]},"properties":{"id":"zameen-54840546","source":"Zameen","confidenceScore":100,"confidenceBand":"High","isOutlier":false,"title":"In Top City 1 - Kanwar Moiz Block Flat Sized 800 Square Feet For sale","propertyGroup":"house","location":"Top City 1 - Kanwar Moiz Block, Top City 1","neighborhood":"Top City 1","pricePkr":12000000,"pricePerSqft":14814.81,"pricePerMarla":3333333.33,"areaSqft":810.0,"beds":2,"baths":2,"url":"https://www.zameen.com/Property/top_city_1_top_city_1_-_kanwar_moiz_block_in_top_city_1_-_kanwar_moiz_block_flat_sized_800_square_feet_for_sale-54840546-22390-1.html"}},{"type":"Feature","geometry":{"type":"Point","coordinates":[73.00405,33.636692]},"properties":{"id":"zameen-53235642","source":"Zameen","confidenceScore":100,"confidenceBand":"High","isOutlier":false,"title":"5 Marla Leveled Plot In I-12/3 CDA Possession Able Sector","propertyGroup":"plot","location":"I-12/3, I-12","neighborhood":"I-12","pricePkr":16500000,"pricePerSqft":14666.67,"pricePerMarla":3300000.0,"areaSqft":1125.0,"beds":null,"baths":null,"url":"https://www.zameen.com/Property/i_12_i-12_3_5_marla_leveled_plot_in_i-12_3_cda_possession_able_sector-53235642-13802-2.html"}},{"type":"Feature","geometry":{"type":"Point","coordinates":[72.919879216277,33.693918714802]},"properties":{"id":"zameen-54282133","source":"Zameen","confidenceScore":100,"confidenceBand":"High","isOutlier":false,"title":"ME 1 Size 10 Marla Southern Bypass Road Heighted Location Best For Father Investment","propertyGroup":"plot","location":"Margalla Enclave, Margalla Avenue","neighborhood":"Margalla Avenue","pricePkr":33000000,"pricePerSqft":14666.67,"pricePerMarla":3300000.0,"areaSqft":2250.0,"beds":null,"baths":null,"url":"https://www.zameen.com/Property/margalla_avenue_margalla_enclave_me_1_size_10_marla_southern_bypass_road_heighted_location_best_for_father_investment-54282133-21436-2.html"}},{"type":"Feature","geometry":{"type":"Point","coordinates":[72.948611,33.647779]},"properties":{"id":"zameen-54612772","source":"Zameen","confidenceScore":100,"confidenceBand":"High","isOutlier":false,"title":"35X70 PRIME PLOT FOR SALE IN G-14/3 | NEAR MARKAZ | IDEAL INVESTMENT OPPORTUNITY","propertyGroup":"plot","location":"G-14/3, G-14","neighborhood":"G-14","pricePkr":33000000,"pricePerSqft":14666.67,"pricePerMarla":3300000.0,"areaSqft":2250.0,"beds":null,"baths":null,"url":"https://www.zameen.com/Property/g_14_g-14_3_35x70_prime_plot_for_sale_in_g-14_3_near_markaz_ideal_investment_opportunity-54612772-3345-2.html"}},{"type":"Feature","geometry":{"type":"Point","coordinates":[72.948611,33.647779]},"properties":{"id":"zameen-54813514","source":"Zameen","confidenceScore":96,"confidenceBand":"High","isOutlier":false,"title":"Hot Deal! 35x70 Prime Plot in G-14/3 Islamabad High-Potential Investment","propertyGroup":"plot","location":"G-14/3, G-14","neighborhood":"G-14","pricePkr":33000000,"pricePerSqft":14666.67,"pricePerMarla":3300000.0,"areaSqft":2250.0,"beds":null,"baths":null,"url":"https://www.zameen.com/Property/g_14_g-14_3_hot_deal_35x70_prime_plot_in_g-14_3_islamabad_high-potential_investment-54813514-3345-2.html"}},{"type":"Feature","geometry":{"type":"Point","coordinates":[72.86725,33.587954]},"properties":{"id":"zameen-54709410","source":"Zameen","confidenceScore":100,"confidenceBand":"High","isOutlier":false,"title":"2 Bed Apartment For Sale Kunwar Block","propertyGroup":"house","location":"Top City 1, Islamabad","neighborhood":"Top City 1","pricePkr":12500000,"pricePerSqft":14619.88,"pricePerMarla":3289473.68,"areaSqft":855.0,"beds":2,"baths":2,"url":"https://www.zameen.com/Property/islamabad_top_city_1_2_bed_apartment_for_sale_kunwar_block-54709410-1383-1.html"}},{"type":"Feature","geometry":{"type":"Point","coordinates":[72.978215,33.698137]},"properties":{"id":"zameen-54553808","source":"Zameen","confidenceScore":100,"confidenceBand":"High","isOutlier":false,"title":"E-11/2 Capital Apartment (2) Studio apartment available for sale.","propertyGroup":"apartment","location":"E-11, Islamabad","neighborhood":"E-11","pricePkr":7300000,"pricePerSqft":14600.0,"pricePerMarla":3285000.0,"areaSqft":500.0,"beds":null,"baths":1,"url":"https://www.zameen.com/Property/islamabad_e-11_e-11_2_capital_apartment_2_studio_apartment_available_for_sale-54553808-329-1.html"}},{"type":"Feature","geometry":{"type":"Point","coordinates":[72.861363,33.659045]},"properties":{"id":"zameen-54839523","source":"Zameen","confidenceScore":100,"confidenceBand":"High","isOutlier":false,"title":"Two Bed Fully Furnished Apartment Is Available For Sale In D-17 At J7 Mall Apartments","propertyGroup":"apartment","location":"D-17, Islamabad","neighborhood":"D-17","pricePkr":17500000,"pricePerSqft":14583.33,"pricePerMarla":3281250.0,"areaSqft":1200.0,"beds":2,"baths":2,"url":"https://www.zameen.com/Property/islamabad_d-17_two_bed_fully_furnished_apartment_is_available_for_sale_in_d-17_at_j7_mall_apartments-54839523-737-1.html"}},{"type":"Feature","geometry":{"type":"Point","coordinates":[72.984238,33.698244]},"properties":{"id":"zameen-54750861","source":"Zameen","confidenceScore":100,"confidenceBand":"High","isOutlier":false,"title":"E-11/4 Madina Tower (2 Bedroom Apartment Available For Sale).","propertyGroup":"apartment","location":"E-11/4, E-11","neighborhood":"E-11","pricePkr":16000000,"pricePerSqft":14545.45,"pricePerMarla":3272727.27,"areaSqft":1100.0,"beds":2,"baths":2,"url":"https://www.zameen.com/Property/e_11_e-11_4_e-11_4_madina_tower_2_bedroom_apartment_available_for_sale-54750861-3241-1.html"}},{"type":"Feature","geometry":{"type":"Point","coordinates":[73.195107,33.534569]},"properties":{"id":"zameen-54669143","source":"Zameen","confidenceScore":100,"confidenceBand":"High","isOutlier":false,"title":"PINE HILL Residencia Flat For Sale","propertyGroup":"apartment","location":"DHA Defence Phase 5, DHA Defence","neighborhood":"DHA Defence","pricePkr":5800000,"pricePerSqft":14500.0,"pricePerMarla":3262500.0,"areaSqft":400.0,"beds":null,"baths":null,"url":"https://www.zameen.com/Property/dha_defence_dha_defence_phase_5_pine_hill_residencia_flat_for_sale-54669143-10991-1.html"}},{"type":"Feature","geometry":{"type":"Point","coordinates":[72.822189,33.68064]},"properties":{"id":"zameen-54745695","source":"Zameen","confidenceScore":100,"confidenceBand":"High","isOutlier":false,"title":"2 Bed Apartment Available For Sale","propertyGroup":"apartment","location":"B-17, Islamabad","neighborhood":"B-17","pricePkr":8700000,"pricePerSqft":14500.0,"pricePerMarla":3262500.0,"areaSqft":600.0,"beds":2,"baths":2,"url":"https://www.zameen.com/Property/islamabad_b-17_2_bed_apartment_available_for_sale-54745695-616-1.html"}},{"type":"Feature","geometry":{"type":"Point","coordinates":[72.919879216277,33.693918714802]},"properties":{"id":"zameen-53426736","source":"Zameen","confidenceScore":100,"confidenceBand":"High","isOutlier":false,"title":"End Your Search For Residential Plot Here And Sale Now On Instalments","propertyGroup":"plot","location":"Margalla Enclave, Margalla Avenue","neighborhood":"Margalla Avenue","pricePkr":65000000,"pricePerSqft":14444.44,"pricePerMarla":3250000.0,"areaSqft":4500.0,"beds":null,"baths":null,"url":"https://www.zameen.com/Property/margalla_avenue_margalla_enclave_end_your_search_for_residential_plot_here_and_sale_now_on_instalments-53426736-21436-2.html"}},{"type":"Feature","geometry":{"type":"Point","coordinates":[73.15477,33.680369]},"properties":{"id":"zameen-53676339","source":"Zameen","confidenceScore":100,"confidenceBand":"High","isOutlier":false,"title":"ME-3 Kanal Plot 3 Year Payment Plan In DHA/CDA Margalla Enclave","propertyGroup":"plot","location":"Margalla Enclave, Islamabad","neighborhood":"Margalla Enclave","pricePkr":65000000,"pricePerSqft":14444.44,"pricePerMarla":3250000.0,"areaSqft":4500.0,"beds":null,"baths":null,"url":"https://www.zameen.com/Property/islamabad_margalla_enclave_me-3_kanal_plot_3_year_payment_plan_in_dha_cda_margalla_enclave-53676339-22293-2.html"}},{"type":"Feature","geometry":{"type":"Point","coordinates":[72.919879216277,33.693918714802]},"properties":{"id":"zameen-54770623","source":"Zameen","confidenceScore":100,"confidenceBand":"High","isOutlier":false,"title":"1 Kanal Premium Plot For Sale In ME3 | DHA Margalla Enclave Islamabad | Flexible 3-Year Plan","propertyGroup":"plot","location":"Margalla Enclave, Margalla Avenue","neighborhood":"Margalla Avenue","pricePkr":65000000,"pricePerSqft":14444.44,"pricePerMarla":3250000.0,"areaSqft":4500.0,"beds":null,"baths":null,"url":"https://www.zameen.com/Property/margalla_avenue_margalla_enclave_1_kanal_premium_plot_for_sale_in_me3_dha_margalla_enclave_islamabad_flexible_3-year_plan-54770623-21436-2.html"}},{"type":"Feature","geometry":{"type":"Point","coordinates":[72.86725,33.587954]},"properties":{"id":"zameen-54841102","source":"Zameen","confidenceScore":100,"confidenceBand":"High","isOutlier":false,"title":"Reserve A Flat Of 540 Square Feet Now In Top City 1","propertyGroup":"apartment","location":"Top City 1, Islamabad","neighborhood":"Top City 1","pricePkr":7800000,"pricePerSqft":14444.44,"pricePerMarla":3250000.0,"areaSqft":540.0,"beds":1,"baths":1,"url":"https://www.zameen.com/Property/islamabad_top_city_1_reserve_a_flat_of_540_square_feet_now_in_top_city_1-54841102-1383-1.html"}},{"type":"Feature","geometry":{"type":"Point","coordinates":[72.984238,33.698244]},"properties":{"id":"zameen-54832999","source":"Zameen","confidenceScore":100,"confidenceBand":"High","isOutlier":false,"title":"3 Bed Room Apartment Available For Sale","propertyGroup":"apartment","location":"E-11/4, E-11","neighborhood":"E-11","pricePkr":20000000,"pricePerSqft":14285.71,"pricePerMarla":3214285.71,"areaSqft":1400.0,"beds":3,"baths":3,"url":"https://www.zameen.com/Property/e_11_e-11_4_3_bed_room_apartment_available_for_sale-54832999-3241-1.html"}},{"type":"Feature","geometry":{"type":"Point","coordinates":[72.919879216277,33.693918714802]},"properties":{"id":"zameen-54034875","source":"Zameen","confidenceScore":100,"confidenceBand":"High","isOutlier":false,"title":"New Booking Margalla Enclave ME-1 10 Marla Street 23 Sun Facing And Margalla Facing Solid Land On 02 Years Easy Installment Plan Plot For Sale","propertyGroup":"plot","location":"Margalla Enclave, Margalla Avenue","neighborhood":"Margalla Avenue","pricePkr":32000000,"pricePerSqft":14222.22,"pricePerMarla":3200000.0,"areaSqft":2250.0,"beds":null,"baths":null,"url":"https://www.zameen.com/Property/margalla_avenue_margalla_enclave_new_booking_margalla_enclave_me-1_10_marla_street_23_sun_facing_and_margalla_facing_solid_land_on_02_years_easy_installment_plan_plot_for_sale-54034875-21436-2.html"}},{"type":"Feature","geometry":{"type":"Point","coordinates":[73.15306,33.67766]},"properties":{"id":"zameen-54771224","source":"Zameen","confidenceScore":100,"confidenceBand":"High","isOutlier":false,"title":"5 Marla Residential Plot In Park Enclave 3 Best Option","propertyGroup":"plot","location":"Park Enclave 3, Park Enclave","neighborhood":"Park Enclave","pricePkr":16000000,"pricePerSqft":14222.22,"pricePerMarla":3200000.0,"areaSqft":1125.0,"beds":null,"baths":null,"url":"https://www.zameen.com/Property/park_enclave_park_enclave_3_5_marla_residential_plot_in_park_enclave_3_best_option-54771224-17150-2.html"}},{"type":"Feature","geometry":{"type":"Point","coordinates":[73.16268,33.713488]},"properties":{"id":"zameen-54783209","source":"Zameen","confidenceScore":100,"confidenceBand":"High","isOutlier":false,"title":"5 Marla Semi Double Storey House For Sale In Banigala","propertyGroup":"house","location":"Bani Gala, Islamabad","neighborhood":"Bani Gala","pricePkr":16000000,"pricePerSqft":14222.22,"pricePerMarla":3200000.0,"areaSqft":1125.0,"beds":3,"baths":4,"url":"https://www.zameen.com/Property/islamabad_bani_gala_5_marla_semi_double_storey_house_for_sale_in_banigala-54783209-340-1.html"}},{"type":"Feature","geometry":{"type":"Point","coordinates":[73.16268,33.713488]},"properties":{"id":"zameen-54817815","source":"Zameen","confidenceScore":100,"confidenceBand":"High","isOutlier":false,"title":"5 Marla House For Sale In Bani Gala","propertyGroup":"house","location":"Bani Gala, Islamabad","neighborhood":"Bani Gala","pricePkr":16000000,"pricePerSqft":14222.22,"pricePerMarla":3200000.0,"areaSqft":1125.0,"beds":2,"baths":2,"url":"https://www.zameen.com/Property/islamabad_bani_gala_5_marla_house_for_sale_in_bani_gala-54817815-340-1.html"}},{"type":"Feature","geometry":{"type":"Point","coordinates":[72.861542,33.5797692]},"properties":{"id":"zameen-54843773","source":"Zameen","confidenceScore":100,"confidenceBand":"High","isOutlier":false,"title":"Grey Structure For Sale outstanding construction Top City 1 Islamabad","propertyGroup":"house","location":"Top City 1 - Block A, Top City 1","neighborhood":"Top City 1","pricePkr":32000000,"pricePerSqft":14222.22,"pricePerMarla":3200000.0,"areaSqft":2250.0,"beds":5,"baths":6,"url":"https://www.zameen.com/Property/top_city_1_top_city_1_-_block_a_grey_structure_for_sale_outstanding_construction_top_city_1_islamabad-54843773-9231-1.html"}},{"type":"Feature","geometry":{"type":"Point","coordinates":[73.161392,33.527944]},"properties":{"id":"zameen-54001042","source":"Zameen","confidenceScore":100,"confidenceBand":"High","isOutlier":false,"title":"40 Marla With Attached Corner Plot Available Nearly Central Park","propertyGroup":"house","location":"DHA Defence Phase 2, DHA Defence","neighborhood":"DHA Defence","pricePkr":127000000,"pricePerSqft":14111.11,"pricePerMarla":3175000.0,"areaSqft":9000.0,"beds":5,"baths":7,"url":"https://www.zameen.com/Property/dha_defence_dha_defence_phase_2_40_marla_with_attached_corner_plot_available_nearly_central_park-54001042-339-1.html"}},{"type":"Feature","geometry":{"type":"Point","coordinates":[73.002419,33.629628]},"properties":{"id":"zameen-54815360","source":"Zameen","confidenceScore":100,"confidenceBand":"High","isOutlier":false,"title":"Plot in Series 304 is available for sale","propertyGroup":"plot","location":"I-12, Islamabad","neighborhood":"I-12","pricePkr":15800000,"pricePerSqft":14044.44,"pricePerMarla":3160000.0,"areaSqft":1125.0,"beds":null,"baths":null,"url":"https://www.zameen.com/Property/islamabad_i-12_plot_in_series_304_is_available_for_sale-54815360-1418-2.html"}},{"type":"Feature","geometry":{"type":"Point","coordinates":[73.16268,33.713488]},"properties":{"id":"zameen-54815038","source":"Zameen","confidenceScore":100,"confidenceBand":"High","isOutlier":false,"title":"House For Sale Main Bani Gala","propertyGroup":"house","location":"Bani Gala, Islamabad","neighborhood":"Bani Gala","pricePkr":63000000,"pricePerSqft":14000.0,"pricePerMarla":3150000.0,"areaSqft":4500.0,"beds":5,"baths":6,"url":"https://www.zameen.com/Property/islamabad_bani_gala_house_for_sale_main_bani_gala-54815038-340-1.html"}},{"type":"Feature","geometry":{"type":"Point","coordinates":[73.161392,33.527944]},"properties":{"id":"zameen-54111599","source":"Zameen","confidenceScore":100,"confidenceBand":"High","isOutlier":false,"title":"Prime Location 1 Kanal Luxurious House For Sale at DHA 2","propertyGroup":"house","location":"DHA Defence Phase 2, DHA Defence","neighborhood":"DHA Defence","pricePkr":125000000,"pricePerSqft":13888.89,"pricePerMarla":3125000.0,"areaSqft":9000.0,"beds":5,"baths":7,"url":"https://www.zameen.com/Property/dha_defence_dha_defence_phase_2_prime_location_1_kanal_luxurious_house_for_sale_at_dha_2-54111599-339-1.html"}},{"type":"Feature","geometry":{"type":"Point","coordinates":[73.176918,33.703471]},"properties":{"id":"zameen-54618416","source":"Zameen","confidenceScore":96,"confidenceBand":"High","isOutlier":false,"title":"Margla Enclave Sector ME-3 Street 36 Near Botanical Garden Size 1 Kanal On Two Year Instalment Plan Rare Option In This Area Second Ballot","propertyGroup":"plot","location":"Margalla Enclave, Margalla Avenue","neighborhood":"Margalla Avenue","pricePkr":62500000,"pricePerSqft":13888.89,"pricePerMarla":3125000.0,"areaSqft":4500.0,"beds":null,"baths":null,"url":"https://www.zameen.com/Property/margalla_avenue_margalla_enclave_margla_enclave_sector_me-3_street_36_near_botanical_garden_size_1_kanal_on_two_year_instalment_plan_rare_option_in_this_area_second_ballot-54618416-21436-2.html"}},{"type":"Feature","geometry":{"type":"Point","coordinates":[73.16268,33.713488]},"properties":{"id":"zameen-54842067","source":"Zameen","confidenceScore":100,"confidenceBand":"High","isOutlier":false,"title":"House for sale","propertyGroup":"house","location":"Bani Gala, Islamabad","neighborhood":"Bani Gala","pricePkr":75000000,"pricePerSqft":13888.89,"pricePerMarla":3125000.0,"areaSqft":5400.0,"beds":6,"baths":6,"url":"https://www.zameen.com/Property/islamabad_bani_gala_house_for_sale-54842067-340-1.html"}},{"type":"Feature","geometry":{"type":"Point","coordinates":[73.16268,33.713488]},"properties":{"id":"zameen-54584176","source":"Zameen","confidenceScore":100,"confidenceBand":"High","isOutlier":false,"title":"9 Marla Luxury Spanish Design House For Sale In Bani Gala All Facilities Are Available.","propertyGroup":"house","location":"Bani Gala, Islamabad","neighborhood":"Bani Gala","pricePkr":28000000,"pricePerSqft":13827.16,"pricePerMarla":3111111.11,"areaSqft":2025.0,"beds":3,"baths":4,"url":"https://www.zameen.com/Property/islamabad_bani_gala_9_marla_luxury_spanish_design_house_for_sale_in_bani_gala_all_facilities_are_available-54584176-340-1.html"}},{"type":"Feature","geometry":{"type":"Point","coordinates":[73.002419,33.629628]},"properties":{"id":"zameen-54686324","source":"Zameen","confidenceScore":100,"confidenceBand":"High","isOutlier":false,"title":"I-12/3 plot for sale park face size 25x50","propertyGroup":"plot","location":"I-12, Islamabad","neighborhood":"I-12","pricePkr":15500000,"pricePerSqft":13777.78,"pricePerMarla":3100000.0,"areaSqft":1125.0,"beds":null,"baths":null,"url":"https://www.zameen.com/Property/islamabad_i-12_i-12_3_plot_for_sale_park_face_size_25x50-54686324-1418-2.html"}},{"type":"Feature","geometry":{"type":"Point","coordinates":[73.002419,33.629628]},"properties":{"id":"zameen-54821895","source":"Zameen","confidenceScore":100,"confidenceBand":"High","isOutlier":false,"title":"I-12/3 Plot For Sale Size 25x50 Reasonable Price","propertyGroup":"plot","location":"I-12, Islamabad","neighborhood":"I-12","pricePkr":15500000,"pricePerSqft":13777.78,"pricePerMarla":3100000.0,"areaSqft":1125.0,"beds":null,"baths":null,"url":"https://www.zameen.com/Property/islamabad_i-12_i-12_3_plot_for_sale_size_25x50_reasonable_price-54821895-1418-2.html"}},{"type":"Feature","geometry":{"type":"Point","coordinates":[72.823906,33.679925]},"properties":{"id":"zameen-53007074","source":"Zameen","confidenceScore":100,"confidenceBand":"High","isOutlier":false,"title":"2 BHK Furnished Elegant Apartment For Sale","propertyGroup":"apartment","location":"MPCHS - Block C, MPCHS - Multi Gardens","neighborhood":"B-17","pricePkr":10000000,"pricePerSqft":13623.98,"pricePerMarla":3065395.1,"areaSqft":734.0,"beds":2,"baths":2,"url":"https://www.zameen.com/Property/mpchs_multi_gardens_mpchs_-_block_c_2_bhk_furnished_elegant_apartment_for_sale-53007074-3118-1.html"}},{"type":"Feature","geometry":{"type":"Point","coordinates":[73.204947,33.72906]},"properties":{"id":"zameen-54734041","source":"Zameen","confidenceScore":100,"confidenceBand":"High","isOutlier":false,"title":"House For Sale Upper Bani Gala","propertyGroup":"house","location":"Bani Gala, Islamabad","neighborhood":"Bani Gala","pricePkr":15300000,"pricePerSqft":13600.0,"pricePerMarla":3060000.0,"areaSqft":1125.0,"beds":3,"baths":4,"url":"https://www.zameen.com/Property/islamabad_bani_gala_house_for_sale_upper_bani_gala-54734041-340-1.html"}},{"type":"Feature","geometry":{"type":"Point","coordinates":[73.221406,33.543947]},"properties":{"id":"zameen-54773422","source":"Zameen","confidenceScore":100,"confidenceBand":"High","isOutlier":false,"title":"4-Bed Apartment for Sale Askari Tower 5, DHA Phase 5 Islamabad","propertyGroup":"apartment","location":"Askari Heights 5, DHA Defence Phase 5","neighborhood":"DHA Defence","pricePkr":35000000,"pricePerSqft":13461.54,"pricePerMarla":3028846.15,"areaSqft":2600.0,"beds":4,"baths":4,"url":"https://www.zameen.com/Property/dha_defence_phase_5_askari_heights_5_4-bed_apartment_for_sale_askari_tower_5_dha_phase_5_islamabad-54773422-22450-1.html"}},{"type":"Feature","geometry":{"type":"Point","coordinates":[73.195107,33.534569]},"properties":{"id":"zameen-54820845","source":"Zameen","confidenceScore":100,"confidenceBand":"High","isOutlier":false,"title":"Askari Tower 4 DHA Phase 5 Islamabad Flat For Sale","propertyGroup":"apartment","location":"DHA Defence Phase 5, DHA Defence","neighborhood":"DHA Defence","pricePkr":43000000,"pricePerSqft":13437.5,"pricePerMarla":3023437.5,"areaSqft":3200.0,"beds":4,"baths":4,"url":"https://www.zameen.com/Property/dha_defence_dha_defence_phase_5_askari_tower_4_dha_phase_5_islamabad_flat_for_sale-54820845-10991-1.html"}},{"type":"Feature","geometry":{"type":"Point","coordinates":[73.195107,33.534569]},"properties":{"id":"zameen-49911369","source":"Zameen","confidenceScore":100,"confidenceBand":"High","isOutlier":false,"title":"3 Bedroom Ground Floor Flat For Sale Tower 4, Askari Heights 4, DHA Phase 5, Islamabad","propertyGroup":"house","location":"DHA Defence Phase 5, DHA Defence","neighborhood":"DHA Defence","pricePkr":36100000,"pricePerSqft":13370.37,"pricePerMarla":3008333.33,"areaSqft":2700.0,"beds":3,"baths":4,"url":"https://www.zameen.com/Property/dha_defence_dha_defence_phase_5_3_bedroom_ground_floor_flat_for_sale_tower_4_askari_heights_4_dha_phase_5_islamabad-49911369-10991-1.html"}},{"type":"Feature","geometry":{"type":"Point","coordinates":[72.919879216277,33.693918714802]},"properties":{"id":"zameen-53949136","source":"Zameen","confidenceScore":100,"confidenceBand":"High","isOutlier":false,"title":"10 Marla Ring Road Plot 3rd Ballot","propertyGroup":"plot","location":"Margalla Enclave, Margalla Avenue","neighborhood":"Margalla Avenue","pricePkr":30000000,"pricePerSqft":13333.33,"pricePerMarla":3000000.0,"areaSqft":2250.0,"beds":null,"baths":null,"url":"https://www.zameen.com/Property/margalla_avenue_margalla_enclave_10_marla_ring_road_plot_3rd_ballot-53949136-21436-2.html"}},{"type":"Feature","geometry":{"type":"Point","coordinates":[73.16268,33.713488]},"properties":{"id":"zameen-54188082","source":"Zameen","confidenceScore":100,"confidenceBand":"High","isOutlier":false,"title":"1.5 Storey House","propertyGroup":"house","location":"Bani Gala, Islamabad","neighborhood":"Bani Gala","pricePkr":15000000,"pricePerSqft":13333.33,"pricePerMarla":3000000.0,"areaSqft":1125.0,"beds":3,"baths":2,"url":"https://www.zameen.com/Property/islamabad_bani_gala_1_5_storey_house-54188082-340-1.html"}},{"type":"Feature","geometry":{"type":"Point","coordinates":[73.175504,33.522694]},"properties":{"id":"zameen-54743705","source":"Zameen","confidenceScore":92,"confidenceBand":"High","isOutlier":false,"title":"5 Kanal Ready For Possession Farmhouse I. NPF CIGHU Agro Farmhouse Project","propertyGroup":"plot","location":"DHA Defence Phase 3, DHA Defence","neighborhood":"DHA Defence","pricePkr":15000000,"pricePerSqft":13333.33,"pricePerMarla":3000000.0,"areaSqft":1125.0,"beds":null,"baths":null,"url":"https://www.zameen.com/Property/dha_defence_dha_defence_phase_3_5_kanal_ready_for_possession_farmhouse_i_npf_cighu_agro_farmhouse_project-54743705-8412-2.html"}},{"type":"Feature","geometry":{"type":"Point","coordinates":[73.16627,33.671497]},"properties":{"id":"zameen-54756801","source":"Zameen","confidenceScore":100,"confidenceBand":"High","isOutlier":false,"title":"5 Marla Residential Plot For Sale Peaceful Close-End Street","propertyGroup":"plot","location":"Park Enclave, Islamabad","neighborhood":"Park Enclave","pricePkr":15000000,"pricePerSqft":13333.33,"pricePerMarla":3000000.0,"areaSqft":1125.0,"beds":null,"baths":null,"url":"https://www.zameen.com/Property/islamabad_park_enclave_5_marla_residential_plot_for_sale_peaceful_close-end_street-54756801-1706-2.html"}},{"type":"Feature","geometry":{"type":"Point","coordinates":[72.983148,33.694104]},"properties":{"id":"zameen-54797968","source":"Zameen","confidenceScore":100,"confidenceBand":"High","isOutlier":false,"title":"Two Bedroom Luxury Apartment Ready For Possession Available For Sale","propertyGroup":"apartment","location":"Capital Resorts, E-11/4","neighborhood":"E-11","pricePkr":12000000,"pricePerSqft":13333.33,"pricePerMarla":3000000.0,"areaSqft":900.0,"beds":2,"baths":2,"url":"https://www.zameen.com/Property/e_11_4_capital_resorts_two_bedroom_luxury_apartment_ready_for_possession_available_for_sale-54797968-10725-1.html"}},{"type":"Feature","geometry":{"type":"Point","coordinates":[72.984983,33.694428]},"properties":{"id":"zameen-52281735","source":"Zameen","confidenceScore":100,"confidenceBand":"High","isOutlier":false,"title":"Four Bedroom Luxury Apartment With Margala Face Available For Sale","propertyGroup":"house","location":"Capital Residencia, Margalla Hills-2","neighborhood":"E-11","pricePkr":32000000,"pricePerSqft":13291.8,"pricePerMarla":2990654.21,"areaSqft":2407.5,"beds":4,"baths":4,"url":"https://www.zameen.com/Property/margalla_hills_2_capital_residencia_four_bedroom_luxury_apartment_with_margala_face_available_for_sale-52281735-10573-1.html"}},{"type":"Feature","geometry":{"type":"Point","coordinates":[73.221406,33.543947]},"properties":{"id":"zameen-54802071","source":"Zameen","confidenceScore":100,"confidenceBand":"High","isOutlier":false,"title":"Park View 3 Bedroom For Sale Askri 5","propertyGroup":"house","location":"Askari Heights 5, DHA Defence Phase 5","neighborhood":"DHA Defence","pricePkr":33000000,"pricePerSqft":13213.21,"pricePerMarla":2972972.97,"areaSqft":2497.5,"beds":3,"baths":4,"url":"https://www.zameen.com/Property/dha_defence_phase_5_askari_heights_5_park_view_3_bedroom_for_sale_askri_5-54802071-22450-1.html"}},{"type":"Feature","geometry":{"type":"Point","coordinates":[73.214249171675,33.695328036975]},"properties":{"id":"zameen-53323941","source":"Zameen","confidenceScore":100,"confidenceBand":"High","isOutlier":false,"title":"Bahria Enclave 2 Bed Cube Apartment 1558 Sq Feet Possession Utility Circulation Charges Paid On Murree Facing Available For Sale","propertyGroup":"apartment","location":"Cube Apartments, Bahria Enclave","neighborhood":"Bahria Town","pricePkr":20500000,"pricePerSqft":13157.89,"pricePerMarla":2960526.32,"areaSqft":1558.0,"beds":2,"baths":3,"url":"https://www.zameen.com/Property/bahria_enclave_cube_apartments_bahria_enclave_2_bed_cube_apartment_1558_sq_feet_possession_utility_circulation_charges_paid_on_murree_facing_available_for_sale-53323941-21520-1.html"}},{"type":"Feature","geometry":{"type":"Point","coordinates":[73.216888,33.516859]},"properties":{"id":"zameen-54661248","source":"Zameen","confidenceScore":100,"confidenceBand":"High","isOutlier":false,"title":"Askari Tower 3,3Bed Room Apartment 7th Floor For Sale","propertyGroup":"apartment","location":"Askari Tower 3, DHA Defence Phase 5","neighborhood":"DHA Defence","pricePkr":35500000,"pricePerSqft":13148.15,"pricePerMarla":2958333.33,"areaSqft":2700.0,"beds":3,"baths":3,"url":"https://www.zameen.com/Property/dha_defence_phase_5_askari_tower_3_askari_tower_3_3bed_room_apartment_7th_floor_for_sale-54661248-17434-1.html"}},{"type":"Feature","geometry":{"type":"Point","coordinates":[72.864229,33.630133]},"properties":{"id":"zameen-53915325","source":"Zameen","confidenceScore":100,"confidenceBand":"High","isOutlier":false,"title":"A beautiful Brand New Sunface House Available For Sale In Health Enclave E-18 Islamabad.","propertyGroup":"house","location":"Gulshan-e-Sehat 2 - Block G, Gulshan-e-Sehat 2","neighborhood":"E-18","pricePkr":29500000,"pricePerSqft":13111.11,"pricePerMarla":2950000.0,"areaSqft":2250.0,"beds":6,"baths":6,"url":"https://www.zameen.com/Property/gulshan_e_sehat_2_gulshan-e-sehat_2_-_block_g_a_beautiful_brand_new_sunface_house_available_for_sale_in_health_enclave_e-18_islamabad-53915325-3269-1.html"}},{"type":"Feature","geometry":{"type":"Point","coordinates":[73.221406,33.543947]},"properties":{"id":"zameen-54802002","source":"Zameen","confidenceScore":100,"confidenceBand":"High","isOutlier":false,"title":"4 Bed Apartment Best Investment Ready To Move","propertyGroup":"apartment","location":"Askari Heights 5, DHA Defence Phase 5","neighborhood":"DHA Defence","pricePkr":36000000,"pricePerSqft":13067.15,"pricePerMarla":2940108.89,"areaSqft":2755.0,"beds":4,"baths":5,"url":"https://www.zameen.com/Property/dha_defence_phase_5_askari_heights_5_4_bed_apartment_best_investment_ready_to_move-54802002-22450-1.html"}},{"type":"Feature","geometry":{"type":"Point","coordinates":[73.221013,33.522987]},"properties":{"id":"zameen-54843439","source":"Zameen","confidenceScore":100,"confidenceBand":"High","isOutlier":false,"title":"good location plot for sale Dha Phase 5 front open","propertyGroup":"plot","location":"DHA Phase 5 - Sector F, DHA Defence Phase 5","neighborhood":"DHA Defence","pricePkr":23500000,"pricePerSqft":13055.56,"pricePerMarla":2937500.0,"areaSqft":1800.0,"beds":null,"baths":null,"url":"https://www.zameen.com/Property/dha_defence_phase_5_dha_phase_5_-_sector_f_good_location_plot_for_sale_dha_phase_5_front_open-54843439-8836-2.html"}},{"type":"Feature","geometry":{"type":"Point","coordinates":[73.246622,33.6838192]},"properties":{"id":"zameen-54029211","source":"Zameen","confidenceScore":100,"confidenceBand":"High","isOutlier":false,"title":"Sector H 5 Marla Prime Location Plot For Sale In Bahria Enclave Islamabad","propertyGroup":"plot","location":"Bahria Enclave - Sector H, Bahria Enclave","neighborhood":"Bahria Town","pricePkr":14500000,"pricePerSqft":12888.89,"pricePerMarla":2900000.0,"areaSqft":1125.0,"beds":null,"baths":null,"url":"https://www.zameen.com/Property/bahria_enclave_bahria_enclave_-_sector_h_sector_h_5_marla_prime_location_plot_for_sale_in_bahria_enclave_islamabad-54029211-11983-2.html"}},{"type":"Feature","geometry":{"type":"Point","coordinates":[72.830601,33.68821]},"properties":{"id":"zameen-54399719","source":"Zameen","confidenceScore":100,"confidenceBand":"High","isOutlier":false,"title":"Centrally Located House For sale In MPCHS - Block B Available","propertyGroup":"house","location":"MPCHS - Block B, MPCHS - Multi Gardens","neighborhood":"B-17","pricePkr":58000000,"pricePerSqft":12888.89,"pricePerMarla":2900000.0,"areaSqft":4500.0,"beds":4,"baths":4,"url":"https://www.zameen.com/Property/mpchs_multi_gardens_mpchs_-_block_b_centrally_located_house_for_sale_in_mpchs_-_block_b_available-54399719-3117-1.html"}},{"type":"Feature","geometry":{"type":"Point","coordinates":[73.16268,33.713488]},"properties":{"id":"zameen-54836002","source":"Zameen","confidenceScore":100,"confidenceBand":"High","isOutlier":false,"title":"5 marla semi double story house for sale in banigala","propertyGroup":"house","location":"Bani Gala, Islamabad","neighborhood":"Bani Gala","pricePkr":14500000,"pricePerSqft":12888.89,"pricePerMarla":2900000.0,"areaSqft":1125.0,"beds":3,"baths":4,"url":"https://www.zameen.com/Property/islamabad_bani_gala_5_marla_semi_double_story_house_for_sale_in_banigala-54836002-340-1.html"}},{"type":"Feature","geometry":{"type":"Point","coordinates":[73.2250407,33.5371833]},"properties":{"id":"zameen-54582956","source":"Zameen","confidenceScore":100,"confidenceBand":"High","isOutlier":false,"title":"Premium 2731 Sqft South-Facing Apartment | Askari Heights 4 | 10th Floor | Open View","propertyGroup":"apartment","location":"Askari Heights 4, DHA Phase 5 - Sector H","neighborhood":"DHA Defence","pricePkr":35000000,"pricePerSqft":12815.82,"pricePerMarla":2883559.14,"areaSqft":2731.0,"beds":3,"baths":4,"url":"https://www.zameen.com/Property/dha_phase_5_sector_h_askari_heights_4_premium_2731_sqft_south-facing_apartment_askari_heights_4_10th_floor_open_view-54582956-21450-1.html"}},{"type":"Feature","geometry":{"type":"Point","coordinates":[73.2250407,33.5371833]},"properties":{"id":"zameen-54605608","source":"Zameen","confidenceScore":100,"confidenceBand":"High","isOutlier":false,"title":"Askari Heights 4, 3 Bed Luxurious Apartment For Sale , Beautiful Height view , Front Open View","propertyGroup":"apartment","location":"Askari Heights 4, DHA Phase 5 - Sector H","neighborhood":"DHA Defence","pricePkr":34500000,"pricePerSqft":12777.78,"pricePerMarla":2875000.0,"areaSqft":2700.0,"beds":3,"baths":4,"url":"https://www.zameen.com/Property/dha_phase_5_sector_h_askari_heights_4_askari_heights_4_3_bed_luxurious_apartment_for_sale_beautiful_height_view_front_open_view-54605608-21450-1.html"}},{"type":"Feature","geometry":{"type":"Point","coordinates":[73.161392,33.527944]},"properties":{"id":"zameen-54821301","source":"Zameen","confidenceScore":100,"confidenceBand":"High","isOutlier":false,"title":"1 Kanal Corner Plot For Sale","propertyGroup":"plot","location":"DHA Defence Phase 2, DHA Defence","neighborhood":"DHA Defence","pricePkr":57500000,"pricePerSqft":12777.78,"pricePerMarla":2875000.0,"areaSqft":4500.0,"beds":null,"baths":null,"url":"https://www.zameen.com/Property/dha_defence_dha_defence_phase_2_1_kanal_corner_plot_for_sale-54821301-339-2.html"}},{"type":"Feature","geometry":{"type":"Point","coordinates":[72.978215,33.698137]},"properties":{"id":"zameen-54832909","source":"Zameen","confidenceScore":100,"confidenceBand":"High","isOutlier":false,"title":"3 Bed Room Apartment Available For Sale","propertyGroup":"apartment","location":"E-11, Islamabad","neighborhood":"E-11","pricePkr":28000000,"pricePerSqft":12727.27,"pricePerMarla":2863636.36,"areaSqft":2200.0,"beds":4,"baths":3,"url":"https://www.zameen.com/Property/islamabad_e-11_3_bed_room_apartment_available_for_sale-54832909-329-1.html"}},{"type":"Feature","geometry":{"type":"Point","coordinates":[73.146286,33.533668]},"properties":{"id":"zameen-50714556","source":"Zameen","confidenceScore":100,"confidenceBand":"High","isOutlier":false,"title":"20 Marla Exclusive Plot For Sale In DHA Phase 2 - Ideal For End User","propertyGroup":"plot","location":"DHA Phase 2 - Sector B, DHA Defence Phase 2","neighborhood":"DHA Defence","pricePkr":57000000,"pricePerSqft":12666.67,"pricePerMarla":2850000.0,"areaSqft":4500.0,"beds":null,"baths":null,"url":"https://www.zameen.com/Property/dha_defence_phase_2_dha_phase_2_-_sector_b_20_marla_exclusive_plot_for_sale_in_dha_phase_2_-_ideal_for_end_user-50714556-3197-2.html"}},{"type":"Feature","geometry":{"type":"Point","coordinates":[73.221013,33.522987]},"properties":{"id":"zameen-54497611","source":"Zameen","confidenceScore":100,"confidenceBand":"High","isOutlier":false,"title":"Signature Properties Offer Beautiful Plot Sector F DHA Phase 5 Islamabad","propertyGroup":"plot","location":"DHA Phase 5 - Sector F, DHA Defence Phase 5","neighborhood":"DHA Defence","pricePkr":28500000,"pricePerSqft":12666.67,"pricePerMarla":2850000.0,"areaSqft":2250.0,"beds":null,"baths":null,"url":"https://www.zameen.com/Property/dha_defence_phase_5_dha_phase_5_-_sector_f_signature_properties_offer_beautiful_plot_sector_f_dha_phase_5_islamabad-54497611-8836-2.html"}},{"type":"Feature","geometry":{"type":"Point","coordinates":[73.24473461,33.68013765]},"properties":{"id":"zameen-54616874","source":"Zameen","confidenceScore":100,"confidenceBand":"High","isOutlier":false,"title":"10 Marla Park Facing Grey Structure House For Sale Sector G, Bahria Enclave Islamabad","propertyGroup":"house","location":"Bahria Enclave - Sector G, Bahria Enclave","neighborhood":"Bahria Town","pricePkr":28500000,"pricePerSqft":12666.67,"pricePerMarla":2850000.0,"areaSqft":2250.0,"beds":5,"baths":6,"url":"https://www.zameen.com/Property/bahria_enclave_bahria_enclave_-_sector_g_10_marla_park_facing_grey_structure_house_for_sale_sector_g_bahria_enclave_islamabad-54616874-11984-1.html"}},{"type":"Feature","geometry":{"type":"Point","coordinates":[73.24473461,33.68013765]},"properties":{"id":"zameen-54626819","source":"Zameen","confidenceScore":100,"confidenceBand":"High","isOutlier":false,"title":"10 Marla Park Facing Grey Structure House For Sale Sector G, Bahria Enclave Islamabad","propertyGroup":"house","location":"Bahria Enclave - Sector G, Bahria Enclave","neighborhood":"Bahria Town","pricePkr":28500000,"pricePerSqft":12666.67,"pricePerMarla":2850000.0,"areaSqft":2250.0,"beds":5,"baths":6,"url":"https://www.zameen.com/Property/bahria_enclave_bahria_enclave_-_sector_g_10_marla_park_facing_grey_structure_house_for_sale_sector_g_bahria_enclave_islamabad-54626819-11984-1.html"}},{"type":"Feature","geometry":{"type":"Point","coordinates":[73.218813,33.692638]},"properties":{"id":"zameen-54646697","source":"Zameen","confidenceScore":100,"confidenceBand":"High","isOutlier":false,"title":"Title Prime 10 Marla Grey Structure House With Extra Land For Sale Sector G, Bahria Enclave Islamabad","propertyGroup":"house","location":"Bahria Enclave, Bahria Town","neighborhood":"Bahria Town","pricePkr":28500000,"pricePerSqft":12666.67,"pricePerMarla":2850000.0,"areaSqft":2250.0,"beds":5,"baths":6,"url":"https://www.zameen.com/Property/bahria_town_bahria_enclave_title_prime_10_marla_grey_structure_house_with_extra_land_for_sale_sector_g_bahria_enclave_islamabad-54646697-1705-1.html"}},{"type":"Feature","geometry":{"type":"Point","coordinates":[73.21929554,33.72094212]},"properties":{"id":"zameen-54841730","source":"Zameen","confidenceScore":100,"confidenceBand":"High","isOutlier":false,"title":"10 Marla Prime Corner Plot for Sale Block B, Park View City, Islamabad","propertyGroup":"plot","location":"Park View - Block B, Park View City","neighborhood":"Park View City","pricePkr":28500000,"pricePerSqft":12666.67,"pricePerMarla":2850000.0,"areaSqft":2250.0,"beds":null,"baths":null,"url":"https://www.zameen.com/Property/park_view_city_park_view_-_block_b_10_marla_prime_corner_plot_for_sale_block_b_park_view_city_islamabad-54841730-16862-2.html"}},{"type":"Feature","geometry":{"type":"Point","coordinates":[73.2184277,33.5319337]},"properties":{"id":"zameen-54843039","source":"Zameen","confidenceScore":96,"confidenceBand":"High","isOutlier":false,"title":"Z. M Properties Offer Beautiful Plot In Sector J 1st Avenue Dha Phase 5 Islamabad","propertyGroup":"plot","location":"DHA Phase 5 - Sector J, DHA Defence Phase 5","neighborhood":"DHA Defence","pricePkr":28500000,"pricePerSqft":12666.67,"pricePerMarla":2850000.0,"areaSqft":2250.0,"beds":null,"baths":null,"url":"https://www.zameen.com/Property/dha_defence_phase_5_dha_phase_5_-_sector_j_z_m_properties_offer_beautiful_plot_in_sector_j_1st_avenue_dha_phase_5_islamabad-54843039-17389-2.html"}},{"type":"Feature","geometry":{"type":"Point","coordinates":[73.21929554,33.72094212]},"properties":{"id":"zameen-54843137","source":"Zameen","confidenceScore":100,"confidenceBand":"High","isOutlier":false,"title":"10 Marla Prime Corner Plot for Sale Block B, Park View City, Islamabad","propertyGroup":"plot","location":"Park View - Block B, Park View City","neighborhood":"Park View City","pricePkr":28500000,"pricePerSqft":12666.67,"pricePerMarla":2850000.0,"areaSqft":2250.0,"beds":null,"baths":null,"url":"https://www.zameen.com/Property/park_view_city_park_view_-_block_b_10_marla_prime_corner_plot_for_sale_block_b_park_view_city_islamabad-54843137-16862-2.html"}},{"type":"Feature","geometry":{"type":"Point","coordinates":[73.20709,33.528874]},"properties":{"id":"zameen-54843343","source":"Zameen","confidenceScore":100,"confidenceBand":"High","isOutlier":false,"title":"DHA Phase 5 Sector D street no 9","propertyGroup":"plot","location":"DHA Phase 5 - Sector D, DHA Defence Phase 5","neighborhood":"DHA Defence","pricePkr":28500000,"pricePerSqft":12666.67,"pricePerMarla":2850000.0,"areaSqft":2250.0,"beds":null,"baths":null,"url":"https://www.zameen.com/Property/dha_defence_phase_5_dha_phase_5_-_sector_d_dha_phase_5_sector_d_street_no_9-54843343-8403-2.html"}},{"type":"Feature","geometry":{"type":"Point","coordinates":[72.984983,33.694428]},"properties":{"id":"zameen-52672388","source":"Zameen","confidenceScore":100,"confidenceBand":"High","isOutlier":false,"title":"Three Bedroom Luxury Apartment Available For Sale","propertyGroup":"apartment","location":"Capital Residencia, Margalla Hills-2","neighborhood":"E-11","pricePkr":24000000,"pricePerSqft":12631.58,"pricePerMarla":2842105.26,"areaSqft":1900.0,"beds":3,"baths":3,"url":"https://www.zameen.com/Property/margalla_hills_2_capital_residencia_three_bedroom_luxury_apartment_available_for_sale-52672388-10573-1.html"}},{"type":"Feature","geometry":{"type":"Point","coordinates":[72.984238,33.698244]},"properties":{"id":"zameen-54762474","source":"Zameen","confidenceScore":100,"confidenceBand":"High","isOutlier":false,"title":"E-11/4 Makkah Tower (2 Bedroom Apartment Available For Sale).","propertyGroup":"apartment","location":"E-11/4, E-11","neighborhood":"E-11","pricePkr":17000000,"pricePerSqft":12592.59,"pricePerMarla":2833333.33,"areaSqft":1350.0,"beds":2,"baths":2,"url":"https://www.zameen.com/Property/e_11_e-11_4_e-11_4_makkah_tower_2_bedroom_apartment_available_for_sale-54762474-3241-1.html"}},{"type":"Feature","geometry":{"type":"Point","coordinates":[73.16268,33.713488]},"properties":{"id":"zameen-54817816","source":"Zameen","confidenceScore":100,"confidenceBand":"High","isOutlier":false,"title":"House Spread Over 6 Marla In Bani Gala Available","propertyGroup":"house","location":"Bani Gala, Islamabad","neighborhood":"Bani Gala","pricePkr":17000000,"pricePerSqft":12592.59,"pricePerMarla":2833333.33,"areaSqft":1350.0,"beds":2,"baths":3,"url":"https://www.zameen.com/Property/islamabad_bani_gala_house_spread_over_6_marla_in_bani_gala_available-54817816-340-1.html"}},{"type":"Feature","geometry":{"type":"Point","coordinates":[72.983148,33.694104]},"properties":{"id":"zameen-47632967","source":"Zameen","confidenceScore":100,"confidenceBand":"High","isOutlier":false,"title":"Capital Resort Gold Line 3 Bed Flat For Sale","propertyGroup":"house","location":"Capital Resorts, E-11/4","neighborhood":"E-11","pricePkr":15000000,"pricePerSqft":12578.62,"pricePerMarla":2830188.68,"areaSqft":1192.5,"beds":3,"baths":3,"url":"https://www.zameen.com/Property/e_11_4_capital_resorts_capital_resort_gold_line_3_bed_flat_for_sale-47632967-10725-1.html"}},{"type":"Feature","geometry":{"type":"Point","coordinates":[72.984983,33.694428]},"properties":{"id":"zameen-52144429","source":"Zameen","confidenceScore":100,"confidenceBand":"High","isOutlier":false,"title":"Two Bedroom Apartment Available For Sale At Main Margalla Road E11/4","propertyGroup":"house","location":"Capital Residencia, Margalla Hills-2","neighborhood":"E-11","pricePkr":17500000,"pricePerSqft":12544.8,"pricePerMarla":2822580.65,"areaSqft":1395.0,"beds":2,"baths":2,"url":"https://www.zameen.com/Property/margalla_hills_2_capital_residencia_two_bedroom_apartment_available_for_sale_at_main_margalla_road_e11_4-52144429-10573-1.html"}},{"type":"Feature","geometry":{"type":"Point","coordinates":[73.214249171675,33.695328036975]},"properties":{"id":"zameen-54698493","source":"Zameen","confidenceScore":100,"confidenceBand":"High","isOutlier":false,"title":"Bahria Enclave Studio Cube Apartment Brand New 8th Floor Parking Facing 638 Sq Feet Possession Utility Circulation And Parking Charges Paid Available For Sale","propertyGroup":"apartment","location":"Cube Apartments, Bahria Enclave","neighborhood":"Bahria Town","pricePkr":8000000,"pricePerSqft":12539.18,"pricePerMarla":2821316.61,"areaSqft":638.0,"beds":null,"baths":1,"url":"https://www.zameen.com/Property/bahria_enclave_cube_apartments_bahria_enclave_studio_cube_apartment_brand_new_8th_floor_parking_facing_638_sq_feet_possession_utility_circulation_and_parking_charges_paid_available_for_sale-54698493-21520-1.html"}},{"type":"Feature","geometry":{"type":"Point","coordinates":[73.223267,33.544123]},"properties":{"id":"zameen-54758051","source":"Zameen","confidenceScore":100,"confidenceBand":"High","isOutlier":false,"title":"A 2955 Square Feet Flat Has Landed On Market In Askari Tower 5 Of Islamabad","propertyGroup":"apartment","location":"Askari Tower 5, DHA Defence Phase 5","neighborhood":"DHA Defence","pricePkr":37000000,"pricePerSqft":12521.15,"pricePerMarla":2817258.88,"areaSqft":2955.0,"beds":4,"baths":4,"url":"https://www.zameen.com/Property/dha_defence_phase_5_askari_tower_5_a_2955_square_feet_flat_has_landed_on_market_in_askari_tower_5_of_islamabad-54758051-22449-1.html"}},{"type":"Feature","geometry":{"type":"Point","coordinates":[72.823906,33.679925]},"properties":{"id":"zameen-54759105","source":"Zameen","confidenceScore":100,"confidenceBand":"High","isOutlier":false,"title":"Apartments For Sale In J-7 Emporium Islamabad","propertyGroup":"apartment","location":"MPCHS - Block C, MPCHS - Multi Gardens","neighborhood":"B-17","pricePkr":15000000,"pricePerSqft":12500.0,"pricePerMarla":2812500.0,"areaSqft":1200.0,"beds":2,"baths":2,"url":"https://www.zameen.com/Property/mpchs_multi_gardens_mpchs_-_block_c_apartments_for_sale_in_j-7_emporium_islamabad-54759105-3118-1.html"}},{"type":"Feature","geometry":{"type":"Point","coordinates":[72.978215,33.698137]},"properties":{"id":"zameen-54832873","source":"Zameen","confidenceScore":100,"confidenceBand":"High","isOutlier":false,"title":"1 Bed Room Apartment Available For Sale","propertyGroup":"apartment","location":"E-11, Islamabad","neighborhood":"E-11","pricePkr":10000000,"pricePerSqft":12500.0,"pricePerMarla":2812500.0,"areaSqft":800.0,"beds":1,"baths":1,"url":"https://www.zameen.com/Property/islamabad_e-11_1_bed_room_apartment_available_for_sale-54832873-329-1.html"}},{"type":"Feature","geometry":{"type":"Point","coordinates":[72.984238,33.698244]},"properties":{"id":"zameen-54833189","source":"Zameen","confidenceScore":100,"confidenceBand":"High","isOutlier":false,"title":"1 Bed Room Apartment Available For Sale","propertyGroup":"apartment","location":"E-11/4, E-11","neighborhood":"E-11","pricePkr":10000000,"pricePerSqft":12500.0,"pricePerMarla":2812500.0,"areaSqft":800.0,"beds":1,"baths":1,"url":"https://www.zameen.com/Property/e_11_e-11_4_1_bed_room_apartment_available_for_sale-54833189-3241-1.html"}},{"type":"Feature","geometry":{"type":"Point","coordinates":[73.216888,33.516859]},"properties":{"id":"zameen-53514503","source":"Zameen","confidenceScore":100,"confidenceBand":"High","isOutlier":false,"title":"Beautiful 3 Bedrooms Apartment For Sale, Askari Heights 3 DHA 5 Islamabad/","propertyGroup":"apartment","location":"Askari Tower 3, DHA Defence Phase 5","neighborhood":"DHA Defence","pricePkr":33000000,"pricePerSqft":12495.27,"pricePerMarla":2811435.06,"areaSqft":2641.0,"beds":3,"baths":4,"url":"https://www.zameen.com/Property/dha_defence_phase_5_askari_tower_3_beautiful_3_bedrooms_apartment_for_sale_askari_heights_3_dha_5_islamabad-53514503-17434-1.html"}},{"type":"Feature","geometry":{"type":"Point","coordinates":[73.216888,33.516859]},"properties":{"id":"zameen-52031721","source":"Zameen","confidenceScore":96,"confidenceBand":"High","isOutlier":false,"title":"3 Bedroom Apartment For Sale Askari Heights 3 (Also Known As Tower 3) DHA 5 Islamabad","propertyGroup":"apartment","location":"Askari Tower 3, DHA Defence Phase 5","neighborhood":"DHA Defence","pricePkr":33500000,"pricePerSqft":12453.53,"pricePerMarla":2802044.61,"areaSqft":2690.0,"beds":3,"baths":3,"url":"https://www.zameen.com/Property/dha_defence_phase_5_askari_tower_3_3_bedroom_apartment_for_sale_askari_heights_3_also_known_as_tower_3_dha_5_islamabad-52031721-17434-1.html"}},{"type":"Feature","geometry":{"type":"Point","coordinates":[72.853926973421,33.66907890216]},"properties":{"id":"zameen-54792801","source":"Zameen","confidenceScore":96,"confidenceBand":"High","isOutlier":false,"title":"House For Sale In D -17 Smart Villas","propertyGroup":"house","location":"D-17, Islamabad","neighborhood":"D-17","pricePkr":14000000,"pricePerSqft":12444.44,"pricePerMarla":2800000.0,"areaSqft":1125.0,"beds":7,"baths":4,"url":"https://www.zameen.com/Property/islamabad_d-17_house_for_sale_in_d_-17_smart_villas-54792801-737-1.html"}},{"type":"Feature","geometry":{"type":"Point","coordinates":[73.2184277,33.5319337]},"properties":{"id":"zameen-54842645","source":"Zameen","confidenceScore":100,"confidenceBand":"High","isOutlier":false,"title":"Residential Plot Is Available For sale In DHA Phase 5 - Sector J","propertyGroup":"plot","location":"DHA Phase 5 - Sector J, DHA Defence Phase 5","neighborhood":"DHA Defence","pricePkr":28000000,"pricePerSqft":12444.44,"pricePerMarla":2800000.0,"areaSqft":2250.0,"beds":null,"baths":null,"url":"https://www.zameen.com/Property/dha_defence_phase_5_dha_phase_5_-_sector_j_residential_plot_is_available_for_sale_in_dha_phase_5_-_sector_j-54842645-17389-2.html"}},{"type":"Feature","geometry":{"type":"Point","coordinates":[73.180947,33.60983]},"properties":{"id":"zameen-54783675","source":"Zameen","confidenceScore":100,"confidenceBand":"High","isOutlier":false,"title":"1 Bed Apartment for Sale in Gulberg Greens Islamabad | Wide Terrace | Stunning Lake View","propertyGroup":"apartment","location":"Gulberg Greens - Block E, Gulberg Greens","neighborhood":"Gulberg","pricePkr":10000000,"pricePerSqft":12437.81,"pricePerMarla":2798507.46,"areaSqft":804.0,"beds":1,"baths":1,"url":"https://www.zameen.com/Property/gulberg_greens_gulberg_greens_-_block_e_1_bed_apartment_for_sale_in_gulberg_greens_islamabad_wide_terrace_stunning_lake_view-54783675-8317-1.html"}},{"type":"Feature","geometry":{"type":"Point","coordinates":[72.984983,33.694428]},"properties":{"id":"zameen-50404354","source":"Zameen","confidenceScore":100,"confidenceBand":"High","isOutlier":false,"title":"1400'Sq'ft two Bedroom Flat Available For Sale In Capital Residencia E11","propertyGroup":"apartment","location":"Capital Residencia, Margalla Hills-2","neighborhood":"E-11","pricePkr":17400000,"pricePerSqft":12428.57,"pricePerMarla":2796428.57,"areaSqft":1400.0,"beds":2,"baths":2,"url":"https://www.zameen.com/Property/margalla_hills_2_capital_residencia_1400_sq_ft_two_bedroom_flat_available_for_sale_in_capital_residencia_e11-50404354-10573-1.html"}},{"type":"Feature","geometry":{"type":"Point","coordinates":[73.1469834,33.5244025]},"properties":{"id":"zameen-54816705","source":"Zameen","confidenceScore":100,"confidenceBand":"High","isOutlier":false,"title":"2-Bed Luxury Apartment for Sale in Lignum Tower, DHA-2 Islamabad","propertyGroup":"apartment","location":"Defence Residency, DHA Defence Phase 2","neighborhood":"DHA Defence","pricePkr":17500000,"pricePerSqft":12411.35,"pricePerMarla":2792553.19,"areaSqft":1410.0,"beds":2,"baths":2,"url":"https://www.zameen.com/Property/dha_defence_phase_2_defence_residency_2-bed_luxury_apartment_for_sale_in_lignum_tower_dha-2_islamabad-54816705-9914-1.html"}},{"type":"Feature","geometry":{"type":"Point","coordinates":[73.225040669979,33.537183327939]},"properties":{"id":"zameen-54289136","source":"Zameen","confidenceScore":100,"confidenceBand":"High","isOutlier":false,"title":"Investor Rate 3 Bed Apartment For Sale In Askari Heights 4 DHA 5","propertyGroup":"apartment","location":"Askari Heights 4, DHA Phase 5 - Sector H","neighborhood":"DHA Defence","pricePkr":30500000,"pricePerSqft":12293.43,"pricePerMarla":2766021.77,"areaSqft":2481.0,"beds":3,"baths":3,"url":"https://www.zameen.com/Property/dha_phase_5_sector_h_askari_heights_4_investor_rate_3_bed_apartment_for_sale_in_askari_heights_4_dha_5-54289136-21450-1.html"}},{"type":"Feature","geometry":{"type":"Point","coordinates":[73.078235706977,33.622138323838]},"properties":{"id":"zameen-54800992","source":"Zameen","confidenceScore":100,"confidenceBand":"High","isOutlier":false,"title":"Prime I-12/3 Plot Urgent Sale At A Very Reasonable Price","propertyGroup":"plot","location":"I-12, Islamabad","neighborhood":"I-12","pricePkr":13800000,"pricePerSqft":12266.67,"pricePerMarla":2760000.0,"areaSqft":1125.0,"beds":null,"baths":null,"url":"https://www.zameen.com/Property/islamabad_i-12_prime_i-12_3_plot_urgent_sale_at_a_very_reasonable_price-54800992-1418-2.html"}},{"type":"Feature","geometry":{"type":"Point","coordinates":[73.16627,33.671497]},"properties":{"id":"zameen-54530753","source":"Zameen","confidenceScore":100,"confidenceBand":"High","isOutlier":false,"title":"Residential Plot For Sale In Park Enclave","propertyGroup":"plot","location":"Park Enclave, Islamabad","neighborhood":"Park Enclave","pricePkr":55000000,"pricePerSqft":12222.22,"pricePerMarla":2750000.0,"areaSqft":4500.0,"beds":null,"baths":null,"url":"https://www.zameen.com/Property/islamabad_park_enclave_residential_plot_for_sale_in_park_enclave-54530753-1706-2.html"}},{"type":"Feature","geometry":{"type":"Point","coordinates":[73.21917667,33.53819895]},"properties":{"id":"zameen-54842726","source":"Zameen","confidenceScore":100,"confidenceBand":"High","isOutlier":false,"title":"1Kanal Level Plot Back Open Wide Road Sec K DHA 2 For Sale","propertyGroup":"plot","location":"DHA Phase 5 - Sector K, DHA Defence Phase 5","neighborhood":"DHA Defence","pricePkr":55000000,"pricePerSqft":12222.22,"pricePerMarla":2750000.0,"areaSqft":4500.0,"beds":null,"baths":null,"url":"https://www.zameen.com/Property/dha_defence_phase_5_dha_phase_5_-_sector_k_1kanal_level_plot_back_open_wide_road_sec_k_dha_2_for_sale-54842726-17401-2.html"}},{"type":"Feature","geometry":{"type":"Point","coordinates":[73.20709,33.528874]},"properties":{"id":"zameen-54843356","source":"Zameen","confidenceScore":100,"confidenceBand":"High","isOutlier":false,"title":"DHA Phase 5 Sector D street no 9","propertyGroup":"plot","location":"DHA Phase 5 - Sector D, DHA Defence Phase 5","neighborhood":"DHA Defence","pricePkr":27500000,"pricePerSqft":12222.22,"pricePerMarla":2750000.0,"areaSqft":2250.0,"beds":null,"baths":null,"url":"https://www.zameen.com/Property/dha_defence_phase_5_dha_phase_5_-_sector_d_dha_phase_5_sector_d_street_no_9-54843356-8403-2.html"}},{"type":"Feature","geometry":{"type":"Point","coordinates":[72.983462,33.691895]},"properties":{"id":"zameen-52931974","source":"Zameen","confidenceScore":100,"confidenceBand":"High","isOutlier":false,"title":"Two Bedroom Corner Muree Margalla Facing Available For Sale","propertyGroup":"apartment","location":"Margalla Hills-2, E-11","neighborhood":"E-11","pricePkr":17000000,"pricePerSqft":12142.86,"pricePerMarla":2732142.86,"areaSqft":1400.0,"beds":2,"baths":2,"url":"https://www.zameen.com/Property/e_11_margalla_hills-2_two_bedroom_corner_muree_margalla_facing_available_for_sale-52931974-9668-1.html"}},{"type":"Feature","geometry":{"type":"Point","coordinates":[72.86725,33.587954]},"properties":{"id":"zameen-53309526","source":"Zameen","confidenceScore":100,"confidenceBand":"High","isOutlier":false,"title":"2 Bed Luxury Apartment For Sale In Time Square Residence Top City-1 Islamabad","propertyGroup":"house","location":"Top City 1, Islamabad","neighborhood":"Top City 1","pricePkr":15000000,"pricePerSqft":12121.21,"pricePerMarla":2727272.73,"areaSqft":1237.5,"beds":2,"baths":2,"url":"https://www.zameen.com/Property/islamabad_top_city_1_2_bed_luxury_apartment_for_sale_in_time_square_residence_top_city-1_islamabad-53309526-1383-1.html"}},{"type":"Feature","geometry":{"type":"Point","coordinates":[73.232682,33.686192]},"properties":{"id":"graana-1552744","source":"Graana","confidenceScore":88,"confidenceBand":"High","isOutlier":false,"title":"827 Sq. Ft. flat for sale","propertyGroup":"apartment","location":"Bahria Town, Islamabad","neighborhood":"Bahria Town","pricePkr":10000000,"pricePerSqft":12091.9,"pricePerMarla":2720677.15,"areaSqft":827.0,"beds":1,"baths":1,"url":"https://www.graana.com/property/1552744"}},{"type":"Feature","geometry":{"type":"Point","coordinates":[73.24194062,33.69065954]},"properties":{"id":"zameen-54755008","source":"Zameen","confidenceScore":100,"confidenceBand":"High","isOutlier":false,"title":"Bahria Enclave Islamabad Sector N 5 Marla Plot For Sale","propertyGroup":"plot","location":"Bahria Enclave - Sector N, Bahria Enclave","neighborhood":"Bahria Town","pricePkr":13600000,"pricePerSqft":12088.89,"pricePerMarla":2720000.0,"areaSqft":1125.0,"beds":null,"baths":null,"url":"https://www.zameen.com/Property/bahria_enclave_bahria_enclave_-_sector_n_bahria_enclave_islamabad_sector_n_5_marla_plot_for_sale-54755008-11975-2.html"}},{"type":"Feature","geometry":{"type":"Point","coordinates":[73.015807,33.634571]},"properties":{"id":"zameen-53388086","source":"Zameen","confidenceScore":100,"confidenceBand":"High","isOutlier":false,"title":"PHA Block H D Type Corner (870 Square Feet) - 1st Floor","propertyGroup":"apartment","location":"Pakistan Housing Authority Apartments, I-12/1","neighborhood":"I-12","pricePkr":10500000,"pricePerSqft":12068.97,"pricePerMarla":2715517.24,"areaSqft":870.0,"beds":2,"baths":2,"url":"https://www.zameen.com/Property/i_12_1_pakistan_housing_authority_apartments_pha_block_h_d_type_corner_870_square_feet_-_1st_floor-53388086-14354-1.html"}},{"type":"Feature","geometry":{"type":"Point","coordinates":[73.221406,33.543947]},"properties":{"id":"zameen-54532521","source":"Zameen","confidenceScore":100,"confidenceBand":"High","isOutlier":false,"title":"Luxury 4-Bedroom Executive Apartment For Sale Askari Heights 5, DHA Phase 5, Islamabad","propertyGroup":"house","location":"Askari Heights 5, DHA Defence Phase 5","neighborhood":"DHA Defence","pricePkr":35000000,"pricePerSqft":12058.57,"pricePerMarla":2713178.29,"areaSqft":2902.5,"beds":4,"baths":5,"url":"https://www.zameen.com/Property/dha_defence_phase_5_askari_heights_5_luxury_4-bedroom_executive_apartment_for_sale_askari_heights_5_dha_phase_5_islamabad-54532521-22450-1.html"}},{"type":"Feature","geometry":{"type":"Point","coordinates":[73.23041626,33.67957992]},"properties":{"id":"zameen-54474410","source":"Zameen","confidenceScore":100,"confidenceBand":"High","isOutlier":false,"title":"Back Open 5 Marla Boulevard Plot For Sale Possession Utility Boulevard Charges Paid Bahria Enclave Islamabad, Sector F-1","propertyGroup":"plot","location":"Bahria Enclave - Sector F1, Bahria Enclave","neighborhood":"Bahria Town","pricePkr":13500000,"pricePerSqft":12000.0,"pricePerMarla":2700000.0,"areaSqft":1125.0,"beds":null,"baths":null,"url":"https://www.zameen.com/Property/bahria_enclave_bahria_enclave_-_sector_f1_back_open_5_marla_boulevard_plot_for_sale_possession_utility_boulevard_charges_paid_bahria_enclave_islamabad_sector_f-1-54474410-11986-2.html"}},{"type":"Feature","geometry":{"type":"Point","coordinates":[73.21524141,33.72457996]},"properties":{"id":"zameen-54686974","source":"Zameen","confidenceScore":100,"confidenceBand":"High","isOutlier":false,"title":"Corner 5 Marla Plot For Sale In F Block","propertyGroup":"plot","location":"Park View - Block F, Park View City","neighborhood":"Park View City","pricePkr":13500000,"pricePerSqft":12000.0,"pricePerMarla":2700000.0,"areaSqft":1125.0,"beds":null,"baths":null,"url":"https://www.zameen.com/Property/park_view_city_park_view_-_block_f_corner_5_marla_plot_for_sale_in_f_block-54686974-16866-2.html"}},{"type":"Feature","geometry":{"type":"Point","coordinates":[73.1643863,33.6572037]},"properties":{"id":"zameen-54751082","source":"Zameen","confidenceScore":100,"confidenceBand":"High","isOutlier":false,"title":"10 Marla Residential Plot For Sale In Margalla Orchard DHA, Park Road Islamabad","propertyGroup":"plot","location":"Margalla Orchard, Islamabad","neighborhood":"Margalla Orchard","pricePkr":27000000,"pricePerSqft":12000.0,"pricePerMarla":2700000.0,"areaSqft":2250.0,"beds":null,"baths":null,"url":"https://www.zameen.com/Property/islamabad_margalla_orchard_10_marla_residential_plot_for_sale_in_margalla_orchard_dha_park_road_islamabad-54751082-21948-2.html"}},{"type":"Feature","geometry":{"type":"Point","coordinates":[73.1643863,33.6572037]},"properties":{"id":"zameen-54763618","source":"Zameen","confidenceScore":100,"confidenceBand":"High","isOutlier":false,"title":"10 Marla Plot available Margalla Orchards E Block","propertyGroup":"plot","location":"Margalla Orchard, Islamabad","neighborhood":"Margalla Orchard","pricePkr":27000000,"pricePerSqft":12000.0,"pricePerMarla":2700000.0,"areaSqft":2250.0,"beds":null,"baths":null,"url":"https://www.zameen.com/Property/islamabad_margalla_orchard_10_marla_plot_available_margalla_orchards_e_block-54763618-21948-2.html"}},{"type":"Feature","geometry":{"type":"Point","coordinates":[73.221013,33.522987]},"properties":{"id":"zameen-54842840","source":"Zameen","confidenceScore":100,"confidenceBand":"High","isOutlier":false,"title":"Get In Touch Now To Buy A 10 Marla Residential Plot In DHA Phase 5 - Sector F Islamabad","propertyGroup":"plot","location":"DHA Phase 5 - Sector F, DHA Defence Phase 5","neighborhood":"DHA Defence","pricePkr":27000000,"pricePerSqft":12000.0,"pricePerMarla":2700000.0,"areaSqft":2250.0,"beds":null,"baths":null,"url":"https://www.zameen.com/Property/dha_defence_phase_5_dha_phase_5_-_sector_f_get_in_touch_now_to_buy_a_10_marla_residential_plot_in_dha_phase_5_-_sector_f_islamabad-54842840-8836-2.html"}},{"type":"Feature","geometry":{"type":"Point","coordinates":[73.150237770479,33.525255952301]},"properties":{"id":"zameen-52381086","source":"Zameen","confidenceScore":100,"confidenceBand":"High","isOutlier":false,"title":"Most Luxury Goldcrest Corner Three Bedrooms Apartment Margalla View Rooftop Swimming Pool Near Giga Mall Dha Phase 2 Islamabad","propertyGroup":"apartment","location":"Goldcrest Highlife, DHA Defence Phase 2","neighborhood":"DHA Defence","pricePkr":28000000,"pricePerSqft":11981.17,"pricePerMarla":2695763.8,"areaSqft":2337.0,"beds":3,"baths":4,"url":"https://www.zameen.com/Property/dha_defence_phase_2_goldcrest_highlife_most_luxury_goldcrest_corner_three_bedrooms_apartment_margalla_view_rooftop_swimming_pool_near_giga_mall_dha_phase_2_islamabad-52381086-21059-1.html"}},{"type":"Feature","geometry":{"type":"Point","coordinates":[73.214249171675,33.695328036975]},"properties":{"id":"zameen-54729896","source":"Zameen","confidenceScore":100,"confidenceBand":"High","isOutlier":false,"title":"Bahria Enclave Sector A Cube Apartment | Margalla Face | Lifetime Open View","propertyGroup":"apartment","location":"Cube Apartments, Bahria Enclave","neighborhood":"Bahria Town","pricePkr":18500000,"pricePerSqft":11935.48,"pricePerMarla":2685483.87,"areaSqft":1550.0,"beds":3,"baths":2,"url":"https://www.zameen.com/Property/bahria_enclave_cube_apartments_bahria_enclave_sector_a_cube_apartment_margalla_face_lifetime_open_view-54729896-21520-1.html"}},{"type":"Feature","geometry":{"type":"Point","coordinates":[73.107553,33.516701]},"properties":{"id":"zameen-54740725","source":"Zameen","confidenceScore":100,"confidenceBand":"High","isOutlier":false,"title":"Business Bay Apartment For Sale","propertyGroup":"apartment","location":"Business Bay DHA, DHA Defence Phase 1","neighborhood":"DHA Defence","pricePkr":16500000,"pricePerSqft":11913.36,"pricePerMarla":2680505.42,"areaSqft":1385.0,"beds":2,"baths":3,"url":"https://www.zameen.com/Property/dha_defence_phase_1_business_bay_dha_business_bay_apartment_for_sale-54740725-8422-1.html"}},{"type":"Feature","geometry":{"type":"Point","coordinates":[73.161392,33.527944]},"properties":{"id":"zameen-53057763","source":"Zameen","confidenceScore":100,"confidenceBand":"High","isOutlier":false,"title":"3 Bed Apartment In Askari Towers 1","propertyGroup":"house","location":"DHA Defence Phase 2, DHA Defence","neighborhood":"DHA Defence","pricePkr":38000000,"pricePerSqft":11893.58,"pricePerMarla":2676056.34,"areaSqft":3195.0,"beds":4,"baths":5,"url":"https://www.zameen.com/Property/dha_defence_dha_defence_phase_2_3_bed_apartment_in_askari_towers_1-53057763-339-1.html"}},{"type":"Feature","geometry":{"type":"Point","coordinates":[73.215615,33.695973]},"properties":{"id":"zameen-53995733","source":"Zameen","confidenceScore":100,"confidenceBand":"High","isOutlier":false,"title":"Prime Location Plot For Sale In Bahria Enclave Islamabad","propertyGroup":"plot","location":"Bahria Enclave - Sector A, Bahria Enclave","neighborhood":"Bahria Town","pricePkr":26500000,"pricePerSqft":11777.78,"pricePerMarla":2650000.0,"areaSqft":2250.0,"beds":null,"baths":null,"url":"https://www.zameen.com/Property/bahria_enclave_bahria_enclave_-_sector_a_prime_location_plot_for_sale_in_bahria_enclave_islamabad-53995733-11970-2.html"}},{"type":"Feature","geometry":{"type":"Point","coordinates":[73.228579056133,33.662427415292]},"properties":{"id":"zameen-54724267","source":"Zameen","confidenceScore":100,"confidenceBand":"High","isOutlier":false,"title":"Centrally Located Residential Plot Available In Park Enclave 3 For sale","propertyGroup":"plot","location":"Park Enclave 3, Park Enclave","neighborhood":"Park Enclave","pricePkr":26500000,"pricePerSqft":11777.78,"pricePerMarla":2650000.0,"areaSqft":2250.0,"beds":null,"baths":null,"url":"https://www.zameen.com/Property/park_enclave_park_enclave_3_centrally_located_residential_plot_available_in_park_enclave_3_for_sale-54724267-17150-2.html"}},{"type":"Feature","geometry":{"type":"Point","coordinates":[73.20709,33.528874]},"properties":{"id":"zameen-54768570","source":"Zameen","confidenceScore":100,"confidenceBand":"High","isOutlier":false,"title":"DHA Phase 5 ISB SECTOR D 10 Marla Plot Available For Sale Good Location Lavel Solid Land Plot. Ideal Location To Build House.","propertyGroup":"plot","location":"DHA Phase 5 - Sector D, DHA Defence Phase 5","neighborhood":"DHA Defence","pricePkr":26500000,"pricePerSqft":11777.78,"pricePerMarla":2650000.0,"areaSqft":2250.0,"beds":null,"baths":null,"url":"https://www.zameen.com/Property/dha_defence_phase_5_dha_phase_5_-_sector_d_dha_phase_5_isb_sector_d_10_marla_plot_available_for_sale_good_location_lavel_solid_land_plot_ideal_location_to_build_house-54768570-8403-2.html"}},{"type":"Feature","geometry":{"type":"Point","coordinates":[73.20709,33.528874]},"properties":{"id":"zameen-54837077","source":"Zameen","confidenceScore":100,"confidenceBand":"High","isOutlier":false,"title":"Exclusive 10 Marla Plot Of Ideal Location Available For Sale","propertyGroup":"plot","location":"DHA Phase 5 - Sector D, DHA Defence Phase 5","neighborhood":"DHA Defence","pricePkr":26500000,"pricePerSqft":11777.78,"pricePerMarla":2650000.0,"areaSqft":2250.0,"beds":null,"baths":null,"url":"https://www.zameen.com/Property/dha_defence_phase_5_dha_phase_5_-_sector_d_exclusive_10_marla_plot_of_ideal_location_available_for_sale-54837077-8403-2.html"}},{"type":"Feature","geometry":{"type":"Point","coordinates":[72.816696,33.680211]},"properties":{"id":"zameen-54841375","source":"Zameen","confidenceScore":100,"confidenceBand":"High","isOutlier":false,"title":"B-17 Multi Garden Islamabad D-Block 7 Marla Corner plot","propertyGroup":"plot","location":"MPCHS - Multi Gardens, B-17","neighborhood":"B-17","pricePkr":18500000,"pricePerSqft":11746.03,"pricePerMarla":2642857.14,"areaSqft":1575.0,"beds":null,"baths":null,"url":"https://www.zameen.com/Property/b_17_mpchs_-_multi_gardens_b-17_multi_garden_islamabad_d-block_7_marla_corner_plot-54841375-3115-2.html"}},{"type":"Feature","geometry":{"type":"Point","coordinates":[72.919879216277,33.693918714802]},"properties":{"id":"zameen-54810396","source":"Zameen","confidenceScore":100,"confidenceBand":"High","isOutlier":false,"title":"5 MARLA FIRST BALLOT PLOT FOR SALE","propertyGroup":"plot","location":"Margalla Enclave, Margalla Avenue","neighborhood":"Margalla Avenue","pricePkr":13200000,"pricePerSqft":11733.33,"pricePerMarla":2640000.0,"areaSqft":1125.0,"beds":null,"baths":null,"url":"https://www.zameen.com/Property/margalla_avenue_margalla_enclave_5_marla_first_ballot_plot_for_sale-54810396-21436-2.html"}},{"type":"Feature","geometry":{"type":"Point","coordinates":[73.24473461,33.68013765]},"properties":{"id":"zameen-54785530","source":"Zameen","confidenceScore":100,"confidenceBand":"High","isOutlier":false,"title":"A 811 Square Feet Flat Located In Bahria Enclave - Sector G Is Available For sale","propertyGroup":"apartment","location":"Bahria Enclave - Sector G, Bahria Enclave","neighborhood":"Bahria Town","pricePkr":9500000,"pricePerSqft":11713.93,"pricePerMarla":2635635.02,"areaSqft":811.0,"beds":2,"baths":2,"url":"https://www.zameen.com/Property/bahria_enclave_bahria_enclave_-_sector_g_a_811_square_feet_flat_located_in_bahria_enclave_-_sector_g_is_available_for_sale-54785530-11984-1.html"}},{"type":"Feature","geometry":{"type":"Point","coordinates":[73.223267,33.544123]},"properties":{"id":"zameen-54758050","source":"Zameen","confidenceScore":100,"confidenceBand":"High","isOutlier":false,"title":"Own A Flat In 2955 Square Feet Islamabad","propertyGroup":"apartment","location":"Askari Tower 5, DHA Defence Phase 5","neighborhood":"DHA Defence","pricePkr":34500000,"pricePerSqft":11675.13,"pricePerMarla":2626903.55,"areaSqft":2955.0,"beds":4,"baths":4,"url":"https://www.zameen.com/Property/dha_defence_phase_5_askari_tower_5_own_a_flat_in_2955_square_feet_islamabad-54758050-22449-1.html"}},{"type":"Feature","geometry":{"type":"Point","coordinates":[73.096217,33.542999]},"properties":{"id":"zameen-54583995","source":"Zameen","confidenceScore":100,"confidenceBand":"High","isOutlier":false,"title":"Boulevard Plot For Sale Solid Land Back Open / Front Open Sector A Dha Phase 1 Islamabad","propertyGroup":"plot","location":"DHA Phase 1 - Sector A, DHA Defence Phase 1","neighborhood":"DHA Defence","pricePkr":52500000,"pricePerSqft":11666.67,"pricePerMarla":2625000.0,"areaSqft":4500.0,"beds":null,"baths":null,"url":"https://www.zameen.com/Property/dha_defence_phase_1_dha_phase_1_-_sector_a_boulevard_plot_for_sale_solid_land_back_open_front_open_sector_a_dha_phase_1_islamabad-54583995-3189-2.html"}},{"type":"Feature","geometry":{"type":"Point","coordinates":[73.21805,33.541947]},"properties":{"id":"zameen-54696975","source":"Zameen","confidenceScore":96,"confidenceBand":"High","isOutlier":false,"title":"South Face Plot For Sale Dha Phase 5 Sector K","propertyGroup":"plot","location":"DHA Phase 5 - Sector K, DHA Defence Phase 5","neighborhood":"DHA Defence","pricePkr":52500000,"pricePerSqft":11666.67,"pricePerMarla":2625000.0,"areaSqft":4500.0,"beds":null,"baths":null,"url":"https://www.zameen.com/Property/dha_defence_phase_5_dha_phase_5_-_sector_k_south_face_plot_for_sale_dha_phase_5_sector_k-54696975-17401-2.html"}},{"type":"Feature","geometry":{"type":"Point","coordinates":[73.214346,33.688826]},"properties":{"id":"zameen-54843297","source":"Zameen","confidenceScore":100,"confidenceBand":"High","isOutlier":false,"title":"3-Bed Luxury Apartment For Sale In Royal Mall and Residency (Bahria Enclave)","propertyGroup":"apartment","location":"The Royal Mall and Residency, Bahria Enclave","neighborhood":"Bahria Town","pricePkr":24500000,"pricePerSqft":11666.67,"pricePerMarla":2625000.0,"areaSqft":2100.0,"beds":3,"baths":3,"url":"https://www.zameen.com/Property/bahria_enclave_the_royal_mall_and_residency_3-bed_luxury_apartment_for_sale_in_royal_mall_and_residency_bahria_enclave-54843297-10909-1.html"}},{"type":"Feature","geometry":{"type":"Point","coordinates":[72.880297,33.631987]},"properties":{"id":"zameen-52393814","source":"Zameen","confidenceScore":100,"confidenceBand":"High","isOutlier":false,"title":"(PM LOAN SCHEME Cash ) 2 Bed Flat Available For Sale In 11 Square F. 17 T&T","propertyGroup":"apartment","location":"F-17, Islamabad","neighborhood":"F-17","pricePkr":11000000,"pricePerSqft":11664.9,"pricePerMarla":2624602.33,"areaSqft":943.0,"beds":2,"baths":2,"url":"https://www.zameen.com/Property/islamabad_f-17_pm_loan_scheme_cash_2_bed_flat_available_for_sale_in_11_square_f_17_t_t-52393814-335-1.html"}},{"type":"Feature","geometry":{"type":"Point","coordinates":[72.8563803,33.63331434]},"properties":{"id":"zameen-54817768","source":"Zameen","confidenceScore":100,"confidenceBand":"High","isOutlier":false,"title":"1500 Sq Ft ( 30*50 in Block F ) 1.5 Story House Available. For Sale In Gulshan E Sehat E-18 Block F Islamabad.","propertyGroup":"house","location":"Gulshan-e-Sehat 1, E-18","neighborhood":"E-18","pricePkr":17500000,"pricePerSqft":11608.62,"pricePerMarla":2611940.3,"areaSqft":1507.5,"beds":3,"baths":4,"url":"https://www.zameen.com/Property/e_18_gulshan-e-sehat_1_1500_sq_ft_30_50_in_block_f_1_5_story_house_available_for_sale_in_gulshan_e_sehat_e-18_block_f_islamabad-54817768-3258-1.html"}},{"type":"Feature","geometry":{"type":"Point","coordinates":[73.15306,33.67766]},"properties":{"id":"zameen-51095499","source":"Zameen","confidenceScore":100,"confidenceBand":"High","isOutlier":false,"title":"5 Marla | Level Plot | Ideal Location In Park Enclave Phase-3","propertyGroup":"plot","location":"Park Enclave 3, Park Enclave","neighborhood":"Park Enclave","pricePkr":13000000,"pricePerSqft":11555.56,"pricePerMarla":2600000.0,"areaSqft":1125.0,"beds":null,"baths":null,"url":"https://www.zameen.com/Property/park_enclave_park_enclave_3_5_marla_level_plot_ideal_location_in_park_enclave_phase-3-51095499-17150-2.html"}},{"type":"Feature","geometry":{"type":"Point","coordinates":[73.223812,33.698472]},"properties":{"id":"zameen-54515077","source":"Zameen","confidenceScore":100,"confidenceBand":"High","isOutlier":false,"title":"Sector B1 Prime Location Plot For Sale In Bahria Enclave Islamabad","propertyGroup":"plot","location":"Bahria Enclave - Sector B1, Bahria Enclave","neighborhood":"Bahria Town","pricePkr":26000000,"pricePerSqft":11555.56,"pricePerMarla":2600000.0,"areaSqft":2250.0,"beds":null,"baths":null,"url":"https://www.zameen.com/Property/bahria_enclave_bahria_enclave_-_sector_b1_sector_b1_prime_location_plot_for_sale_in_bahria_enclave_islamabad-54515077-11972-2.html"}},{"type":"Feature","geometry":{"type":"Point","coordinates":[73.093414,33.542039]},"properties":{"id":"zameen-54726740","source":"Zameen","confidenceScore":96,"confidenceBand":"High","isOutlier":false,"title":"10 Marla Plot Available For Sale","propertyGroup":"plot","location":"DHA Phase 1 - Sector B, DHA Defence Phase 1","neighborhood":"DHA Defence","pricePkr":26000000,"pricePerSqft":11555.56,"pricePerMarla":2600000.0,"areaSqft":2250.0,"beds":null,"baths":null,"url":"https://www.zameen.com/Property/dha_defence_phase_1_dha_phase_1_-_sector_b_10_marla_plot_available_for_sale-54726740-3190-2.html"}},{"type":"Feature","geometry":{"type":"Point","coordinates":[73.175082,33.572044]},"properties":{"id":"zameen-54746450","source":"Zameen","confidenceScore":100,"confidenceBand":"High","isOutlier":false,"title":"10 Marla Plot For Sale","propertyGroup":"plot","location":"Jinnah Gardens, FECHS","neighborhood":"FECHS","pricePkr":26000000,"pricePerSqft":11555.56,"pricePerMarla":2600000.0,"areaSqft":2250.0,"beds":null,"baths":null,"url":"https://www.zameen.com/Property/fechs_jinnah_gardens_10_marla_plot_for_sale-54746450-1420-2.html"}},{"type":"Feature","geometry":{"type":"Point","coordinates":[73.198629,33.573009]},"properties":{"id":"zameen-54764499","source":"Zameen","confidenceScore":100,"confidenceBand":"High","isOutlier":false,"title":"Primely Located Plot Is Up For Sale","propertyGroup":"plot","location":"Naval Anchorage, Islamabad","neighborhood":"Naval Anchorage","pricePkr":13000000,"pricePerSqft":11555.56,"pricePerMarla":2600000.0,"areaSqft":1125.0,"beds":null,"baths":null,"url":"https://www.zameen.com/Property/islamabad_naval_anchorage_primely_located_plot_is_up_for_sale-54764499-375-2.html"}},{"type":"Feature","geometry":{"type":"Point","coordinates":[72.969296,33.617443]},"properties":{"id":"zameen-54796526","source":"Zameen","confidenceScore":96,"confidenceBand":"High","isOutlier":false,"title":"5 Marla Plot For Sale ( Plot No. 1348 ) I 14/3","propertyGroup":"plot","location":"I-14/3, I-14","neighborhood":"I-14","pricePkr":13000000,"pricePerSqft":11555.56,"pricePerMarla":2600000.0,"areaSqft":1125.0,"beds":null,"baths":null,"url":"https://www.zameen.com/Property/i_14_i-14_3_5_marla_plot_for_sale_plot_no_1348_i_14_3-54796526-8342-2.html"}},{"type":"Feature","geometry":{"type":"Point","coordinates":[73.22232939,33.72125975]},"properties":{"id":"zameen-54837061","source":"Zameen","confidenceScore":100,"confidenceBand":"High","isOutlier":false,"title":"5 MARLA PLOT FOR SALE","propertyGroup":"plot","location":"Park View - Block A, Park View City","neighborhood":"Park View City","pricePkr":13000000,"pricePerSqft":11555.56,"pricePerMarla":2600000.0,"areaSqft":1125.0,"beds":null,"baths":null,"url":"https://www.zameen.com/Property/park_view_city_park_view_-_block_a_5_marla_plot_for_sale-54837061-16861-2.html"}},{"type":"Feature","geometry":{"type":"Point","coordinates":[73.1643863,33.6572037]},"properties":{"id":"zameen-54842388","source":"Zameen","confidenceScore":100,"confidenceBand":"High","isOutlier":false,"title":"MARGALA ORCHARD E BLOCK 10&KANL","propertyGroup":"plot","location":"Margalla Orchard, Islamabad","neighborhood":"Margalla Orchard","pricePkr":26000000,"pricePerSqft":11555.56,"pricePerMarla":2600000.0,"areaSqft":2250.0,"beds":null,"baths":null,"url":"https://www.zameen.com/Property/islamabad_margalla_orchard_margala_orchard_e_block_10_kanl-54842388-21948-2.html"}},{"type":"Feature","geometry":{"type":"Point","coordinates":[73.2191767,33.538199]},"properties":{"id":"zameen-54843445","source":"Zameen","confidenceScore":100,"confidenceBand":"High","isOutlier":false,"title":"Dha Phase 5 Sector K street 13","propertyGroup":"plot","location":"DHA Phase 5 - Sector K, DHA Defence Phase 5","neighborhood":"DHA Defence","pricePkr":52000000,"pricePerSqft":11555.56,"pricePerMarla":2600000.0,"areaSqft":4500.0,"beds":null,"baths":null,"url":"https://www.zameen.com/Property/dha_defence_phase_5_dha_phase_5_-_sector_k_dha_phase_5_sector_k_street_13-54843445-17401-2.html"}},{"type":"Feature","geometry":{"type":"Point","coordinates":[72.96582,33.605863]},"properties":{"id":"zameen-54830352","source":"Zameen","confidenceScore":96,"confidenceBand":"High","isOutlier":false,"title":"I-14 Size 5 Marla Plot For Sale","propertyGroup":"plot","location":"I-14/1, I-14","neighborhood":"I-14","pricePkr":14500000,"pricePerSqft":11507.94,"pricePerMarla":2589285.71,"areaSqft":1260.0,"beds":null,"baths":null,"url":"https://www.zameen.com/Property/i_14_i-14_1_i-14_size_5_marla_plot_for_sale-54830352-8340-2.html"}},{"type":"Feature","geometry":{"type":"Point","coordinates":[73.207161,33.600018]},"properties":{"id":"zameen-54530590","source":"Zameen","confidenceScore":100,"confidenceBand":"High","isOutlier":false,"title":"5 Marla Plot Available For Sale","propertyGroup":"plot","location":"Gulberg Residencia - Block C, Gulberg Residencia","neighborhood":"Gulberg","pricePkr":12800000,"pricePerSqft":11377.78,"pricePerMarla":2560000.0,"areaSqft":1125.0,"beds":null,"baths":null,"url":"https://www.zameen.com/Property/gulberg_residencia_gulberg_residencia_-_block_c_5_marla_plot_available_for_sale-54530590-9114-2.html"}},{"type":"Feature","geometry":{"type":"Point","coordinates":[73.221013,33.522987]},"properties":{"id":"zameen-54838092","source":"Zameen","confidenceScore":100,"confidenceBand":"High","isOutlier":false,"title":"10 Marla Executive Boulevard Plot For Sale in DHA - 5 Sector F","propertyGroup":"plot","location":"DHA Phase 5 - Sector F, DHA Defence Phase 5","neighborhood":"DHA Defence","pricePkr":25500000,"pricePerSqft":11333.33,"pricePerMarla":2550000.0,"areaSqft":2250.0,"beds":null,"baths":null,"url":"https://www.zameen.com/Property/dha_defence_phase_5_dha_phase_5_-_sector_f_10_marla_executive_boulevard_plot_for_sale_in_dha_-_5_sector_f-54838092-8836-2.html"}},{"type":"Feature","geometry":{"type":"Point","coordinates":[73.221013,33.522987]},"properties":{"id":"zameen-54841682","source":"Zameen","confidenceScore":100,"confidenceBand":"High","isOutlier":false,"title":"Boulevard Plot Invester Rate Sector F","propertyGroup":"plot","location":"DHA Phase 5 - Sector F, DHA Defence Phase 5","neighborhood":"DHA Defence","pricePkr":25500000,"pricePerSqft":11333.33,"pricePerMarla":2550000.0,"areaSqft":2250.0,"beds":null,"baths":null,"url":"https://www.zameen.com/Property/dha_defence_phase_5_dha_phase_5_-_sector_f_boulevard_plot_invester_rate_sector_f-54841682-8836-2.html"}},{"type":"Feature","geometry":{"type":"Point","coordinates":[73.25304837,33.68051678]},"properties":{"id":"zameen-54754658","source":"Zameen","confidenceScore":100,"confidenceBand":"High","isOutlier":false,"title":"Plot For Sale In Sector I Corner Boulevard Parkface 0.75 Extraland Possession Utility Paid Best Option In Bahria Enclave Islamabad","propertyGroup":"plot","location":"Bahria Enclave - Sector I, Bahria Enclave","neighborhood":"Bahria Town","pricePkr":12700000,"pricePerSqft":11288.89,"pricePerMarla":2540000.0,"areaSqft":1125.0,"beds":null,"baths":null,"url":"https://www.zameen.com/Property/bahria_enclave_bahria_enclave_-_sector_i_plot_for_sale_in_sector_i_corner_boulevard_parkface_0_75_extraland_possession_utility_paid_best_option_in_bahria_enclave_islamabad-54754658-11982-2.html"}},{"type":"Feature","geometry":{"type":"Point","coordinates":[73.221406,33.543947]},"properties":{"id":"zameen-54605735","source":"Zameen","confidenceScore":100,"confidenceBand":"High","isOutlier":false,"title":"Askari Heights 5 Brand New Apartment For Sale","propertyGroup":"apartment","location":"Askari Heights 5, DHA Defence Phase 5","neighborhood":"DHA Defence","pricePkr":32500000,"pricePerSqft":11206.9,"pricePerMarla":2521551.72,"areaSqft":2900.0,"beds":4,"baths":5,"url":"https://www.zameen.com/Property/dha_defence_phase_5_askari_heights_5_askari_heights_5_brand_new_apartment_for_sale-54605735-22450-1.html"}},{"type":"Feature","geometry":{"type":"Point","coordinates":[73.221013,33.522987]},"properties":{"id":"zameen-54770746","source":"Zameen","confidenceScore":100,"confidenceBand":"High","isOutlier":false,"title":"A Top Location Plot Street . . . Urgent Sale","propertyGroup":"plot","location":"DHA Phase 5 - Sector F, DHA Defence Phase 5","neighborhood":"DHA Defence","pricePkr":25200000,"pricePerSqft":11200.0,"pricePerMarla":2520000.0,"areaSqft":2250.0,"beds":null,"baths":null,"url":"https://www.zameen.com/Property/dha_defence_phase_5_dha_phase_5_-_sector_f_a_top_location_plot_street_urgent_sale-54770746-8836-2.html"}},{"type":"Feature","geometry":{"type":"Point","coordinates":[73.221406,33.543947]},"properties":{"id":"zameen-54478135","source":"Zameen","confidenceScore":100,"confidenceBand":"High","isOutlier":false,"title":"Askari Heights 5 4 Bed 1st Floor Apartment For Sale | TP Pending","propertyGroup":"apartment","location":"Askari Heights 5, DHA Defence Phase 5","neighborhood":"DHA Defence","pricePkr":33000000,"pricePerSqft":11178.86,"pricePerMarla":2515243.9,"areaSqft":2952.0,"beds":4,"baths":5,"url":"https://www.zameen.com/Property/dha_defence_phase_5_askari_heights_5_askari_heights_5_4_bed_1st_floor_apartment_for_sale_tp_pending-54478135-22450-1.html"}},{"type":"Feature","geometry":{"type":"Point","coordinates":[72.822189,33.68064]},"properties":{"id":"zameen-54792925","source":"Zameen","confidenceScore":100,"confidenceBand":"High","isOutlier":false,"title":"Flat For Sale In B-17","propertyGroup":"apartment","location":"B-17, Islamabad","neighborhood":"B-17","pricePkr":7800000,"pricePerSqft":11142.86,"pricePerMarla":2507142.86,"areaSqft":700.0,"beds":2,"baths":2,"url":"https://www.zameen.com/Property/islamabad_b-17_flat_for_sale_in_b-17-54792925-616-1.html"}},{"type":"Feature","geometry":{"type":"Point","coordinates":[73.28273507,33.48693412]},"properties":{"id":"zameen-48206749","source":"Zameen","confidenceScore":100,"confidenceBand":"High","isOutlier":false,"title":"5 Marla Brand New House For Sale In Oleander Sector","propertyGroup":"house","location":"Oleander Sector - DHA Homes, DHA Valley - Oleander Sector","neighborhood":"DHA Defence","pricePkr":12500000,"pricePerSqft":11111.11,"pricePerMarla":2500000.0,"areaSqft":1125.0,"beds":2,"baths":2,"url":"https://www.zameen.com/Property/dha_valley_oleander_sector_oleander_sector_-_dha_homes_5_marla_brand_new_house_for_sale_in_oleander_sector-48206749-16825-1.html"}},{"type":"Feature","geometry":{"type":"Point","coordinates":[73.198629,33.573009]},"properties":{"id":"zameen-54748385","source":"Zameen","confidenceScore":100,"confidenceBand":"High","isOutlier":false,"title":"Primely Located Plot Is Up For Sale","propertyGroup":"plot","location":"Naval Anchorage, Islamabad","neighborhood":"Naval Anchorage","pricePkr":12500000,"pricePerSqft":11111.11,"pricePerMarla":2500000.0,"areaSqft":1125.0,"beds":null,"baths":null,"url":"https://www.zameen.com/Property/islamabad_naval_anchorage_primely_located_plot_is_up_for_sale-54748385-375-2.html"}},{"type":"Feature","geometry":{"type":"Point","coordinates":[73.25304837,33.68051678]},"properties":{"id":"zameen-54837341","source":"Zameen","confidenceScore":100,"confidenceBand":"High","isOutlier":false,"title":"Back Open 5 Marla Plot Available For Sale Bahria Enclave Sector I","propertyGroup":"plot","location":"Bahria Enclave - Sector I, Bahria Enclave","neighborhood":"Bahria Town","pricePkr":12500000,"pricePerSqft":11111.11,"pricePerMarla":2500000.0,"areaSqft":1125.0,"beds":null,"baths":null,"url":"https://www.zameen.com/Property/bahria_enclave_bahria_enclave_-_sector_i_back_open_5_marla_plot_available_for_sale_bahria_enclave_sector_i-54837341-11982-2.html"}},{"type":"Feature","geometry":{"type":"Point","coordinates":[73.13251,33.570792]},"properties":{"id":"zameen-54843883","source":"Zameen","confidenceScore":96,"confidenceBand":"High","isOutlier":false,"title":"5 Marla plot available for sale in National police foundation","propertyGroup":"plot","location":"National Police Foundation O-9, Islamabad","neighborhood":"National Police Foundation O-9","pricePkr":12500000,"pricePerSqft":11111.11,"pricePerMarla":2500000.0,"areaSqft":1125.0,"beds":null,"baths":null,"url":"https://www.zameen.com/Property/islamabad_national_police_foundation_o-9_5_marla_plot_available_for_sale_in_national_police_foundation-54843883-331-2.html"}},{"type":"Feature","geometry":{"type":"Point","coordinates":[73.218813,33.692638]},"properties":{"id":"zameen-54124244","source":"Zameen","confidenceScore":100,"confidenceBand":"High","isOutlier":false,"title":"1 Bedroom Apartment For Sale Sale Family Building","propertyGroup":"apartment","location":"Bahria Enclave, Bahria Town","neighborhood":"Bahria Town","pricePkr":7200000,"pricePerSqft":11076.92,"pricePerMarla":2492307.69,"areaSqft":650.0,"beds":1,"baths":1,"url":"https://www.zameen.com/Property/bahria_town_bahria_enclave_1_bedroom_apartment_for_sale_sale_family_building-54124244-1705-1.html"}},{"type":"Feature","geometry":{"type":"Point","coordinates":[73.166542,33.536816]},"properties":{"id":"zameen-52107315","source":"Zameen","confidenceScore":100,"confidenceBand":"High","isOutlier":false,"title":"Ideal Plot For End User, 1 Kanal Exclusive Plot Available For Sale","propertyGroup":"plot","location":"DHA Phase 2 - Sector D, DHA Defence Phase 2","neighborhood":"DHA Defence","pricePkr":49000000,"pricePerSqft":10888.89,"pricePerMarla":2450000.0,"areaSqft":4500.0,"beds":null,"baths":null,"url":"https://www.zameen.com/Property/dha_defence_phase_2_dha_phase_2_-_sector_d_ideal_plot_for_end_user_1_kanal_exclusive_plot_available_for_sale-52107315-3199-2.html"}},{"type":"Feature","geometry":{"type":"Point","coordinates":[73.193185,33.529769]},"properties":{"id":"zameen-54843312","source":"Zameen","confidenceScore":100,"confidenceBand":"High","isOutlier":false,"title":"DHA Phase 5 sector B boulevard corner plot","propertyGroup":"plot","location":"DHA Phase 5 - Sector B, DHA Defence Phase 5","neighborhood":"DHA Defence","pricePkr":49000000,"pricePerSqft":10888.89,"pricePerMarla":2450000.0,"areaSqft":4500.0,"beds":null,"baths":null,"url":"https://www.zameen.com/Property/dha_defence_phase_5_dha_phase_5_-_sector_b_dha_phase_5_sector_b_boulevard_corner_plot-54843312-8401-2.html"}},{"type":"Feature","geometry":{"type":"Point","coordinates":[73.1469834,33.5244025]},"properties":{"id":"zameen-54792419","source":"Zameen","confidenceScore":100,"confidenceBand":"High","isOutlier":false,"title":"2-Bed Luxurious Apartment For Sale In Block 14 DHA Phase 2 Islamabad","propertyGroup":"apartment","location":"Defence Residency, DHA Defence Phase 2","neighborhood":"DHA Defence","pricePkr":12500000,"pricePerSqft":10869.57,"pricePerMarla":2445652.17,"areaSqft":1150.0,"beds":2,"baths":2,"url":"https://www.zameen.com/Property/dha_defence_phase_2_defence_residency_2-bed_luxurious_apartment_for_sale_in_block_14_dha_phase_2_islamabad-54792419-9914-1.html"}},{"type":"Feature","geometry":{"type":"Point","coordinates":[72.860634,33.589205]},"properties":{"id":"zameen-54242620","source":"Zameen","confidenceScore":100,"confidenceBand":"High","isOutlier":false,"title":"A Good Location and Corner Plot In Chenab Block Mumtaz City","propertyGroup":"plot","location":"Mumtaz City, Islamabad","neighborhood":"Mumtaz City","pricePkr":12200000,"pricePerSqft":10844.44,"pricePerMarla":2440000.0,"areaSqft":1125.0,"beds":null,"baths":null,"url":"https://www.zameen.com/Property/islamabad_mumtaz_city_a_good_location_and_corner_plot_in_chenab_block_mumtaz_city-54242620-3464-2.html"}},{"type":"Feature","geometry":{"type":"Point","coordinates":[72.984238,33.698244]},"properties":{"id":"zameen-54018744","source":"Zameen","confidenceScore":100,"confidenceBand":"High","isOutlier":false,"title":"Ist Floor Flat , Direct Owner Here","propertyGroup":"apartment","location":"E-11/4, E-11","neighborhood":"E-11","pricePkr":6500000,"pricePerSqft":10833.33,"pricePerMarla":2437500.0,"areaSqft":600.0,"beds":1,"baths":1,"url":"https://www.zameen.com/Property/e_11_e-11_4_ist_floor_flat_direct_owner_here-54018744-3241-1.html"}},{"type":"Feature","geometry":{"type":"Point","coordinates":[72.984238,33.698244]},"properties":{"id":"zameen-54317294","source":"Zameen","confidenceScore":100,"confidenceBand":"High","isOutlier":false,"title":"1 Bed Flat For Sale","propertyGroup":"apartment","location":"E-11/4, E-11","neighborhood":"E-11","pricePkr":6500000,"pricePerSqft":10833.33,"pricePerMarla":2437500.0,"areaSqft":600.0,"beds":1,"baths":1,"url":"https://www.zameen.com/Property/e_11_e-11_4_1_bed_flat_for_sale-54317294-3241-1.html"}},{"type":"Feature","geometry":{"type":"Point","coordinates":[73.10717,33.52887]},"properties":{"id":"zameen-54566034","source":"Zameen","confidenceScore":100,"confidenceBand":"High","isOutlier":false,"title":"Corner Plot For Sale Near Amaltas Club Dha Phase 1 Sector D 1 Kanal","propertyGroup":"plot","location":"DHA Phase 1 - Sector D, DHA Defence Phase 1","neighborhood":"DHA Defence","pricePkr":48500000,"pricePerSqft":10777.78,"pricePerMarla":2425000.0,"areaSqft":4500.0,"beds":null,"baths":null,"url":"https://www.zameen.com/Property/dha_defence_phase_1_dha_phase_1_-_sector_d_corner_plot_for_sale_near_amaltas_club_dha_phase_1_sector_d_1_kanal-54566034-3192-2.html"}},{"type":"Feature","geometry":{"type":"Point","coordinates":[72.86725,33.587954]},"properties":{"id":"zameen-54731257","source":"Zameen","confidenceScore":100,"confidenceBand":"High","isOutlier":false,"title":"FOR SALE 550 sqft 1-Bed Apartment on Installment TOP CITY-1","propertyGroup":"apartment","location":"Top City 1, Islamabad","neighborhood":"Top City 1","pricePkr":5900000,"pricePerSqft":10727.27,"pricePerMarla":2413636.36,"areaSqft":550.0,"beds":1,"baths":1,"url":"https://www.zameen.com/Property/islamabad_top_city_1_for_sale_550_sqft_1-bed_apartment_on_installment_top_city-1-54731257-1383-1.html"}},{"type":"Feature","geometry":{"type":"Point","coordinates":[73.161392,33.527944]},"properties":{"id":"zameen-54665982","source":"Zameen","confidenceScore":100,"confidenceBand":"High","isOutlier":false,"title":"DHA Phase 2 Sector D, Street 12 Plot In 15 Series Prime Location Plot Size: 50x90 Level & Ideal Plot Perfect for House Construction Excellent Location & Peaceful Street Ideal for End Users & Investors","propertyGroup":"plot","location":"DHA Defence Phase 2, DHA Defence","neighborhood":"DHA Defence","pricePkr":48000000,"pricePerSqft":10666.67,"pricePerMarla":2400000.0,"areaSqft":4500.0,"beds":null,"baths":null,"url":"https://www.zameen.com/Property/dha_defence_dha_defence_phase_2_dha_phase_2_sector_d_street_12_plot_in_15_series_prime_location_plot_size_50x90_level_ideal_plot_perfect_for_house_construction_excellent_location_peaceful_street_ideal_for_end_users_investors-54665982-339-2.html"}},{"type":"Feature","geometry":{"type":"Point","coordinates":[73.20976381,33.71195996]},"properties":{"id":"zameen-54733347","source":"Zameen","confidenceScore":100,"confidenceBand":"High","isOutlier":false,"title":"5 Marla Park Facing Plot For Sale","propertyGroup":"plot","location":"Park View - Block J, Park View City","neighborhood":"Park View City","pricePkr":12000000,"pricePerSqft":10666.67,"pricePerMarla":2400000.0,"areaSqft":1125.0,"beds":null,"baths":null,"url":"https://www.zameen.com/Property/park_view_city_park_view_-_block_j_5_marla_park_facing_plot_for_sale-54733347-16867-2.html"}},{"type":"Feature","geometry":{"type":"Point","coordinates":[73.208486012,33.596175797]},"properties":{"id":"zameen-54745476","source":"Zameen","confidenceScore":100,"confidenceBand":"High","isOutlier":false,"title":"10 Marla Develop Posesion Main Road Plot Available For Sale in J Block of Gulberg Residencia","propertyGroup":"plot","location":"Gulberg Residencia - Block J, Gulberg Residencia","neighborhood":"Gulberg","pricePkr":24000000,"pricePerSqft":10666.67,"pricePerMarla":2400000.0,"areaSqft":2250.0,"beds":null,"baths":null,"url":"https://www.zameen.com/Property/gulberg_residencia_gulberg_residencia_-_block_j_10_marla_develop_posesion_main_road_plot_available_for_sale_in_j_block_of_gulberg_residencia-54745476-9120-2.html"}},{"type":"Feature","geometry":{"type":"Point","coordinates":[73.24194062,33.69065954]},"properties":{"id":"zameen-54748116","source":"Zameen","confidenceScore":100,"confidenceBand":"High","isOutlier":false,"title":"5 Marla Residential Plot Available For Sale In Bahria Enclave Sector Islamabad Sector N Street 15d Plot Nbr 15 100%Solid Land.","propertyGroup":"plot","location":"Bahria Enclave - Sector N, Bahria Enclave","neighborhood":"Bahria Town","pricePkr":12000000,"pricePerSqft":10666.67,"pricePerMarla":2400000.0,"areaSqft":1125.0,"beds":null,"baths":null,"url":"https://www.zameen.com/Property/bahria_enclave_bahria_enclave_-_sector_n_5_marla_residential_plot_available_for_sale_in_bahria_enclave_sector_islamabad_sector_n_street_15d_plot_nbr_15_100_solid_land-54748116-11975-2.html"}},{"type":"Feature","geometry":{"type":"Point","coordinates":[73.21524141,33.72457996]},"properties":{"id":"zameen-54748175","source":"Zameen","confidenceScore":100,"confidenceBand":"High","isOutlier":false,"title":"5 MARLA PLOT FOR SALE","propertyGroup":"plot","location":"Park View - Block F, Park View City","neighborhood":"Park View City","pricePkr":12000000,"pricePerSqft":10666.67,"pricePerMarla":2400000.0,"areaSqft":1125.0,"beds":null,"baths":null,"url":"https://www.zameen.com/Property/park_view_city_park_view_-_block_f_5_marla_plot_for_sale-54748175-16866-2.html"}},{"type":"Feature","geometry":{"type":"Point","coordinates":[73.217908,33.641747]},"properties":{"id":"zameen-54811235","source":"Zameen","confidenceScore":100,"confidenceBand":"High","isOutlier":false,"title":"5 Marla House For Sale 30 Feet Street","propertyGroup":"house","location":"Shaheen Town, Islamabad","neighborhood":"Shaheen Town","pricePkr":12000000,"pricePerSqft":10666.67,"pricePerMarla":2400000.0,"areaSqft":1125.0,"beds":2,"baths":3,"url":"https://www.zameen.com/Property/islamabad_shaheen_town_5_marla_house_for_sale_30_feet_street-54811235-12029-1.html"}},{"type":"Feature","geometry":{"type":"Point","coordinates":[72.816696,33.680211]},"properties":{"id":"zameen-54841206","source":"Zameen","confidenceScore":100,"confidenceBand":"High","isOutlier":false,"title":"B-17 Multi Garden Islamabad F block 5 Marla plot","propertyGroup":"plot","location":"MPCHS - Multi Gardens, B-17","neighborhood":"B-17","pricePkr":12000000,"pricePerSqft":10666.67,"pricePerMarla":2400000.0,"areaSqft":1125.0,"beds":null,"baths":null,"url":"https://www.zameen.com/Property/b_17_mpchs_-_multi_gardens_b-17_multi_garden_islamabad_f_block_5_marla_plot-54841206-3115-2.html"}},{"type":"Feature","geometry":{"type":"Point","coordinates":[73.195107,33.534569]},"properties":{"id":"zameen-54842742","source":"Zameen","confidenceScore":96,"confidenceBand":"High","isOutlier":false,"title":"DHA PHASE 5 SECTOR J 10 MARLA","propertyGroup":"plot","location":"DHA Defence Phase 5, DHA Defence","neighborhood":"DHA Defence","pricePkr":24000000,"pricePerSqft":10666.67,"pricePerMarla":2400000.0,"areaSqft":2250.0,"beds":null,"baths":null,"url":"https://www.zameen.com/Property/dha_defence_dha_defence_phase_5_dha_phase_5_sector_j_10_marla-54842742-10991-2.html"}},{"type":"Feature","geometry":{"type":"Point","coordinates":[73.15135,33.512166]},"properties":{"id":"zameen-54842853","source":"Zameen","confidenceScore":100,"confidenceBand":"High","isOutlier":false,"title":"10 Marla plot","propertyGroup":"plot","location":"Zaraj Housing Scheme, Islamabad","neighborhood":"Zaraj Housing Scheme","pricePkr":24000000,"pricePerSqft":10666.67,"pricePerMarla":2400000.0,"areaSqft":2250.0,"beds":null,"baths":null,"url":"https://www.zameen.com/Property/islamabad_zaraj_housing_scheme_10_marla_plot-54842853-3508-2.html"}},{"type":"Feature","geometry":{"type":"Point","coordinates":[73.2184277,33.5319337]},"properties":{"id":"zameen-54843337","source":"Zameen","confidenceScore":100,"confidenceBand":"High","isOutlier":false,"title":"DHA Phase 5 Sector J Street 2","propertyGroup":"plot","location":"DHA Phase 5 - Sector J, DHA Defence Phase 5","neighborhood":"DHA Defence","pricePkr":24000000,"pricePerSqft":10666.67,"pricePerMarla":2400000.0,"areaSqft":2250.0,"beds":null,"baths":null,"url":"https://www.zameen.com/Property/dha_defence_phase_5_dha_phase_5_-_sector_j_dha_phase_5_sector_j_street_2-54843337-17389-2.html"}},{"type":"Feature","geometry":{"type":"Point","coordinates":[73.21524141,33.72457996]},"properties":{"id":"zameen-54686964","source":"Zameen","confidenceScore":100,"confidenceBand":"High","isOutlier":false,"title":"5 Marla Plot For Sale In F Block","propertyGroup":"plot","location":"Park View - Block F, Park View City","neighborhood":"Park View City","pricePkr":11900000,"pricePerSqft":10577.78,"pricePerMarla":2380000.0,"areaSqft":1125.0,"beds":null,"baths":null,"url":"https://www.zameen.com/Property/park_view_city_park_view_-_block_f_5_marla_plot_for_sale_in_f_block-54686964-16866-2.html"}},{"type":"Feature","geometry":{"type":"Point","coordinates":[73.214249171675,33.695328036975]},"properties":{"id":"zameen-54694880","source":"Zameen","confidenceScore":100,"confidenceBand":"High","isOutlier":false,"title":"One Bed Brand New Apartment For Sale In Cube Apartments Bahria Enclave Islamabad","propertyGroup":"house","location":"Cube Apartments, Bahria Enclave","neighborhood":"Bahria Town","pricePkr":11600000,"pricePerSqft":10521.54,"pricePerMarla":2367346.94,"areaSqft":1102.5,"beds":1,"baths":2,"url":"https://www.zameen.com/Property/bahria_enclave_cube_apartments_one_bed_brand_new_apartment_for_sale_in_cube_apartments_bahria_enclave_islamabad-54694880-21520-1.html"}},{"type":"Feature","geometry":{"type":"Point","coordinates":[73.25304837,33.68051678]},"properties":{"id":"zameen-54789881","source":"Zameen","confidenceScore":100,"confidenceBand":"High","isOutlier":false,"title":"Bahria Enclave Sector I 5 Marla LOP Approved Plot | Possession & Utility Paid","propertyGroup":"plot","location":"Bahria Enclave - Sector I, Bahria Enclave","neighborhood":"Bahria Town","pricePkr":11800000,"pricePerSqft":10488.89,"pricePerMarla":2360000.0,"areaSqft":1125.0,"beds":null,"baths":null,"url":"https://www.zameen.com/Property/bahria_enclave_bahria_enclave_-_sector_i_bahria_enclave_sector_i_5_marla_lop_approved_plot_possession_utility_paid-54789881-11982-2.html"}},{"type":"Feature","geometry":{"type":"Point","coordinates":[73.22304198,33.68552911]},"properties":{"id":"zameen-54411331","source":"Zameen","confidenceScore":100,"confidenceBand":"High","isOutlier":false,"title":"Sector C1 10 Marla Solid Land Cutting Area Plot Available For Sale Possession Utility Charges Paid","propertyGroup":"plot","location":"Bahria Enclave - Sector C1, Bahria Enclave","neighborhood":"Bahria Town","pricePkr":23500000,"pricePerSqft":10444.44,"pricePerMarla":2350000.0,"areaSqft":2250.0,"beds":null,"baths":null,"url":"https://www.zameen.com/Property/bahria_enclave_bahria_enclave_-_sector_c1_sector_c1_10_marla_solid_land_cutting_area_plot_available_for_sale_possession_utility_charges_paid-54411331-11987-2.html"}},{"type":"Feature","geometry":{"type":"Point","coordinates":[73.091722,33.545501]},"properties":{"id":"zameen-54602015","source":"Zameen","confidenceScore":96,"confidenceBand":"High","isOutlier":false,"title":"Front Open Level Solid Land Plot For Sale Dha Phase 1","propertyGroup":"plot","location":"DHA Phase 1 - Sector B, DHA Defence Phase 1","neighborhood":"DHA Defence","pricePkr":47000000,"pricePerSqft":10444.44,"pricePerMarla":2350000.0,"areaSqft":4500.0,"beds":null,"baths":null,"url":"https://www.zameen.com/Property/dha_defence_phase_1_dha_phase_1_-_sector_b_front_open_level_solid_land_plot_for_sale_dha_phase_1-54602015-3190-2.html"}},{"type":"Feature","geometry":{"type":"Point","coordinates":[73.184692,33.518929]},"properties":{"id":"zameen-54793074","source":"Zameen","confidenceScore":100,"confidenceBand":"High","isOutlier":false,"title":"10 Marla Plot Front open solid Land height street ready For Sale maridian 1","propertyGroup":"plot","location":"Emaar Canyon Views, Islamabad","neighborhood":"Emaar Canyon Views","pricePkr":23500000,"pricePerSqft":10444.44,"pricePerMarla":2350000.0,"areaSqft":2250.0,"beds":null,"baths":null,"url":"https://www.zameen.com/Property/islamabad_emaar_canyon_views_10_marla_plot_front_open_solid_land_height_street_ready_for_sale_maridian_1-54793074-8370-2.html"}},{"type":"Feature","geometry":{"type":"Point","coordinates":[72.7995694,33.6817598]},"properties":{"id":"zameen-54822867","source":"Zameen","confidenceScore":100,"confidenceBand":"High","isOutlier":false,"title":"Cornor Plot # 2935 Sale For Future Invest And Living.","propertyGroup":"plot","location":"MPCHS - Block E, MPCHS - Multi Gardens","neighborhood":"B-17","pricePkr":23500000,"pricePerSqft":10444.44,"pricePerMarla":2350000.0,"areaSqft":2250.0,"beds":null,"baths":null,"url":"https://www.zameen.com/Property/mpchs_multi_gardens_mpchs_-_block_e_cornor_plot_2935_sale_for_future_invest_and_living-54822867-3120-2.html"}},{"type":"Feature","geometry":{"type":"Point","coordinates":[72.7995694,33.6817598]},"properties":{"id":"zameen-54835564","source":"Zameen","confidenceScore":96,"confidenceBand":"High","isOutlier":false,"title":"Corner plot # 2935 sale for future investment and living.","propertyGroup":"plot","location":"MPCHS - Block E, MPCHS - Multi Gardens","neighborhood":"B-17","pricePkr":23500000,"pricePerSqft":10444.44,"pricePerMarla":2350000.0,"areaSqft":2250.0,"beds":null,"baths":null,"url":"https://www.zameen.com/Property/mpchs_multi_gardens_mpchs_-_block_e_corner_plot_2935_sale_for_future_investment_and_living-54835564-3120-2.html"}},{"type":"Feature","geometry":{"type":"Point","coordinates":[73.214249171675,33.695328036975]},"properties":{"id":"zameen-53527977","source":"Zameen","confidenceScore":100,"confidenceBand":"High","isOutlier":false,"title":"Cube 1-Bed Sun-Facing Apartment For Sale Bahria Enclave Islamabad (3rd ,6th,7th Floor) All Paid","propertyGroup":"apartment","location":"Cube Apartments, Bahria Enclave","neighborhood":"Bahria Town","pricePkr":11400000,"pricePerSqft":10363.64,"pricePerMarla":2331818.18,"areaSqft":1100.0,"beds":1,"baths":2,"url":"https://www.zameen.com/Property/bahria_enclave_cube_apartments_cube_1-bed_sun-facing_apartment_for_sale_bahria_enclave_islamabad_3rd_6th_7th_floor_all_paid-53527977-21520-1.html"}},{"type":"Feature","geometry":{"type":"Point","coordinates":[73.22304198,33.68552911]},"properties":{"id":"zameen-53995751","source":"Zameen","confidenceScore":100,"confidenceBand":"High","isOutlier":false,"title":"Sector C1 10 Marla Plot For Sale In Bahria Enclave Islamabad","propertyGroup":"plot","location":"Bahria Enclave - Sector C1, Bahria Enclave","neighborhood":"Bahria Town","pricePkr":23000000,"pricePerSqft":10222.22,"pricePerMarla":2300000.0,"areaSqft":2250.0,"beds":null,"baths":null,"url":"https://www.zameen.com/Property/bahria_enclave_bahria_enclave_-_sector_c1_sector_c1_10_marla_plot_for_sale_in_bahria_enclave_islamabad-53995751-11987-2.html"}},{"type":"Feature","geometry":{"type":"Point","coordinates":[73.1889129,33.48432489]},"properties":{"id":"zameen-54748307","source":"Zameen","confidenceScore":96,"confidenceBand":"High","isOutlier":false,"title":"DHA Phase 3 . . . Block B 5 Marla Plot For Sale","propertyGroup":"plot","location":"DHA Phase 3 - Block B, DHA Defence Phase 3","neighborhood":"DHA Defence","pricePkr":11500000,"pricePerSqft":10222.22,"pricePerMarla":2300000.0,"areaSqft":1125.0,"beds":null,"baths":null,"url":"https://www.zameen.com/Property/dha_defence_phase_3_dha_phase_3_-_block_b_dha_phase_3_block_b_5_marla_plot_for_sale-54748307-16227-2.html"}},{"type":"Feature","geometry":{"type":"Point","coordinates":[73.24194062,33.69065954]},"properties":{"id":"zameen-54749250","source":"Zameen","confidenceScore":100,"confidenceBand":"High","isOutlier":false,"title":"Plot For Sale In Sector N Solid Land Possession Utility Paid Best Location For Living Bahria Enclave Islamabad","propertyGroup":"plot","location":"Bahria Enclave - Sector N, Bahria Enclave","neighborhood":"Bahria Town","pricePkr":11500000,"pricePerSqft":10222.22,"pricePerMarla":2300000.0,"areaSqft":1125.0,"beds":null,"baths":null,"url":"https://www.zameen.com/Property/bahria_enclave_bahria_enclave_-_sector_n_plot_for_sale_in_sector_n_solid_land_possession_utility_paid_best_location_for_living_bahria_enclave_islamabad-54749250-11975-2.html"}},{"type":"Feature","geometry":{"type":"Point","coordinates":[73.301339,33.492591]},"properties":{"id":"zameen-54754286","source":"Zameen","confidenceScore":100,"confidenceBand":"High","isOutlier":false,"title":"5 Marla 2 Bedroom House For Sale In DHA Homes | TV Lounge, Lawn & Parking","propertyGroup":"house","location":"DHA Homes, DHA Valley","neighborhood":"DHA Defence","pricePkr":11500000,"pricePerSqft":10222.22,"pricePerMarla":2300000.0,"areaSqft":1125.0,"beds":2,"baths":2,"url":"https://www.zameen.com/Property/dha_valley_dha_homes_5_marla_2_bedroom_house_for_sale_in_dha_homes_tv_lounge_lawn_parking-54754286-3226-1.html"}},{"type":"Feature","geometry":{"type":"Point","coordinates":[73.1568859,33.6299788]},"properties":{"id":"zameen-54831287","source":"Zameen","confidenceScore":100,"confidenceBand":"High","isOutlier":false,"title":"5 Marla Double Storey Demand 1.15 Electricity Water Registery Bank Loan Available","propertyGroup":"house","location":"Tarlai, Islamabad","neighborhood":"Tarlai","pricePkr":11500000,"pricePerSqft":10222.22,"pricePerMarla":2300000.0,"areaSqft":1125.0,"beds":4,"baths":6,"url":"https://www.zameen.com/Property/islamabad_tarlai_5_marla_double_storey_demand_1_15_electricity_water_registery_bank_loan_available-54831287-1144-1.html"}},{"type":"Feature","geometry":{"type":"Point","coordinates":[73.2419406,33.6906595]},"properties":{"id":"zameen-54839037","source":"Zameen","confidenceScore":100,"confidenceBand":"High","isOutlier":false,"title":"5 Marla Plot for Sale | Possession & Utility Charges Paid | Solid Land | Prime Location","propertyGroup":"plot","location":"Bahria Enclave - Sector N, Bahria Enclave","neighborhood":"Bahria Town","pricePkr":11500000,"pricePerSqft":10222.22,"pricePerMarla":2300000.0,"areaSqft":1125.0,"beds":null,"baths":null,"url":"https://www.zameen.com/Property/bahria_enclave_bahria_enclave_-_sector_n_5_marla_plot_for_sale_possession_utility_charges_paid_solid_land_prime_location-54839037-11975-2.html"}},{"type":"Feature","geometry":{"type":"Point","coordinates":[73.221013,33.522987]},"properties":{"id":"zameen-54843020","source":"Zameen","confidenceScore":96,"confidenceBand":"High","isOutlier":false,"title":"Z. M Properties Offer Beautiful Plot In Sector F Street No 59 Dha Phase 5 Islamabad","propertyGroup":"plot","location":"DHA Phase 5 - Sector F, DHA Defence Phase 5","neighborhood":"DHA Defence","pricePkr":23000000,"pricePerSqft":10222.22,"pricePerMarla":2300000.0,"areaSqft":2250.0,"beds":null,"baths":null,"url":"https://www.zameen.com/Property/dha_defence_phase_5_dha_phase_5_-_sector_f_z_m_properties_offer_beautiful_plot_in_sector_f_street_no_59_dha_phase_5_islamabad-54843020-8836-2.html"}},{"type":"Feature","geometry":{"type":"Point","coordinates":[73.145256,33.570792]},"properties":{"id":"zameen-53458109","source":"Zameen","confidenceScore":100,"confidenceBand":"High","isOutlier":false,"title":"Plot For Sale Pwd Block C","propertyGroup":"plot","location":"PWD Housing Scheme, Islamabad","neighborhood":"PWD Housing Scheme","pricePkr":22500000,"pricePerSqft":10000.0,"pricePerMarla":2250000.0,"areaSqft":2250.0,"beds":null,"baths":null,"url":"https://www.zameen.com/Property/islamabad_pwd_housing_scheme_plot_for_sale_pwd_block_c-53458109-424-2.html"}},{"type":"Feature","geometry":{"type":"Point","coordinates":[72.85462096,33.58298503]},"properties":{"id":"zameen-54242122","source":"Zameen","confidenceScore":100,"confidenceBand":"High","isOutlier":false,"title":"A Good Location Plot In Mumtaz City","propertyGroup":"plot","location":"Mumtaz City - Ravi Block, Mumtaz City","neighborhood":"Mumtaz City","pricePkr":13500000,"pricePerSqft":10000.0,"pricePerMarla":2250000.0,"areaSqft":1350.0,"beds":null,"baths":null,"url":"https://www.zameen.com/Property/mumtaz_city_mumtaz_city_-_ravi_block_a_good_location_plot_in_mumtaz_city-54242122-14996-2.html"}},{"type":"Feature","geometry":{"type":"Point","coordinates":[73.161392,33.527944]},"properties":{"id":"zameen-54569954","source":"Zameen","confidenceScore":100,"confidenceBand":"High","isOutlier":false,"title":"1 Kanal Prime Corner Plot For Sale Street 8, Sector G, DHA Phase 2, Islamabad","propertyGroup":"plot","location":"DHA Defence Phase 2, DHA Defence","neighborhood":"DHA Defence","pricePkr":45000000,"pricePerSqft":10000.0,"pricePerMarla":2250000.0,"areaSqft":4500.0,"beds":null,"baths":null,"url":"https://www.zameen.com/Property/dha_defence_dha_defence_phase_2_1_kanal_prime_corner_plot_for_sale_street_8_sector_g_dha_phase_2_islamabad-54569954-339-2.html"}},{"type":"Feature","geometry":{"type":"Point","coordinates":[73.25621896,33.6853172]},"properties":{"id":"zameen-54694800","source":"Zameen","confidenceScore":100,"confidenceBand":"High","isOutlier":false,"title":"Bahria Enclave Sector J 8 Marla Corner Plot For Sale Lop Approved","propertyGroup":"plot","location":"Bahria Enclave - Sector J, Bahria Enclave","neighborhood":"Bahria Town","pricePkr":18000000,"pricePerSqft":10000.0,"pricePerMarla":2250000.0,"areaSqft":1800.0,"beds":null,"baths":null,"url":"https://www.zameen.com/Property/bahria_enclave_bahria_enclave_-_sector_j_bahria_enclave_sector_j_8_marla_corner_plot_for_sale_lop_approved-54694800-11981-2.html"}},{"type":"Feature","geometry":{"type":"Point","coordinates":[73.202613,33.530842]},"properties":{"id":"zameen-54811518","source":"Zameen","confidenceScore":96,"confidenceBand":"High","isOutlier":false,"title":"1 Kanal Johar Blvd Level/Solid Land Plot Available For Sale DHA Phase 5","propertyGroup":"plot","location":"DHA Phase 5 - Sector C, DHA Defence Phase 5","neighborhood":"DHA Defence","pricePkr":45000000,"pricePerSqft":10000.0,"pricePerMarla":2250000.0,"areaSqft":4500.0,"beds":null,"baths":null,"url":"https://www.zameen.com/Property/dha_defence_phase_5_dha_phase_5_-_sector_c_1_kanal_johar_blvd_level_solid_land_plot_available_for_sale_dha_phase_5-54811518-8402-2.html"}},{"type":"Feature","geometry":{"type":"Point","coordinates":[73.256219,33.6853172]},"properties":{"id":"zameen-54843854","source":"Zameen","confidenceScore":96,"confidenceBand":"High","isOutlier":false,"title":"Bahria enclave sector J bulavard Plot Available for sale","propertyGroup":"plot","location":"Bahria Enclave - Sector J, Bahria Enclave","neighborhood":"Bahria Town","pricePkr":22500000,"pricePerSqft":10000.0,"pricePerMarla":2250000.0,"areaSqft":2250.0,"beds":null,"baths":null,"url":"https://www.zameen.com/Property/bahria_enclave_bahria_enclave_-_sector_j_bahria_enclave_sector_j_bulavard_plot_available_for_sale-54843854-11981-2.html"}},{"type":"Feature","geometry":{"type":"Point","coordinates":[73.22835,33.681684]},"properties":{"id":"zameen-54843040","source":"Zameen","confidenceScore":100,"confidenceBand":"High","isOutlier":false,"title":"One kanal plot for sale","propertyGroup":"plot","location":"Bahria Enclave - Sector F, Bahria Enclave","neighborhood":"Bahria Town","pricePkr":44900000,"pricePerSqft":9977.78,"pricePerMarla":2245000.0,"areaSqft":4500.0,"beds":null,"baths":null,"url":"https://www.zameen.com/Property/bahria_enclave_bahria_enclave_-_sector_f_one_kanal_plot_for_sale-54843040-11985-2.html"}},{"type":"Feature","geometry":{"type":"Point","coordinates":[72.78705868,33.68098931]},"properties":{"id":"zameen-54725234","source":"Zameen","confidenceScore":100,"confidenceBand":"High","isOutlier":false,"title":"7 Marla Prime Location Solid Land Plot B-17 Islamabad Block F plot nu 3781B","propertyGroup":"plot","location":"MPCHS - Block F, MPCHS - Multi Gardens","neighborhood":"B-17","pricePkr":12500000,"pricePerSqft":9920.63,"pricePerMarla":2232142.86,"areaSqft":1260.0,"beds":null,"baths":null,"url":"https://www.zameen.com/Property/mpchs_multi_gardens_mpchs_-_block_f_7_marla_prime_location_solid_land_plot_b-17_islamabad_block_f_plot_nu_3781b-54725234-8527-2.html"}},{"type":"Feature","geometry":{"type":"Point","coordinates":[73.24194062,33.69065954]},"properties":{"id":"zameen-54029174","source":"Zameen","confidenceScore":100,"confidenceBand":"High","isOutlier":false,"title":"Sector N Corner Prime Location Plot For Sale In Bahria Enclave Islamabad","propertyGroup":"plot","location":"Bahria Enclave - Sector N, Bahria Enclave","neighborhood":"Bahria Town","pricePkr":17800009,"pricePerSqft":9888.89,"pricePerMarla":2225001.12,"areaSqft":1800.0,"beds":null,"baths":null,"url":"https://www.zameen.com/Property/bahria_enclave_bahria_enclave_-_sector_n_sector_n_corner_prime_location_plot_for_sale_in_bahria_enclave_islamabad-54029174-11975-2.html"}},{"type":"Feature","geometry":{"type":"Point","coordinates":[73.24194062,33.69065954]},"properties":{"id":"zameen-54515066","source":"Zameen","confidenceScore":100,"confidenceBand":"High","isOutlier":false,"title":"Corner With Extra Land LOP Sector N 8 Marla Prime Location Plot For Sale In Bahria Enclave Islamabad","propertyGroup":"plot","location":"Bahria Enclave - Sector N, Bahria Enclave","neighborhood":"Bahria Town","pricePkr":17800000,"pricePerSqft":9888.89,"pricePerMarla":2225000.0,"areaSqft":1800.0,"beds":null,"baths":null,"url":"https://www.zameen.com/Property/bahria_enclave_bahria_enclave_-_sector_n_corner_with_extra_land_lop_sector_n_8_marla_prime_location_plot_for_sale_in_bahria_enclave_islamabad-54515066-11975-2.html"}},{"type":"Feature","geometry":{"type":"Point","coordinates":[73.24194062,33.69065954]},"properties":{"id":"zameen-54707972","source":"Zameen","confidenceScore":100,"confidenceBand":"High","isOutlier":false,"title":"Corner with extra land Prime location 8 Marla Plot For Sale In Sector N Bahria Enclave Islamabad","propertyGroup":"plot","location":"Bahria Enclave - Sector N, Bahria Enclave","neighborhood":"Bahria Town","pricePkr":17800000,"pricePerSqft":9888.89,"pricePerMarla":2225000.0,"areaSqft":1800.0,"beds":null,"baths":null,"url":"https://www.zameen.com/Property/bahria_enclave_bahria_enclave_-_sector_n_corner_with_extra_land_prime_location_8_marla_plot_for_sale_in_sector_n_bahria_enclave_islamabad-54707972-11975-2.html"}},{"type":"Feature","geometry":{"type":"Point","coordinates":[72.8320907,33.6829347]},"properties":{"id":"zameen-54843290","source":"Zameen","confidenceScore":100,"confidenceBand":"High","isOutlier":false,"title":"PRIME LOCATION","propertyGroup":"plot","location":"MPCHS - Block B, MPCHS - Multi Gardens","neighborhood":"B-17","pricePkr":44500000,"pricePerSqft":9888.89,"pricePerMarla":2225000.0,"areaSqft":4500.0,"beds":null,"baths":null,"url":"https://www.zameen.com/Property/mpchs_multi_gardens_mpchs_-_block_b_prime_location-54843290-3117-2.html"}},{"type":"Feature","geometry":{"type":"Point","coordinates":[73.218813,33.692638]},"properties":{"id":"zameen-54822828","source":"Zameen","confidenceScore":100,"confidenceBand":"High","isOutlier":false,"title":"2-Bed Apartment for Sale in Sector B, Bahria Enclave | 1,113 Sq. Ft. | Park Facing","propertyGroup":"apartment","location":"Bahria Enclave, Bahria Town","neighborhood":"Bahria Town","pricePkr":11000000,"pricePerSqft":9883.2,"pricePerMarla":2223719.68,"areaSqft":1113.0,"beds":2,"baths":2,"url":"https://www.zameen.com/Property/bahria_town_bahria_enclave_2-bed_apartment_for_sale_in_sector_b_bahria_enclave_1_113_sq_ft_park_facing-54822828-1705-1.html"}},{"type":"Feature","geometry":{"type":"Point","coordinates":[73.246622,33.6838192]},"properties":{"id":"zameen-53116592","source":"Zameen","confidenceScore":100,"confidenceBand":"High","isOutlier":false,"title":"Plot For Sale In Sector H Bahria Enclave Islamabad","propertyGroup":"plot","location":"Bahria Enclave - Sector H, Bahria Enclave","neighborhood":"Bahria Town","pricePkr":11000000,"pricePerSqft":9777.78,"pricePerMarla":2200000.0,"areaSqft":1125.0,"beds":null,"baths":null,"url":"https://www.zameen.com/Property/bahria_enclave_bahria_enclave_-_sector_h_plot_for_sale_in_sector_h_bahria_enclave_islamabad-53116592-11983-2.html"}},{"type":"Feature","geometry":{"type":"Point","coordinates":[73.24532,33.495884]},"properties":{"id":"zameen-53287704","source":"Zameen","confidenceScore":100,"confidenceBand":"High","isOutlier":false,"title":"5 Marla Home For Sale Oleander Block B","propertyGroup":"house","location":"DHA Valley, DHA Defence","neighborhood":"DHA Defence","pricePkr":11000000,"pricePerSqft":9777.78,"pricePerMarla":2200000.0,"areaSqft":1125.0,"beds":2,"baths":2,"url":"https://www.zameen.com/Property/dha_defence_dha_valley_5_marla_home_for_sale_oleander_block_b-53287704-1333-1.html"}},{"type":"Feature","geometry":{"type":"Point","coordinates":[73.1889129,33.48432489]},"properties":{"id":"zameen-53990317","source":"Zameen","confidenceScore":100,"confidenceBand":"High","isOutlier":false,"title":"Street 41 Marla Solid Land Plot For Sale In DHA Ph 3 Sector B, Islamabad","propertyGroup":"plot","location":"DHA Phase 3 - Block B, DHA Defence Phase 3","neighborhood":"DHA Defence","pricePkr":11000000,"pricePerSqft":9777.78,"pricePerMarla":2200000.0,"areaSqft":1125.0,"beds":null,"baths":null,"url":"https://www.zameen.com/Property/dha_defence_phase_3_dha_phase_3_-_block_b_street_41_marla_solid_land_plot_for_sale_in_dha_ph_3_sector_b_islamabad-53990317-16227-2.html"}},{"type":"Feature","geometry":{"type":"Point","coordinates":[73.28273507,33.48693412]},"properties":{"id":"zameen-54133049","source":"Zameen","confidenceScore":100,"confidenceBand":"High","isOutlier":false,"title":"5 Marla House For Sale","propertyGroup":"house","location":"Oleander Sector - DHA Homes, DHA Valley - Oleander Sector","neighborhood":"DHA Defence","pricePkr":11000000,"pricePerSqft":9777.78,"pricePerMarla":2200000.0,"areaSqft":1125.0,"beds":2,"baths":2,"url":"https://www.zameen.com/Property/dha_valley_oleander_sector_oleander_sector_-_dha_homes_5_marla_house_for_sale-54133049-16825-1.html"}},{"type":"Feature","geometry":{"type":"Point","coordinates":[73.162236,33.603325]},"properties":{"id":"zameen-54317384","source":"Zameen","confidenceScore":96,"confidenceBand":"High","isOutlier":false,"title":"B Greens 5 Marla Plot Available on 1 Year Installment","propertyGroup":"plot","location":"Gulberg Greens - Block B, Gulberg Greens","neighborhood":"Gulberg","pricePkr":11000000,"pricePerSqft":9777.78,"pricePerMarla":2200000.0,"areaSqft":1125.0,"beds":null,"baths":null,"url":"https://www.zameen.com/Property/gulberg_greens_gulberg_greens_-_block_b_b_greens_5_marla_plot_available_on_1_year_installment-54317384-8314-2.html"}},{"type":"Feature","geometry":{"type":"Point","coordinates":[73.22304198,33.68552911]},"properties":{"id":"zameen-54579458","source":"Zameen","confidenceScore":100,"confidenceBand":"High","isOutlier":false,"title":"Sector C1 10 Marla Street 16 Heighted Location Sun Facing Solid Land Possession Utility Charges Paid Plot For Sale","propertyGroup":"plot","location":"Bahria Enclave - Sector C1, Bahria Enclave","neighborhood":"Bahria Town","pricePkr":22000000,"pricePerSqft":9777.78,"pricePerMarla":2200000.0,"areaSqft":2250.0,"beds":null,"baths":null,"url":"https://www.zameen.com/Property/bahria_enclave_bahria_enclave_-_sector_c1_sector_c1_10_marla_street_16_heighted_location_sun_facing_solid_land_possession_utility_charges_paid_plot_for_sale-54579458-11987-2.html"}},{"type":"Feature","geometry":{"type":"Point","coordinates":[73.2152414,33.72458]},"properties":{"id":"zameen-54716240","source":"Zameen","confidenceScore":100,"confidenceBand":"High","isOutlier":false,"title":"Plot For Sale","propertyGroup":"plot","location":"Park View - Block F, Park View City","neighborhood":"Park View City","pricePkr":11000000,"pricePerSqft":9777.78,"pricePerMarla":2200000.0,"areaSqft":1125.0,"beds":null,"baths":null,"url":"https://www.zameen.com/Property/park_view_city_park_view_-_block_f_plot_for_sale-54716240-16866-2.html"}},{"type":"Feature","geometry":{"type":"Point","coordinates":[73.24532,33.495884]},"properties":{"id":"zameen-54783868","source":"Zameen","confidenceScore":100,"confidenceBand":"High","isOutlier":false,"title":"Oleander Block B 5 Marla Houes For Sale","propertyGroup":"house","location":"DHA Valley, DHA Defence","neighborhood":"DHA Defence","pricePkr":11000000,"pricePerSqft":9777.78,"pricePerMarla":2200000.0,"areaSqft":1125.0,"beds":2,"baths":2,"url":"https://www.zameen.com/Property/dha_defence_dha_valley_oleander_block_b_5_marla_houes_for_sale-54783868-1333-1.html"}},{"type":"Feature","geometry":{"type":"Point","coordinates":[73.165545,33.672545]},"properties":{"id":"zameen-54838652","source":"Zameen","confidenceScore":100,"confidenceBand":"High","isOutlier":false,"title":"1 Kanal Park-Facing Plot For Sale Park Enclave Phase-I","propertyGroup":"plot","location":"Park Enclave 1, Park Enclave","neighborhood":"Park Enclave","pricePkr":44000000,"pricePerSqft":9777.78,"pricePerMarla":2200000.0,"areaSqft":4500.0,"beds":null,"baths":null,"url":"https://www.zameen.com/Property/park_enclave_park_enclave_1_1_kanal_park-facing_plot_for_sale_park_enclave_phase-i-54838652-17148-2.html"}},{"type":"Feature","geometry":{"type":"Point","coordinates":[72.78705868,33.68098931]},"properties":{"id":"zameen-54841500","source":"Zameen","confidenceScore":96,"confidenceBand":"High","isOutlier":false,"title":"B-17 Multi Garden Islamabad F block 5 Marla","propertyGroup":"plot","location":"MPCHS - Block F, MPCHS - Multi Gardens","neighborhood":"B-17","pricePkr":11000000,"pricePerSqft":9777.78,"pricePerMarla":2200000.0,"areaSqft":1125.0,"beds":null,"baths":null,"url":"https://www.zameen.com/Property/mpchs_multi_gardens_mpchs_-_block_f_b-17_multi_garden_islamabad_f_block_5_marla-54841500-8527-2.html"}},{"type":"Feature","geometry":{"type":"Point","coordinates":[73.2122455,33.7170287]},"properties":{"id":"zameen-54843639","source":"Zameen","confidenceScore":96,"confidenceBand":"High","isOutlier":false,"title":"05 Marla Sec H","propertyGroup":"plot","location":"Park View - Block H, Park View City","neighborhood":"Park View City","pricePkr":11000000,"pricePerSqft":9777.78,"pricePerMarla":2200000.0,"areaSqft":1125.0,"beds":null,"baths":null,"url":"https://www.zameen.com/Property/park_view_city_park_view_-_block_h_05_marla_sec_h-54843639-16868-2.html"}},{"type":"Feature","geometry":{"type":"Point","coordinates":[72.978215,33.698137]},"properties":{"id":"zameen-52455793","source":"Zameen","confidenceScore":100,"confidenceBand":"High","isOutlier":false,"title":"Beautiful 4Bed Apartment Available For Sale E-11","propertyGroup":"apartment","location":"E-11, Islamabad","neighborhood":"E-11","pricePkr":16000000,"pricePerSqft":9696.97,"pricePerMarla":2181818.18,"areaSqft":1650.0,"beds":4,"baths":4,"url":"https://www.zameen.com/Property/islamabad_e-11_beautiful_4bed_apartment_available_for_sale_e-11-52455793-329-1.html"}},{"type":"Feature","geometry":{"type":"Point","coordinates":[73.002419,33.629628]},"properties":{"id":"zameen-54843721","source":"Zameen","confidenceScore":100,"confidenceBand":"High","isOutlier":false,"title":"PHA i12 D-Type Apartment For Sale","propertyGroup":"house","location":"I-12, Islamabad","neighborhood":"I-12","pricePkr":8420000,"pricePerSqft":9595.44,"pricePerMarla":2158974.36,"areaSqft":877.5,"beds":2,"baths":2,"url":"https://www.zameen.com/Property/islamabad_i-12_pha_i12_d-type_apartment_for_sale-54843721-1418-1.html"}},{"type":"Feature","geometry":{"type":"Point","coordinates":[73.2447346,33.6801377]},"properties":{"id":"zameen-54494313","source":"Zameen","confidenceScore":100,"confidenceBand":"High","isOutlier":false,"title":"Sector G 8 Marla Boulevard Plot For Sale in Bahria Enclave Islamabad","propertyGroup":"plot","location":"Bahria Enclave - Sector G, Bahria Enclave","neighborhood":"Bahria Town","pricePkr":17200000,"pricePerSqft":9555.56,"pricePerMarla":2150000.0,"areaSqft":1800.0,"beds":null,"baths":null,"url":"https://www.zameen.com/Property/bahria_enclave_bahria_enclave_-_sector_g_sector_g_8_marla_boulevard_plot_for_sale_in_bahria_enclave_islamabad-54494313-11984-2.html"}},{"type":"Feature","geometry":{"type":"Point","coordinates":[73.087368,33.533745]},"properties":{"id":"zameen-54566049","source":"Zameen","confidenceScore":96,"confidenceBand":"High","isOutlier":false,"title":"South Face Solid Land Right Side Open Plot For Sale Dha Phase 1 Sector C","propertyGroup":"plot","location":"DHA Phase 1 - Sector C, DHA Defence Phase 1","neighborhood":"DHA Defence","pricePkr":42500000,"pricePerSqft":9444.44,"pricePerMarla":2125000.0,"areaSqft":4500.0,"beds":null,"baths":null,"url":"https://www.zameen.com/Property/dha_defence_phase_1_dha_phase_1_-_sector_c_south_face_solid_land_right_side_open_plot_for_sale_dha_phase_1_sector_c-54566049-3191-2.html"}},{"type":"Feature","geometry":{"type":"Point","coordinates":[73.092003,33.542651]},"properties":{"id":"zameen-54584063","source":"Zameen","confidenceScore":96,"confidenceBand":"High","isOutlier":false,"title":"Boulevard Back Plot For Sale Dha Phase 1 Sector B With Big Front Near APS School / Masjid / Commercial","propertyGroup":"plot","location":"DHA Phase 1 - Sector B, DHA Defence Phase 1","neighborhood":"DHA Defence","pricePkr":42500000,"pricePerSqft":9444.44,"pricePerMarla":2125000.0,"areaSqft":4500.0,"beds":null,"baths":null,"url":"https://www.zameen.com/Property/dha_defence_phase_1_dha_phase_1_-_sector_b_boulevard_back_plot_for_sale_dha_phase_1_sector_b_with_big_front_near_aps_school_masjid_commercial-54584063-3190-2.html"}},{"type":"Feature","geometry":{"type":"Point","coordinates":[73.209708,33.536065]},"properties":{"id":"zameen-54843361","source":"Zameen","confidenceScore":100,"confidenceBand":"High","isOutlier":false,"title":"DHA Phase 5 Sector C street no 2","propertyGroup":"plot","location":"DHA Phase 5 - Sector C, DHA Defence Phase 5","neighborhood":"DHA Defence","pricePkr":42500000,"pricePerSqft":9444.44,"pricePerMarla":2125000.0,"areaSqft":4500.0,"beds":null,"baths":null,"url":"https://www.zameen.com/Property/dha_defence_phase_5_dha_phase_5_-_sector_c_dha_phase_5_sector_c_street_no_2-54843361-8402-2.html"}},{"type":"Feature","geometry":{"type":"Point","coordinates":[72.981134,33.697539]},"properties":{"id":"graana-1545849","source":"Graana","confidenceScore":88,"confidenceBand":"High","isOutlier":false,"title":"1500 Ft\u00b2 Flat for Sale","propertyGroup":"apartment","location":"E-11, Islamabad","neighborhood":"E-11","pricePkr":14000000,"pricePerSqft":9333.33,"pricePerMarla":2100000.0,"areaSqft":1500.0,"beds":3,"baths":3,"url":"https://www.graana.com/property/1545849"}},{"type":"Feature","geometry":{"type":"Point","coordinates":[73.150706,33.510878]},"properties":{"id":"zameen-49058628","source":"Zameen","confidenceScore":100,"confidenceBand":"High","isOutlier":false,"title":"10 Marla Plot For Sale sector C Zaraj Housing Society Islamabad","propertyGroup":"plot","location":"Zaraj Scheme - Sector C, Zaraj Housing Scheme","neighborhood":"Zaraj Housing Scheme","pricePkr":21000000,"pricePerSqft":9333.33,"pricePerMarla":2100000.0,"areaSqft":2250.0,"beds":null,"baths":null,"url":"https://www.zameen.com/Property/zaraj_housing_scheme_zaraj_scheme_-_sector_c_10_marla_plot_for_sale_sector_c_zaraj_housing_society_islamabad-49058628-3512-2.html"}},{"type":"Feature","geometry":{"type":"Point","coordinates":[73.260784,33.503542]},"properties":{"id":"zameen-52247143","source":"Zameen","confidenceScore":100,"confidenceBand":"High","isOutlier":false,"title":"5 Marla With Extra Land Brand New Home Top Heighted","propertyGroup":"house","location":"DHA Valley - Oleander Sector, DHA Valley","neighborhood":"DHA Defence","pricePkr":10500000,"pricePerSqft":9333.33,"pricePerMarla":2100000.0,"areaSqft":1125.0,"beds":2,"baths":2,"url":"https://www.zameen.com/Property/dha_valley_dha_valley_-_oleander_sector_5_marla_with_extra_land_brand_new_home_top_heighted-52247143-3213-1.html"}},{"type":"Feature","geometry":{"type":"Point","coordinates":[72.852220539,33.584878799]},"properties":{"id":"zameen-54098872","source":"Zameen","confidenceScore":100,"confidenceBand":"High","isOutlier":false,"title":"A Good Location Plot In Mumtaz City","propertyGroup":"plot","location":"Mumtaz City, Islamabad","neighborhood":"Mumtaz City","pricePkr":10500000,"pricePerSqft":9333.33,"pricePerMarla":2100000.0,"areaSqft":1125.0,"beds":null,"baths":null,"url":"https://www.zameen.com/Property/islamabad_mumtaz_city_a_good_location_plot_in_mumtaz_city-54098872-3464-2.html"}},{"type":"Feature","geometry":{"type":"Point","coordinates":[72.957788,33.601824]},"properties":{"id":"zameen-54613099","source":"Zameen","confidenceScore":96,"confidenceBand":"High","isOutlier":false,"title":"5 Marla Plot For Sale In Islamabad CDA Sector I15","propertyGroup":"plot","location":"I-15/4, I-15","neighborhood":"I-15","pricePkr":10500000,"pricePerSqft":9333.33,"pricePerMarla":2100000.0,"areaSqft":1125.0,"beds":null,"baths":null,"url":"https://www.zameen.com/Property/i_15_i-15_4_5_marla_plot_for_sale_in_islamabad_cda_sector_i15-54613099-8265-2.html"}},{"type":"Feature","geometry":{"type":"Point","coordinates":[72.965072629,33.602382911]},"properties":{"id":"zameen-54829838","source":"Zameen","confidenceScore":96,"confidenceBand":"High","isOutlier":false,"title":"I-14/1 Szie 5 Marla Plot For Sale","propertyGroup":"plot","location":"I-14/1, I-14","neighborhood":"I-14","pricePkr":10500000,"pricePerSqft":9333.33,"pricePerMarla":2100000.0,"areaSqft":1125.0,"beds":null,"baths":null,"url":"https://www.zameen.com/Property/i_14_i-14_1_i-14_1_szie_5_marla_plot_for_sale-54829838-8340-2.html"}},{"type":"Feature","geometry":{"type":"Point","coordinates":[73.222102,33.676618]},"properties":{"id":"zameen-54831057","source":"Zameen","confidenceScore":100,"confidenceBand":"High","isOutlier":false,"title":"10 Marla Boulevard (LOP) Plot In Sector C1-Ext Bahria Enclave Islamabad","propertyGroup":"plot","location":"Bahria Enclave - Sector C1 Extension, Bahria Enclave","neighborhood":"Bahria Town","pricePkr":21000000,"pricePerSqft":9333.33,"pricePerMarla":2100000.0,"areaSqft":2250.0,"beds":null,"baths":null,"url":"https://www.zameen.com/Property/bahria_enclave_bahria_enclave_-_sector_c1_extension_10_marla_boulevard_lop_plot_in_sector_c1-ext_bahria_enclave_islamabad-54831057-20394-2.html"}},{"type":"Feature","geometry":{"type":"Point","coordinates":[73.166542,33.536816]},"properties":{"id":"zameen-54837301","source":"Zameen","confidenceScore":100,"confidenceBand":"High","isOutlier":false,"title":"Signature Properties Offer Beautiful Plot Sector D DHA Phase 2 Islamabad","propertyGroup":"plot","location":"DHA Phase 2 - Sector D, DHA Defence Phase 2","neighborhood":"DHA Defence","pricePkr":42000000,"pricePerSqft":9333.33,"pricePerMarla":2100000.0,"areaSqft":4500.0,"beds":null,"baths":null,"url":"https://www.zameen.com/Property/dha_defence_phase_2_dha_phase_2_-_sector_d_signature_properties_offer_beautiful_plot_sector_d_dha_phase_2_islamabad-54837301-3199-2.html"}},{"type":"Feature","geometry":{"type":"Point","coordinates":[73.2530484,33.6805168]},"properties":{"id":"zameen-54843593","source":"Zameen","confidenceScore":100,"confidenceBand":"High","isOutlier":false,"title":"Bahria Enclave Islamabad","propertyGroup":"plot","location":"Bahria Enclave - Sector I, Bahria Enclave","neighborhood":"Bahria Town","pricePkr":10500000,"pricePerSqft":9333.33,"pricePerMarla":2100000.0,"areaSqft":1125.0,"beds":null,"baths":null,"url":"https://www.zameen.com/Property/bahria_enclave_bahria_enclave_-_sector_i_bahria_enclave_islamabad-54843593-11982-2.html"}},{"type":"Feature","geometry":{"type":"Point","coordinates":[72.854621,33.582985]},"properties":{"id":"zameen-53900159","source":"Zameen","confidenceScore":100,"confidenceBand":"High","isOutlier":false,"title":"A Prime Location Plot For Sale In Ravi Block Mumtaz City","propertyGroup":"plot","location":"Mumtaz City - Ravi Block, Mumtaz City","neighborhood":"Mumtaz City","pricePkr":12500000,"pricePerSqft":9259.26,"pricePerMarla":2083333.33,"areaSqft":1350.0,"beds":null,"baths":null,"url":"https://www.zameen.com/Property/mumtaz_city_mumtaz_city_-_ravi_block_a_prime_location_plot_for_sale_in_ravi_block_mumtaz_city-53900159-14996-2.html"}},{"type":"Feature","geometry":{"type":"Point","coordinates":[72.85462096,33.58298503]},"properties":{"id":"zameen-54813550","source":"Zameen","confidenceScore":100,"confidenceBand":"High","isOutlier":false,"title":"6 Marla Residential Plot Situated In Mumtaz City - Ravi Block For sale","propertyGroup":"plot","location":"Mumtaz City - Ravi Block, Mumtaz City","neighborhood":"Mumtaz City","pricePkr":12500000,"pricePerSqft":9259.26,"pricePerMarla":2083333.33,"areaSqft":1350.0,"beds":null,"baths":null,"url":"https://www.zameen.com/Property/mumtaz_city_mumtaz_city_-_ravi_block_6_marla_residential_plot_situated_in_mumtaz_city_-_ravi_block_for_sale-54813550-14996-2.html"}},{"type":"Feature","geometry":{"type":"Point","coordinates":[73.180947,33.60983]},"properties":{"id":"zameen-54801984","source":"Zameen","confidenceScore":100,"confidenceBand":"High","isOutlier":false,"title":"GEVORA INTERNATIONAL MALL AND RESIDENCIES | BEST RENTAL RETURNS | CDA APPROVED FLAT FOR SALE","propertyGroup":"apartment","location":"Gulberg Greens - Block E, Gulberg Greens","neighborhood":"Gulberg","pricePkr":7400000,"pricePerSqft":9203.98,"pricePerMarla":2070895.52,"areaSqft":804.0,"beds":1,"baths":7,"url":"https://www.zameen.com/Property/gulberg_greens_gulberg_greens_-_block_e_gevora_international_mall_and_residencies_best_rental_returns_cda_approved_flat_for_sale-54801984-8317-1.html"}},{"type":"Feature","geometry":{"type":"Point","coordinates":[72.935607,33.598499]},"properties":{"id":"zameen-54831625","source":"Zameen","confidenceScore":100,"confidenceBand":"High","isOutlier":false,"title":"B Type 3 Bed Apartment With Servant Room 3rd Floor Available For Sale","propertyGroup":"apartment","location":"I-16/3, I-16","neighborhood":"I-16","pricePkr":13300000,"pricePerSqft":9172.41,"pricePerMarla":2063793.1,"areaSqft":1450.0,"beds":3,"baths":4,"url":"https://www.zameen.com/Property/i_16_i-16_3_b_type_3_bed_apartment_with_servant_room_3rd_floor_available_for_sale-54831625-3437-1.html"}},{"type":"Feature","geometry":{"type":"Point","coordinates":[73.164386261932,33.657203733531]},"properties":{"id":"zameen-54843626","source":"Zameen","confidenceScore":100,"confidenceBand":"High","isOutlier":false,"title":"50/90 (1 Kanal) Plot Available For sale In C Block","propertyGroup":"plot","location":"Margalla Orchard, Islamabad","neighborhood":"Margalla Orchard","pricePkr":41000000,"pricePerSqft":9111.11,"pricePerMarla":2050000.0,"areaSqft":4500.0,"beds":null,"baths":null,"url":"https://www.zameen.com/Property/islamabad_margalla_orchard_50_90_1_kanal_plot_available_for_sale_in_c_block-54843626-21948-2.html"}},{"type":"Feature","geometry":{"type":"Point","coordinates":[73.29725563,33.49125865]},"properties":{"id":"zameen-51894758","source":"Zameen","confidenceScore":100,"confidenceBand":"High","isOutlier":false,"title":"5 Marla House For Sale Dead End Corner","propertyGroup":"house","location":"Lilly Sector - DHA Homes, DHA Valley - Lilly Sector","neighborhood":"DHA Defence","pricePkr":10200000,"pricePerSqft":9066.67,"pricePerMarla":2040000.0,"areaSqft":1125.0,"beds":2,"baths":2,"url":"https://www.zameen.com/Property/dha_valley_lilly_sector_lilly_sector_-_dha_homes_5_marla_house_for_sale_dead_end_corner-51894758-16826-1.html"}},{"type":"Feature","geometry":{"type":"Point","coordinates":[72.935607,33.598499]},"properties":{"id":"zameen-54339161","source":"Zameen","confidenceScore":100,"confidenceBand":"High","isOutlier":false,"title":"PHA 3 Bed 1500 Square Feet Apartment I-16/3 For Sale","propertyGroup":"apartment","location":"I-16/3, I-16","neighborhood":"I-16","pricePkr":13500000,"pricePerSqft":9000.0,"pricePerMarla":2025000.0,"areaSqft":1500.0,"beds":3,"baths":3,"url":"https://www.zameen.com/Property/i_16_i-16_3_pha_3_bed_1500_square_feet_apartment_i-16_3_for_sale-54339161-3437-1.html"}},{"type":"Feature","geometry":{"type":"Point","coordinates":[73.28224535,33.48457596]},"properties":{"id":"zameen-50537130","source":"Zameen","confidenceScore":100,"confidenceBand":"High","isOutlier":false,"title":"Reserve A Corner House Of 5 Marla Now In Oleander Sector - Block B","propertyGroup":"house","location":"Oleander Sector - Block B, DHA Valley - Oleander Sector","neighborhood":"DHA Defence","pricePkr":10000000,"pricePerSqft":8888.89,"pricePerMarla":2000000.0,"areaSqft":1125.0,"beds":2,"baths":2,"url":"https://www.zameen.com/Property/dha_valley_oleander_sector_oleander_sector_-_block_b_reserve_a_corner_house_of_5_marla_now_in_oleander_sector_-_block_b-50537130-16477-1.html"}},{"type":"Feature","geometry":{"type":"Point","coordinates":[73.212054,33.595407]},"properties":{"id":"zameen-53863740","source":"Zameen","confidenceScore":100,"confidenceBand":"High","isOutlier":false,"title":"5 Marla Developed Plot In J Block Of Gulberg Islamabad","propertyGroup":"plot","location":"Gulberg Residencia - Block J, Gulberg Residencia","neighborhood":"Gulberg","pricePkr":10000000,"pricePerSqft":8888.89,"pricePerMarla":2000000.0,"areaSqft":1125.0,"beds":null,"baths":null,"url":"https://www.zameen.com/Property/gulberg_residencia_gulberg_residencia_-_block_j_5_marla_developed_plot_in_j_block_of_gulberg_islamabad-53863740-9120-2.html"}},{"type":"Feature","geometry":{"type":"Point","coordinates":[72.926595,33.594496]},"properties":{"id":"zameen-54543805","source":"Zameen","confidenceScore":96,"confidenceBand":"High","isOutlier":false,"title":"Prime 3060 Sun-Facing Plot In I-16/2 Ideal For Living & Investment","propertyGroup":"plot","location":"I-16/2, I-16","neighborhood":"I-16","pricePkr":14000000,"pricePerSqft":8888.89,"pricePerMarla":2000000.0,"areaSqft":1575.0,"beds":null,"baths":null,"url":"https://www.zameen.com/Property/i_16_i-16_2_prime_3060_sun-facing_plot_in_i-16_2_ideal_for_living_investment-54543805-3436-2.html"}},{"type":"Feature","geometry":{"type":"Point","coordinates":[73.256804,33.6956225]},"properties":{"id":"zameen-54766425","source":"Zameen","confidenceScore":100,"confidenceBand":"High","isOutlier":false,"title":"10 Marla Solid Land Plot for Sale | Sector M, Bahria Enclave Islamabad | Possession, Utilities & Map Charges Paid | Margalla Facing","propertyGroup":"plot","location":"Bahria Enclave - Sector M, Bahria Enclave","neighborhood":"Bahria Town","pricePkr":20000000,"pricePerSqft":8888.89,"pricePerMarla":2000000.0,"areaSqft":2250.0,"beds":null,"baths":null,"url":"https://www.zameen.com/Property/bahria_enclave_bahria_enclave_-_sector_m_10_marla_solid_land_plot_for_sale_sector_m_bahria_enclave_islamabad_possession_utilities_map_charges_paid_margalla_facing-54766425-11977-2.html"}},{"type":"Feature","geometry":{"type":"Point","coordinates":[73.190825,33.53585]},"properties":{"id":"zameen-54791757","source":"Zameen","confidenceScore":100,"confidenceBand":"High","isOutlier":false,"title":"DHA Phase 5 ISB SECTOR B Kanal Plot Available For Sale Good Location Lavel Solid Land Plot South Face.","propertyGroup":"plot","location":"DHA Phase 5 - Sector A, DHA Defence Phase 5","neighborhood":"DHA Defence","pricePkr":40000000,"pricePerSqft":8888.89,"pricePerMarla":2000000.0,"areaSqft":4500.0,"beds":null,"baths":null,"url":"https://www.zameen.com/Property/dha_defence_phase_5_dha_phase_5_-_sector_a_dha_phase_5_isb_sector_b_kanal_plot_available_for_sale_good_location_lavel_solid_land_plot_south_face-54791757-8400-2.html"}},{"type":"Feature","geometry":{"type":"Point","coordinates":[73.170133,33.60983]},"properties":{"id":"zameen-54797126","source":"Zameen","confidenceScore":100,"confidenceBand":"High","isOutlier":false,"title":"5 Marla Plot For Sale In B Greens Gulberg Islamabad | Easy Installments | Prime Location","propertyGroup":"plot","location":"Gulberg Greens, Gulberg","neighborhood":"Gulberg","pricePkr":10000000,"pricePerSqft":8888.89,"pricePerMarla":2000000.0,"areaSqft":1125.0,"beds":null,"baths":null,"url":"https://www.zameen.com/Property/gulberg_gulberg_greens_5_marla_plot_for_sale_in_b_greens_gulberg_islamabad_easy_installments_prime_location-54797126-8312-2.html"}},{"type":"Feature","geometry":{"type":"Point","coordinates":[72.78705868,33.68098931]},"properties":{"id":"zameen-54843309","source":"Zameen","confidenceScore":100,"confidenceBand":"High","isOutlier":false,"title":"CHANCE DEAL","propertyGroup":"plot","location":"MPCHS - Block F, MPCHS - Multi Gardens","neighborhood":"B-17","pricePkr":10000000,"pricePerSqft":8888.89,"pricePerMarla":2000000.0,"areaSqft":1125.0,"beds":null,"baths":null,"url":"https://www.zameen.com/Property/mpchs_multi_gardens_mpchs_-_block_f_chance_deal-54843309-8527-2.html"}},{"type":"Feature","geometry":{"type":"Point","coordinates":[73.18384333,33.48414731]},"properties":{"id":"zameen-54843408","source":"Zameen","confidenceScore":100,"confidenceBand":"High","isOutlier":false,"title":"Spacious Residential Plot Is Available For sale In Ideal Location Of DHA Defence Phase 3","propertyGroup":"plot","location":"DHA Defence Phase 3, DHA Defence","neighborhood":"DHA Defence","pricePkr":10000000,"pricePerSqft":8888.89,"pricePerMarla":2000000.0,"areaSqft":1125.0,"beds":null,"baths":null,"url":"https://www.zameen.com/Property/dha_defence_dha_defence_phase_3_spacious_residential_plot_is_available_for_sale_in_ideal_location_of_dha_defence_phase_3-54843408-8412-2.html"}},{"type":"Feature","geometry":{"type":"Point","coordinates":[73.069114,33.52336]},"properties":{"id":"zameen-54843460","source":"Zameen","confidenceScore":100,"confidenceBand":"High","isOutlier":false,"title":"DHA Phase 4 Sector D corner","propertyGroup":"plot","location":"DHA Phase 4 - Sector D, DHA Defence Phase 4","neighborhood":"DHA Defence","pricePkr":10000000,"pricePerSqft":8888.89,"pricePerMarla":2000000.0,"areaSqft":1125.0,"beds":null,"baths":null,"url":"https://www.zameen.com/Property/dha_defence_phase_4_dha_phase_4_-_sector_d_dha_phase_4_sector_d_corner-54843460-13959-2.html"}},{"type":"Feature","geometry":{"type":"Point","coordinates":[73.219124,33.648957]},"properties":{"id":"zameen-54820609","source":"Zameen","confidenceScore":100,"confidenceBand":"High","isOutlier":false,"title":"Beautiful 2 Bed House for Sale in Green Residencia, New Federal Town, Thanda Pani Walking Distance from Main Bazaar","propertyGroup":"house","location":"Thanda Pani, Islamabad","neighborhood":"Thanda Pani","pricePkr":5900000,"pricePerSqft":8740.74,"pricePerMarla":1966666.67,"areaSqft":675.0,"beds":2,"baths":2,"url":"https://www.zameen.com/Property/islamabad_thanda_pani_beautiful_2_bed_house_for_sale_in_green_residencia_new_federal_town_thanda_pani_walking_distance_from_main_bazaar-54820609-8538-1.html"}},{"type":"Feature","geometry":{"type":"Point","coordinates":[72.935607,33.598499]},"properties":{"id":"zameen-54649853","source":"Zameen","confidenceScore":100,"confidenceBand":"High","isOutlier":false,"title":"B Type 3 Bed Apartment with servant Room on First floor of PHA I- 16 for sale","propertyGroup":"apartment","location":"I-16/3, I-16","neighborhood":"I-16","pricePkr":13000000,"pricePerSqft":8689.84,"pricePerMarla":1955213.9,"areaSqft":1496.0,"beds":3,"baths":3,"url":"https://www.zameen.com/Property/i_16_i-16_3_b_type_3_bed_apartment_with_servant_room_on_first_floor_of_pha_i-_16_for_sale-54649853-3437-1.html"}},{"type":"Feature","geometry":{"type":"Point","coordinates":[73.2063823,33.6798888]},"properties":{"id":"zameen-54515104","source":"Zameen","confidenceScore":100,"confidenceBand":"High","isOutlier":false,"title":"Sector C3 Prime Location Plot For Sale In Bahria Enclave Islamabad","propertyGroup":"plot","location":"Bahria Enclave - Sector C3, Bahria Enclave","neighborhood":"Bahria Town","pricePkr":19500000,"pricePerSqft":8666.67,"pricePerMarla":1950000.0,"areaSqft":2250.0,"beds":null,"baths":null,"url":"https://www.zameen.com/Property/bahria_enclave_bahria_enclave_-_sector_c3_sector_c3_prime_location_plot_for_sale_in_bahria_enclave_islamabad-54515104-11989-2.html"}},{"type":"Feature","geometry":{"type":"Point","coordinates":[73.100845,33.524809]},"properties":{"id":"zameen-54584419","source":"Zameen","confidenceScore":96,"confidenceBand":"High","isOutlier":false,"title":"Level Solid Land Plot For Dha Phase 1 Sector E","propertyGroup":"plot","location":"DHA Phase 1 - Sector E, DHA Defence Phase 1","neighborhood":"DHA Defence","pricePkr":39000000,"pricePerSqft":8666.67,"pricePerMarla":1950000.0,"areaSqft":4500.0,"beds":null,"baths":null,"url":"https://www.zameen.com/Property/dha_defence_phase_1_dha_phase_1_-_sector_e_level_solid_land_plot_for_dha_phase_1_sector_e-54584419-3193-2.html"}},{"type":"Feature","geometry":{"type":"Point","coordinates":[73.085255,33.532736]},"properties":{"id":"zameen-54703814","source":"Zameen","confidenceScore":96,"confidenceBand":"High","isOutlier":false,"title":"South Face Top Height Solid Land Plot For Dha Phase 1 Sector C Back Open","propertyGroup":"plot","location":"DHA Phase 1 - Sector C, DHA Defence Phase 1","neighborhood":"DHA Defence","pricePkr":39000000,"pricePerSqft":8666.67,"pricePerMarla":1950000.0,"areaSqft":4500.0,"beds":null,"baths":null,"url":"https://www.zameen.com/Property/dha_defence_phase_1_dha_phase_1_-_sector_c_south_face_top_height_solid_land_plot_for_dha_phase_1_sector_c_back_open-54703814-3191-2.html"}},{"type":"Feature","geometry":{"type":"Point","coordinates":[73.22627464,33.53167751]},"properties":{"id":"zameen-54737278","source":"Zameen","confidenceScore":96,"confidenceBand":"High","isOutlier":false,"title":"Kanal Plot Available For Sale In DHA 5","propertyGroup":"plot","location":"DHA Phase 5 - Sector H, DHA Defence Phase 5","neighborhood":"DHA Defence","pricePkr":39000000,"pricePerSqft":8666.67,"pricePerMarla":1950000.0,"areaSqft":4500.0,"beds":null,"baths":null,"url":"https://www.zameen.com/Property/dha_defence_phase_5_dha_phase_5_-_sector_h_kanal_plot_available_for_sale_in_dha_5-54737278-11869-2.html"}},{"type":"Feature","geometry":{"type":"Point","coordinates":[73.190825,33.53585]},"properties":{"id":"zameen-54763014","source":"Zameen","confidenceScore":100,"confidenceBand":"High","isOutlier":false,"title":"DHA Phase 5 ISB SECTOR A Kanal Plot Available For Sale Good Location Lavel Solid Land Plot South Face. Easy Access To Express Way Islamabad","propertyGroup":"plot","location":"DHA Phase 5 - Sector A, DHA Defence Phase 5","neighborhood":"DHA Defence","pricePkr":39000000,"pricePerSqft":8666.67,"pricePerMarla":1950000.0,"areaSqft":4500.0,"beds":null,"baths":null,"url":"https://www.zameen.com/Property/dha_defence_phase_5_dha_phase_5_-_sector_a_dha_phase_5_isb_sector_a_kanal_plot_available_for_sale_good_location_lavel_solid_land_plot_south_face_easy_access_to_express_way_islamabad-54763014-8400-2.html"}},{"type":"Feature","geometry":{"type":"Point","coordinates":[73.22304198,33.68552911]},"properties":{"id":"zameen-54843564","source":"Zameen","confidenceScore":100,"confidenceBand":"High","isOutlier":false,"title":"Plot For Sale In Sector C1 Main Boulevard Paid Open Form With Possession Best Location for Living In Bahria Enclave Islamabad","propertyGroup":"plot","location":"Bahria Enclave - Sector C1, Bahria Enclave","neighborhood":"Bahria Town","pricePkr":19500000,"pricePerSqft":8666.67,"pricePerMarla":1950000.0,"areaSqft":2250.0,"beds":null,"baths":null,"url":"https://www.zameen.com/Property/bahria_enclave_bahria_enclave_-_sector_c1_plot_for_sale_in_sector_c1_main_boulevard_paid_open_form_with_possession_best_location_for_living_in_bahria_enclave_islamabad-54843564-11987-2.html"}},{"type":"Feature","geometry":{"type":"Point","coordinates":[72.932882,33.593888]},"properties":{"id":"zameen-54748915","source":"Zameen","confidenceScore":100,"confidenceBand":"High","isOutlier":false,"title":"PLOT AVAILABLE FOR SALE IN I-16","propertyGroup":"plot","location":"I-16, Islamabad","neighborhood":"I-16","pricePkr":9700000,"pricePerSqft":8622.22,"pricePerMarla":1940000.0,"areaSqft":1125.0,"beds":null,"baths":null,"url":"https://www.zameen.com/Property/islamabad_i-16_plot_available_for_sale_in_i-16-54748915-449-2.html"}},{"type":"Feature","geometry":{"type":"Point","coordinates":[73.211644,33.689457]},"properties":{"id":"zameen-53557692","source":"Zameen","confidenceScore":100,"confidenceBand":"High","isOutlier":false,"title":"The Galleria 3 Bed Apartment 1695 Square Feet Brand New on 6th Floor Sun facing Available for Sale","propertyGroup":"apartment","location":"The Galleria, Bahria Enclave","neighborhood":"Bahria Town","pricePkr":14500000,"pricePerSqft":8554.57,"pricePerMarla":1924778.76,"areaSqft":1695.0,"beds":3,"baths":3,"url":"https://www.zameen.com/Property/bahria_enclave_the_galleria_the_galleria_3_bed_apartment_1695_square_feet_brand_new_on_6th_floor_sun_facing_available_for_sale-53557692-10002-1.html"}},{"type":"Feature","geometry":{"type":"Point","coordinates":[73.215499,33.517418]},"properties":{"id":"zameen-54843218","source":"Zameen","confidenceScore":100,"confidenceBand":"High","isOutlier":false,"title":"DHA phase 5 sector F1 cutting area plot","propertyGroup":"plot","location":"DHA Phase 5 - Sector F1, DHA Defence Phase 5","neighborhood":"DHA Defence","pricePkr":19200000,"pricePerSqft":8533.33,"pricePerMarla":1920000.0,"areaSqft":2250.0,"beds":null,"baths":null,"url":"https://www.zameen.com/Property/dha_defence_phase_5_dha_phase_5_-_sector_f1_dha_phase_5_sector_f1_cutting_area_plot-54843218-17402-2.html"}},{"type":"Feature","geometry":{"type":"Point","coordinates":[72.872307,33.609423]},"properties":{"id":"zameen-54825070","source":"Zameen","confidenceScore":100,"confidenceBand":"High","isOutlier":false,"title":"TWO BED APARTMENT (1300sft) (11FLOOR)FOR SALE IN THE GATE MALL BLOCK A FAISAL TOWN PHASE-1","propertyGroup":"apartment","location":"Faisal Town - F-18, Islamabad","neighborhood":"Faisal Town - F-18","pricePkr":11000000,"pricePerSqft":8461.54,"pricePerMarla":1903846.15,"areaSqft":1300.0,"beds":2,"baths":2,"url":"https://www.zameen.com/Property/islamabad_faisal_town_-_f-18_two_bed_apartment_1300sft_11floor_for_sale_in_the_gate_mall_block_a_faisal_town_phase-1-54825070-8260-1.html"}},{"type":"Feature","geometry":{"type":"Point","coordinates":[73.215615,33.695973]},"properties":{"id":"zameen-53282196","source":"Zameen","confidenceScore":100,"confidenceBand":"High","isOutlier":false,"title":"Sector A Prime Location Plot For Sale In Bahria Enclave Islamabad","propertyGroup":"plot","location":"Bahria Enclave - Sector A, Bahria Enclave","neighborhood":"Bahria Town","pricePkr":38000000,"pricePerSqft":8444.44,"pricePerMarla":1900000.0,"areaSqft":4500.0,"beds":null,"baths":null,"url":"https://www.zameen.com/Property/bahria_enclave_bahria_enclave_-_sector_a_sector_a_prime_location_plot_for_sale_in_bahria_enclave_islamabad-53282196-11970-2.html"}},{"type":"Feature","geometry":{"type":"Point","coordinates":[73.25680395,33.69562253]},"properties":{"id":"zameen-54515130","source":"Zameen","confidenceScore":100,"confidenceBand":"High","isOutlier":false,"title":"Sector M Prime Location Plot For Sale In Bahria Enclave Islamabad","propertyGroup":"plot","location":"Bahria Enclave - Sector M, Bahria Enclave","neighborhood":"Bahria Town","pricePkr":19000000,"pricePerSqft":8444.44,"pricePerMarla":1900000.0,"areaSqft":2250.0,"beds":null,"baths":null,"url":"https://www.zameen.com/Property/bahria_enclave_bahria_enclave_-_sector_m_sector_m_prime_location_plot_for_sale_in_bahria_enclave_islamabad-54515130-11977-2.html"}},{"type":"Feature","geometry":{"type":"Point","coordinates":[72.86154199,33.57976918]},"properties":{"id":"zameen-54686645","source":"Zameen","confidenceScore":100,"confidenceBand":"High","isOutlier":false,"title":"10 Marla Residential Plot In Top City 1 - Block A","propertyGroup":"plot","location":"Top City 1 - Block A, Top City 1","neighborhood":"Top City 1","pricePkr":19000000,"pricePerSqft":8444.44,"pricePerMarla":1900000.0,"areaSqft":2250.0,"beds":null,"baths":null,"url":"https://www.zameen.com/Property/top_city_1_top_city_1_-_block_a_10_marla_residential_plot_in_top_city_1_-_block_a-54686645-9231-2.html"}},{"type":"Feature","geometry":{"type":"Point","coordinates":[72.86725,33.587954]},"properties":{"id":"zameen-54701042","source":"Zameen","confidenceScore":100,"confidenceBand":"High","isOutlier":false,"title":"10 MARLA CORNOR PLOT FOR SALE D BLOCK TOPCITY","propertyGroup":"plot","location":"Top City 1, Islamabad","neighborhood":"Top City 1","pricePkr":19000000,"pricePerSqft":8444.44,"pricePerMarla":1900000.0,"areaSqft":2250.0,"beds":null,"baths":null,"url":"https://www.zameen.com/Property/islamabad_top_city_1_10_marla_cornor_plot_for_sale_d_block_topcity-54701042-1383-2.html"}},{"type":"Feature","geometry":{"type":"Point","coordinates":[73.188913,33.484325]},"properties":{"id":"zameen-54725413","source":"Zameen","confidenceScore":100,"confidenceBand":"High","isOutlier":false,"title":"9 Marla Plot For Sale In Street 37, Sector B, DHA Phase-3","propertyGroup":"plot","location":"DHA Phase 3 - Block B, DHA Defence Phase 3","neighborhood":"DHA Defence","pricePkr":15200000,"pricePerSqft":8444.44,"pricePerMarla":1900000.0,"areaSqft":1800.0,"beds":null,"baths":null,"url":"https://www.zameen.com/Property/dha_defence_phase_3_dha_phase_3_-_block_b_9_marla_plot_for_sale_in_street_37_sector_b_dha_phase-3-54725413-16227-2.html"}},{"type":"Feature","geometry":{"type":"Point","coordinates":[73.2097638,33.71196]},"properties":{"id":"zameen-54749727","source":"Zameen","confidenceScore":100,"confidenceBand":"High","isOutlier":false,"title":"A 5 Marla Residential Plot In Islamabad Is On The Market For Sale","propertyGroup":"plot","location":"Park View - Block J, Park View City","neighborhood":"Park View City","pricePkr":9500000,"pricePerSqft":8444.44,"pricePerMarla":1900000.0,"areaSqft":1125.0,"beds":null,"baths":null,"url":"https://www.zameen.com/Property/park_view_city_park_view_-_block_j_a_5_marla_residential_plot_in_islamabad_is_on_the_market_for_sale-54749727-16867-2.html"}},{"type":"Feature","geometry":{"type":"Point","coordinates":[73.192252,33.483676]},"properties":{"id":"zameen-54769821","source":"Zameen","confidenceScore":96,"confidenceBand":"High","isOutlier":false,"title":"DHA Phase 3 Sector K Street 9 Plot No 6 Soild Land Level Plot Possesion Plot For Sale","propertyGroup":"plot","location":"New Pindi Cooperative Housing Society, DHA Defence Phase 3","neighborhood":"DHA Defence","pricePkr":9500000,"pricePerSqft":8444.44,"pricePerMarla":1900000.0,"areaSqft":1125.0,"beds":null,"baths":null,"url":"https://www.zameen.com/Property/dha_defence_phase_3_new_pindi_cooperative_housing_society_dha_phase_3_sector_k_street_9_plot_no_6_soild_land_level_plot_possesion_plot_for_sale-54769821-16909-2.html"}},{"type":"Feature","geometry":{"type":"Point","coordinates":[72.946941,33.6057485]},"properties":{"id":"zameen-54835850","source":"Zameen","confidenceScore":100,"confidenceBand":"High","isOutlier":false,"title":"Corner Parkface Level Plot For Sale Sector I-15/2","propertyGroup":"plot","location":"I-15/2, I-15","neighborhood":"I-15","pricePkr":9500000,"pricePerSqft":8444.44,"pricePerMarla":1900000.0,"areaSqft":1125.0,"beds":null,"baths":null,"url":"https://www.zameen.com/Property/i_15_i-15_2_corner_parkface_level_plot_for_sale_sector_i-15_2-54835850-8263-2.html"}},{"type":"Feature","geometry":{"type":"Point","coordinates":[72.961093786619,33.600781628424]},"properties":{"id":"zameen-54835860","source":"Zameen","confidenceScore":100,"confidenceBand":"High","isOutlier":false,"title":"Top Location Plot For Sale Sector I-15/4 Street 41 Plot 4","propertyGroup":"plot","location":"I-15/4, I-15","neighborhood":"I-15","pricePkr":9500000,"pricePerSqft":8444.44,"pricePerMarla":1900000.0,"areaSqft":1125.0,"beds":null,"baths":null,"url":"https://www.zameen.com/Property/i_15_i-15_4_top_location_plot_for_sale_sector_i-15_4_street_41_plot_4-54835860-8265-2.html"}},{"type":"Feature","geometry":{"type":"Point","coordinates":[72.7930458,33.7181199]},"properties":{"id":"zameen-54842525","source":"Zameen","confidenceScore":100,"confidenceBand":"High","isOutlier":false,"title":"Faisal Hills A block corner plot available for sale","propertyGroup":"plot","location":"Faisal Hills - Block A, Faisal Hills","neighborhood":"Faisal Hills","pricePkr":9500000,"pricePerSqft":8444.44,"pricePerMarla":1900000.0,"areaSqft":1125.0,"beds":null,"baths":null,"url":"https://www.zameen.com/Property/faisal_hills_faisal_hills_-_block_a_faisal_hills_a_block_corner_plot_available_for_sale-54842525-12655-2.html"}},{"type":"Feature","geometry":{"type":"Point","coordinates":[73.069114,33.52336]},"properties":{"id":"zameen-54843483","source":"Zameen","confidenceScore":100,"confidenceBand":"High","isOutlier":false,"title":"5 Marla Prime Corner Plot For Sale in DHA Phase 4 The Crown Jewel!","propertyGroup":"plot","location":"DHA Phase 4 - Sector D, DHA Defence Phase 4","neighborhood":"DHA Defence","pricePkr":9500000,"pricePerSqft":8444.44,"pricePerMarla":1900000.0,"areaSqft":1125.0,"beds":null,"baths":null,"url":"https://www.zameen.com/Property/dha_defence_phase_4_dha_phase_4_-_sector_d_5_marla_prime_corner_plot_for_sale_in_dha_phase_4_the_crown_jewel-54843483-13959-2.html"}},{"type":"Feature","geometry":{"type":"Point","coordinates":[73.2358507,33.683647]},"properties":{"id":"zameen-54843843","source":"Zameen","confidenceScore":96,"confidenceBand":"High","isOutlier":false,"title":"Bahria enclave sector F1 10 Marla Plot Available for sale","propertyGroup":"plot","location":"Bahria Enclave - Sector F1, Bahria Enclave","neighborhood":"Bahria Town","pricePkr":19000000,"pricePerSqft":8444.44,"pricePerMarla":1900000.0,"areaSqft":2250.0,"beds":null,"baths":null,"url":"https://www.zameen.com/Property/bahria_enclave_bahria_enclave_-_sector_f1_bahria_enclave_sector_f1_10_marla_plot_available_for_sale-54843843-11986-2.html"}},{"type":"Feature","geometry":{"type":"Point","coordinates":[73.195107,33.534569]},"properties":{"id":"zameen-54817931","source":"Zameen","confidenceScore":96,"confidenceBand":"High","isOutlier":false,"title":"500 Sq Yards Plot For Sale In SECTOR C DHA Phase 5 Islamabad, | Near Expressway","propertyGroup":"plot","location":"DHA Defence Phase 5, DHA Defence","neighborhood":"DHA Defence","pricePkr":37500000,"pricePerSqft":8333.33,"pricePerMarla":1875000.0,"areaSqft":4500.0,"beds":null,"baths":null,"url":"https://www.zameen.com/Property/dha_defence_dha_defence_phase_5_500_sq_yards_plot_for_sale_in_sector_c_dha_phase_5_islamabad_near_expressway-54817931-10991-2.html"}},{"type":"Feature","geometry":{"type":"Point","coordinates":[73.1643863,33.6572037]},"properties":{"id":"zameen-54843653","source":"Zameen","confidenceScore":100,"confidenceBand":"High","isOutlier":false,"title":"50/90 [ 1 kanal] Plot Available For sale B Block","propertyGroup":"plot","location":"Margalla Orchard, Islamabad","neighborhood":"Margalla Orchard","pricePkr":37500000,"pricePerSqft":8333.33,"pricePerMarla":1875000.0,"areaSqft":4500.0,"beds":null,"baths":null,"url":"https://www.zameen.com/Property/islamabad_margalla_orchard_50_90_1_kanal_plot_available_for_sale_b_block-54843653-21948-2.html"}},{"type":"Feature","geometry":{"type":"Point","coordinates":[72.78705868,33.68098931]},"properties":{"id":"zameen-54351444","source":"Zameen","confidenceScore":100,"confidenceBand":"High","isOutlier":false,"title":"Two Apartment For Sale block F","propertyGroup":"apartment","location":"MPCHS - Block F, MPCHS - Multi Gardens","neighborhood":"B-17","pricePkr":6500000,"pricePerSqft":8280.25,"pricePerMarla":1863057.32,"areaSqft":785.0,"beds":2,"baths":2,"url":"https://www.zameen.com/Property/mpchs_multi_gardens_mpchs_-_block_f_two_apartment_for_sale_block_f-54351444-8527-1.html"}},{"type":"Feature","geometry":{"type":"Point","coordinates":[73.20976381,33.71195996]},"properties":{"id":"zameen-54676404","source":"Zameen","confidenceScore":100,"confidenceBand":"High","isOutlier":false,"title":"Prime 5 Marla Residential Plot for Sale J Block, Park View City Islamabad","propertyGroup":"plot","location":"Park View - Block J, Park View City","neighborhood":"Park View City","pricePkr":9300000,"pricePerSqft":8266.67,"pricePerMarla":1860000.0,"areaSqft":1125.0,"beds":null,"baths":null,"url":"https://www.zameen.com/Property/park_view_city_park_view_-_block_j_prime_5_marla_residential_plot_for_sale_j_block_park_view_city_islamabad-54676404-16867-2.html"}},{"type":"Feature","geometry":{"type":"Point","coordinates":[72.951179,33.608115]},"properties":{"id":"zameen-54796488","source":"Zameen","confidenceScore":96,"confidenceBand":"High","isOutlier":false,"title":"7 Marla Plot For Sale ( St No. 13 Plot No. 28 ) I 15/3","propertyGroup":"plot","location":"I-15/3, I-15","neighborhood":"I-15","pricePkr":13000000,"pricePerSqft":8253.97,"pricePerMarla":1857142.86,"areaSqft":1575.0,"beds":null,"baths":null,"url":"https://www.zameen.com/Property/i_15_i-15_3_7_marla_plot_for_sale_st_no_13_plot_no_28_i_15_3-54796488-8264-2.html"}},{"type":"Feature","geometry":{"type":"Point","coordinates":[73.20022838,33.68223842]},"properties":{"id":"zameen-53443081","source":"Zameen","confidenceScore":100,"confidenceBand":"High","isOutlier":false,"title":"Sector C2 Prime Location Plot For Sale in Bahria Enclave Islamabad","propertyGroup":"plot","location":"Bahria Enclave - Sector C2, Bahria Enclave","neighborhood":"Bahria Town","pricePkr":18500000,"pricePerSqft":8222.22,"pricePerMarla":1850000.0,"areaSqft":2250.0,"beds":null,"baths":null,"url":"https://www.zameen.com/Property/bahria_enclave_bahria_enclave_-_sector_c2_sector_c2_prime_location_plot_for_sale_in_bahria_enclave_islamabad-53443081-11988-2.html"}},{"type":"Feature","geometry":{"type":"Point","coordinates":[73.2149273,33.6834486]},"properties":{"id":"zameen-54559109","source":"Zameen","confidenceScore":100,"confidenceBand":"High","isOutlier":false,"title":"Sector C Top Heighted Prime location plot for sale in Bahria Enclave Islamabad","propertyGroup":"plot","location":"Bahria Enclave - Sector C, Bahria Enclave","neighborhood":"Bahria Town","pricePkr":37000000,"pricePerSqft":8222.22,"pricePerMarla":1850000.0,"areaSqft":4500.0,"beds":null,"baths":null,"url":"https://www.zameen.com/Property/bahria_enclave_bahria_enclave_-_sector_c_sector_c_top_heighted_prime_location_plot_for_sale_in_bahria_enclave_islamabad-54559109-11973-2.html"}},{"type":"Feature","geometry":{"type":"Point","coordinates":[73.21438609,33.72180188]},"properties":{"id":"zameen-54694477","source":"Zameen","confidenceScore":100,"confidenceBand":"High","isOutlier":false,"title":"01 Kanal Plot E Block","propertyGroup":"plot","location":"Park View - Block E, Park View City","neighborhood":"Park View City","pricePkr":37000000,"pricePerSqft":8222.22,"pricePerMarla":1850000.0,"areaSqft":4500.0,"beds":null,"baths":null,"url":"https://www.zameen.com/Property/park_view_city_park_view_-_block_e_01_kanal_plot_e_block-54694477-16865-2.html"}},{"type":"Feature","geometry":{"type":"Point","coordinates":[73.221013,33.522987]},"properties":{"id":"zameen-54739526","source":"Zameen","confidenceScore":96,"confidenceBand":"High","isOutlier":false,"title":"PLOT AVIALABLE DHA 5 IFTIQAR AVE","propertyGroup":"plot","location":"DHA Phase 5 - Sector F, DHA Defence Phase 5","neighborhood":"DHA Defence","pricePkr":37000000,"pricePerSqft":8222.22,"pricePerMarla":1850000.0,"areaSqft":4500.0,"beds":null,"baths":null,"url":"https://www.zameen.com/Property/dha_defence_phase_5_dha_phase_5_-_sector_f_plot_avialable_dha_5_iftiqar_ave-54739526-8836-2.html"}},{"type":"Feature","geometry":{"type":"Point","coordinates":[73.2262746,33.5316775]},"properties":{"id":"zameen-54762746","source":"Zameen","confidenceScore":100,"confidenceBand":"High","isOutlier":false,"title":"DHA Phase 5 ISB SECTOR H Kanal Plot Available For Sale Good Location Lavel Solid Land Plot Very Close To Park And DHA Expressway.","propertyGroup":"plot","location":"DHA Phase 5 - Sector H, DHA Defence Phase 5","neighborhood":"DHA Defence","pricePkr":37000000,"pricePerSqft":8222.22,"pricePerMarla":1850000.0,"areaSqft":4500.0,"beds":null,"baths":null,"url":"https://www.zameen.com/Property/dha_defence_phase_5_dha_phase_5_-_sector_h_dha_phase_5_isb_sector_h_kanal_plot_available_for_sale_good_location_lavel_solid_land_plot_very_close_to_park_and_dha_expressway-54762746-11869-2.html"}},{"type":"Feature","geometry":{"type":"Point","coordinates":[73.22834979,33.68168392]},"properties":{"id":"zameen-54763640","source":"Zameen","confidenceScore":100,"confidenceBand":"High","isOutlier":false,"title":"Bahria Enclave Sector F Street 6 | 1 Kanal Prime Location Plot","propertyGroup":"plot","location":"Bahria Enclave - Sector F, Bahria Enclave","neighborhood":"Bahria Town","pricePkr":37000000,"pricePerSqft":8222.22,"pricePerMarla":1850000.0,"areaSqft":4500.0,"beds":null,"baths":null,"url":"https://www.zameen.com/Property/bahria_enclave_bahria_enclave_-_sector_f_bahria_enclave_sector_f_street_6_1_kanal_prime_location_plot-54763640-11985-2.html"}},{"type":"Feature","geometry":{"type":"Point","coordinates":[73.25680395,33.69562253]},"properties":{"id":"zameen-54819679","source":"Zameen","confidenceScore":100,"confidenceBand":"High","isOutlier":false,"title":"10 Marla Plot for Sale in Bahria Enclave Near Civic Zone | PU Paid & Map Paid","propertyGroup":"plot","location":"Bahria Enclave - Sector M, Bahria Enclave","neighborhood":"Bahria Town","pricePkr":18500000,"pricePerSqft":8222.22,"pricePerMarla":1850000.0,"areaSqft":2250.0,"beds":null,"baths":null,"url":"https://www.zameen.com/Property/bahria_enclave_bahria_enclave_-_sector_m_10_marla_plot_for_sale_in_bahria_enclave_near_civic_zone_pu_paid_map_paid-54819679-11977-2.html"}},{"type":"Feature","geometry":{"type":"Point","coordinates":[73.221013,33.522987]},"properties":{"id":"zameen-54843327","source":"Zameen","confidenceScore":100,"confidenceBand":"High","isOutlier":false,"title":"DHA Phase 5 sector F Eftikhar Khan avenue","propertyGroup":"plot","location":"DHA Phase 5 - Sector F, DHA Defence Phase 5","neighborhood":"DHA Defence","pricePkr":37000000,"pricePerSqft":8222.22,"pricePerMarla":1850000.0,"areaSqft":4500.0,"beds":null,"baths":null,"url":"https://www.zameen.com/Property/dha_defence_phase_5_dha_phase_5_-_sector_f_dha_phase_5_sector_f_eftikhar_khan_avenue-54843327-8836-2.html"}},{"type":"Feature","geometry":{"type":"Point","coordinates":[73.1889129,33.4843249]},"properties":{"id":"zameen-54843420","source":"Zameen","confidenceScore":96,"confidenceBand":"High","isOutlier":false,"title":"Exclusive 10 Marla Plot available for sale","propertyGroup":"plot","location":"DHA Phase 3 - Block B, DHA Defence Phase 3","neighborhood":"DHA Defence","pricePkr":18500000,"pricePerSqft":8222.22,"pricePerMarla":1850000.0,"areaSqft":2250.0,"beds":null,"baths":null,"url":"https://www.zameen.com/Property/dha_defence_phase_3_dha_phase_3_-_block_b_exclusive_10_marla_plot_available_for_sale-54843420-16227-2.html"}},{"type":"Feature","geometry":{"type":"Point","coordinates":[72.984238,33.698244]},"properties":{"id":"zameen-53026013","source":"Zameen","confidenceScore":100,"confidenceBand":"High","isOutlier":false,"title":"Investor Rate Flat Available For Sale","propertyGroup":"apartment","location":"E-11/4, E-11","neighborhood":"E-11","pricePkr":8200000,"pricePerSqft":8200.0,"pricePerMarla":1845000.0,"areaSqft":1000.0,"beds":2,"baths":2,"url":"https://www.zameen.com/Property/e_11_e-11_4_investor_rate_flat_available_for_sale-53026013-3241-1.html"}},{"type":"Feature","geometry":{"type":"Point","coordinates":[72.932882,33.593888]},"properties":{"id":"zameen-54786874","source":"Zameen","confidenceScore":100,"confidenceBand":"High","isOutlier":false,"title":"PLOT AVAILABLE FOR SALE IN I-16","propertyGroup":"plot","location":"I-16, Islamabad","neighborhood":"I-16","pricePkr":9200000,"pricePerSqft":8177.78,"pricePerMarla":1840000.0,"areaSqft":1125.0,"beds":null,"baths":null,"url":"https://www.zameen.com/Property/islamabad_i-16_plot_available_for_sale_in_i-16-54786874-449-2.html"}},{"type":"Feature","geometry":{"type":"Point","coordinates":[72.880297,33.631987]},"properties":{"id":"zameen-54109304","source":"Zameen","confidenceScore":100,"confidenceBand":"High","isOutlier":false,"title":"2 BED NEW FLAT FOR SALE F-17 ISLAMABAD ALL FACILITY AVAILABLE","propertyGroup":"apartment","location":"F-17, Islamabad","neighborhood":"F-17","pricePkr":6500000,"pricePerSqft":8125.0,"pricePerMarla":1828125.0,"areaSqft":800.0,"beds":2,"baths":2,"url":"https://www.zameen.com/Property/islamabad_f-17_2_bed_new_flat_for_sale_f-17_islamabad_all_facility_available-54109304-335-1.html"}},{"type":"Feature","geometry":{"type":"Point","coordinates":[73.174167,33.614691]},"properties":{"id":"zameen-54695023","source":"Zameen","confidenceScore":96,"confidenceBand":"High","isOutlier":false,"title":"4 Kanal Farm House Plot For Sale | Gulberg Greens Block C, Islamabad","propertyGroup":"plot","location":"Gulberg Greens - Block C, Gulberg Greens","neighborhood":"Gulberg","pricePkr":145000000,"pricePerSqft":8055.56,"pricePerMarla":1812500.0,"areaSqft":18000.0,"beds":null,"baths":null,"url":"https://www.zameen.com/Property/gulberg_greens_gulberg_greens_-_block_c_4_kanal_farm_house_plot_for_sale_gulberg_greens_block_c_islamabad-54695023-8315-2.html"}},{"type":"Feature","geometry":{"type":"Point","coordinates":[73.150237770479,33.525255952301]},"properties":{"id":"zameen-54764795","source":"Zameen","confidenceScore":100,"confidenceBand":"High","isOutlier":false,"title":"Signature Properties Offer Most Luxuries 1 Bed Apartment In Goldcrest Highlife-1 Available For Sale Near GIGA Mall DHA Phase-II Islamabad","propertyGroup":"apartment","location":"Goldcrest Highlife, DHA Defence Phase 2","neighborhood":"DHA Defence","pricePkr":5000000,"pricePerSqft":8038.59,"pricePerMarla":1808681.67,"areaSqft":622.0,"beds":2,"baths":1,"url":"https://www.zameen.com/Property/dha_defence_phase_2_goldcrest_highlife_signature_properties_offer_most_luxuries_1_bed_apartment_in_goldcrest_highlife-1_available_for_sale_near_giga_mall_dha_phase-ii_islamabad-54764795-21059-1.html"}},{"type":"Feature","geometry":{"type":"Point","coordinates":[73.21492725,33.68344857]},"properties":{"id":"zameen-53198282","source":"Zameen","confidenceScore":100,"confidenceBand":"High","isOutlier":false,"title":"Prime Location Plot For Sale In Sector C Bahria Enclave Islamabad","propertyGroup":"plot","location":"Bahria Enclave - Sector C, Bahria Enclave","neighborhood":"Bahria Town","pricePkr":36000000,"pricePerSqft":8000.0,"pricePerMarla":1800000.0,"areaSqft":4500.0,"beds":null,"baths":null,"url":"https://www.zameen.com/Property/bahria_enclave_bahria_enclave_-_sector_c_prime_location_plot_for_sale_in_sector_c_bahria_enclave_islamabad-53198282-11973-2.html"}},{"type":"Feature","geometry":{"type":"Point","coordinates":[73.21528322,33.6121946]},"properties":{"id":"zameen-54173680","source":"Zameen","confidenceScore":96,"confidenceBand":"High","isOutlier":false,"title":"10 Marla Plot In A Block For Sale Gulberg Residencia","propertyGroup":"plot","location":"Gulberg Residencia - Block A, Gulberg Residencia","neighborhood":"Gulberg","pricePkr":18000000,"pricePerSqft":8000.0,"pricePerMarla":1800000.0,"areaSqft":2250.0,"beds":null,"baths":null,"url":"https://www.zameen.com/Property/gulberg_residencia_gulberg_residencia_-_block_a_10_marla_plot_in_a_block_for_sale_gulberg_residencia-54173680-9112-2.html"}},{"type":"Feature","geometry":{"type":"Point","coordinates":[72.81014654,33.62359284]},"properties":{"id":"zameen-54293458","source":"Zameen","confidenceScore":100,"confidenceBand":"High","isOutlier":false,"title":"10 Marla House For Sale | MARGALLA GARDEN","propertyGroup":"house","location":"Ministry of Commerce Society - Block B, Ministry of Commerce Society","neighborhood":"E-19","pricePkr":18000000,"pricePerSqft":8000.0,"pricePerMarla":1800000.0,"areaSqft":2250.0,"beds":3,"baths":4,"url":"https://www.zameen.com/Property/ministry_of_commerce_society_ministry_of_commerce_society_-_block_b_10_marla_house_for_sale_margalla_garden-54293458-14988-1.html"}},{"type":"Feature","geometry":{"type":"Point","coordinates":[73.20976381,33.71195996]},"properties":{"id":"zameen-54708374","source":"Zameen","confidenceScore":100,"confidenceBand":"High","isOutlier":false,"title":"Exclusive Deal: CDA-Approved 5 Marla Plot in Block J, Park View City Islamabad","propertyGroup":"plot","location":"Park View - Block J, Park View City","neighborhood":"Park View City","pricePkr":9000000,"pricePerSqft":8000.0,"pricePerMarla":1800000.0,"areaSqft":1125.0,"beds":null,"baths":null,"url":"https://www.zameen.com/Property/park_view_city_park_view_-_block_j_exclusive_deal_cda-approved_5_marla_plot_in_block_j_park_view_city_islamabad-54708374-16867-2.html"}},{"type":"Feature","geometry":{"type":"Point","coordinates":[73.21528322,33.6121946]},"properties":{"id":"zameen-54801015","source":"Zameen","confidenceScore":100,"confidenceBand":"High","isOutlier":false,"title":"Residential Plot For Sale Situated In Gulberg Residencia - Block A","propertyGroup":"plot","location":"Gulberg Residencia - Block A, Gulberg Residencia","neighborhood":"Gulberg","pricePkr":18000000,"pricePerSqft":8000.0,"pricePerMarla":1800000.0,"areaSqft":2250.0,"beds":null,"baths":null,"url":"https://www.zameen.com/Property/gulberg_residencia_gulberg_residencia_-_block_a_residential_plot_for_sale_situated_in_gulberg_residencia_-_block_a-54801015-9112-2.html"}},{"type":"Feature","geometry":{"type":"Point","coordinates":[72.822189,33.68064]},"properties":{"id":"zameen-54820278","source":"Zameen","confidenceScore":100,"confidenceBand":"High","isOutlier":false,"title":"FOR SALE 5 Marla Residence Plot Housing Scheme Sector B_17","propertyGroup":"plot","location":"B-17, Islamabad","neighborhood":"B-17","pricePkr":9000000,"pricePerSqft":8000.0,"pricePerMarla":1800000.0,"areaSqft":1125.0,"beds":null,"baths":null,"url":"https://www.zameen.com/Property/islamabad_b-17_for_sale_5_marla_residence_plot_housing_scheme_sector_b_17-54820278-616-2.html"}},{"type":"Feature","geometry":{"type":"Point","coordinates":[73.1643863,33.6572037]},"properties":{"id":"zameen-54842217","source":"Zameen","confidenceScore":100,"confidenceBand":"High","isOutlier":false,"title":"DHA MARGALA ORCHARD 10.14& KANAL AVAILABLE","propertyGroup":"plot","location":"Margalla Orchard, Islamabad","neighborhood":"Margalla Orchard","pricePkr":36000000,"pricePerSqft":8000.0,"pricePerMarla":1800000.0,"areaSqft":4500.0,"beds":null,"baths":null,"url":"https://www.zameen.com/Property/islamabad_margalla_orchard_dha_margala_orchard_10_14_kanal_available-54842217-21948-2.html"}},{"type":"Feature","geometry":{"type":"Point","coordinates":[73.1643863,33.6572037]},"properties":{"id":"zameen-54843668","source":"Zameen","confidenceScore":100,"confidenceBand":"High","isOutlier":false,"title":"50/90[ 1 Kanal] Plot Available For sale In D Block","propertyGroup":"plot","location":"Margalla Orchard, Islamabad","neighborhood":"Margalla Orchard","pricePkr":36000000,"pricePerSqft":8000.0,"pricePerMarla":1800000.0,"areaSqft":4500.0,"beds":null,"baths":null,"url":"https://www.zameen.com/Property/islamabad_margalla_orchard_50_90_1_kanal_plot_available_for_sale_in_d_block-54843668-21948-2.html"}},{"type":"Feature","geometry":{"type":"Point","coordinates":[72.860634,33.589205]},"properties":{"id":"zameen-54026777","source":"Zameen","confidenceScore":100,"confidenceBand":"High","isOutlier":false,"title":"A Prime Location Plot For Sale In Mumtaz City Islamabad","propertyGroup":"plot","location":"Mumtaz City, Islamabad","neighborhood":"Mumtaz City","pricePkr":12500000,"pricePerSqft":7936.51,"pricePerMarla":1785714.29,"areaSqft":1575.0,"beds":null,"baths":null,"url":"https://www.zameen.com/Property/islamabad_mumtaz_city_a_prime_location_plot_for_sale_in_mumtaz_city_islamabad-54026777-3464-2.html"}},{"type":"Feature","geometry":{"type":"Point","coordinates":[72.78705868,33.68098931]},"properties":{"id":"zameen-54664748","source":"Zameen","confidenceScore":100,"confidenceBand":"High","isOutlier":false,"title":"B17 F Block 7 Marla Plot 4 Sale Plot Nu 3781B","propertyGroup":"plot","location":"MPCHS - Block F, MPCHS - Multi Gardens","neighborhood":"B-17","pricePkr":12500000,"pricePerSqft":7936.51,"pricePerMarla":1785714.29,"areaSqft":1575.0,"beds":null,"baths":null,"url":"https://www.zameen.com/Property/mpchs_multi_gardens_mpchs_-_block_f_b17_f_block_7_marla_plot_4_sale_plot_nu_3781b-54664748-8527-2.html"}},{"type":"Feature","geometry":{"type":"Point","coordinates":[73.23041626,33.67957992]},"properties":{"id":"zameen-54494281","source":"Zameen","confidenceScore":100,"confidenceBand":"High","isOutlier":false,"title":"Sector F1 Back Open Plot For Sale In Bahria Enclave Islamabad","propertyGroup":"plot","location":"Bahria Enclave - Sector F1, Bahria Enclave","neighborhood":"Bahria Town","pricePkr":17800000,"pricePerSqft":7911.11,"pricePerMarla":1780000.0,"areaSqft":2250.0,"beds":null,"baths":null,"url":"https://www.zameen.com/Property/bahria_enclave_bahria_enclave_-_sector_f1_sector_f1_back_open_plot_for_sale_in_bahria_enclave_islamabad-54494281-11986-2.html"}},{"type":"Feature","geometry":{"type":"Point","coordinates":[73.162236,33.603325]},"properties":{"id":"zameen-54843751","source":"Zameen","confidenceScore":100,"confidenceBand":"High","isOutlier":false,"title":"5 Marla Plot Available For Sale In B Greens Gulberg Green Islamabad","propertyGroup":"plot","location":"Gulberg Greens - Block B, Gulberg Greens","neighborhood":"Gulberg","pricePkr":8900000,"pricePerSqft":7911.11,"pricePerMarla":1780000.0,"areaSqft":1125.0,"beds":null,"baths":null,"url":"https://www.zameen.com/Property/gulberg_greens_gulberg_greens_-_block_b_5_marla_plot_available_for_sale_in_b_greens_gulberg_green_islamabad-54843751-8314-2.html"}},{"type":"Feature","geometry":{"type":"Point","coordinates":[73.1726593,33.6012122]},"properties":{"id":"zameen-54843841","source":"Zameen","confidenceScore":100,"confidenceBand":"High","isOutlier":false,"title":"5 marla cutting plot available for sale in gulberg green Block","propertyGroup":"plot","location":"Gulberg Greens - B Greens, Gulberg Greens","neighborhood":"Gulberg","pricePkr":8900000,"pricePerSqft":7911.11,"pricePerMarla":1780000.0,"areaSqft":1125.0,"beds":null,"baths":null,"url":"https://www.zameen.com/Property/gulberg_greens_gulberg_greens_-_b_greens_5_marla_cutting_plot_available_for_sale_in_gulberg_green_block-54843841-22598-2.html"}},{"type":"Feature","geometry":{"type":"Point","coordinates":[73.195107,33.534569]},"properties":{"id":"zameen-54794873","source":"Zameen","confidenceScore":100,"confidenceBand":"High","isOutlier":false,"title":"One Kanal Residential Plot In Sector A, Dha Phase 5","propertyGroup":"plot","location":"DHA Defence Phase 5, DHA Defence","neighborhood":"DHA Defence","pricePkr":35500000,"pricePerSqft":7888.89,"pricePerMarla":1775000.0,"areaSqft":4500.0,"beds":null,"baths":null,"url":"https://www.zameen.com/Property/dha_defence_dha_defence_phase_5_one_kanal_residential_plot_in_sector_a_dha_phase_5-54794873-10991-2.html"}},{"type":"Feature","geometry":{"type":"Point","coordinates":[73.072362,33.516954]},"properties":{"id":"zameen-54822405","source":"Zameen","confidenceScore":100,"confidenceBand":"High","isOutlier":false,"title":"Prime Location South Face Plot Available For Sale","propertyGroup":"plot","location":"DHA Phase 4 - Sector C, DHA Defence Phase 4","neighborhood":"DHA Defence","pricePkr":35500000,"pricePerSqft":7888.89,"pricePerMarla":1775000.0,"areaSqft":4500.0,"beds":null,"baths":null,"url":"https://www.zameen.com/Property/dha_defence_phase_4_dha_phase_4_-_sector_c_prime_location_south_face_plot_available_for_sale-54822405-13958-2.html"}},{"type":"Feature","geometry":{"type":"Point","coordinates":[73.25304837,33.68051678]},"properties":{"id":"zameen-53177138","source":"Zameen","confidenceScore":100,"confidenceBand":"High","isOutlier":false,"title":"Sector I Solid Land Plot For Sale In Bahria Enclave Islamabad","propertyGroup":"plot","location":"Bahria Enclave - Sector I, Bahria Enclave","neighborhood":"Bahria Town","pricePkr":8800000,"pricePerSqft":7822.22,"pricePerMarla":1760000.0,"areaSqft":1125.0,"beds":null,"baths":null,"url":"https://www.zameen.com/Property/bahria_enclave_bahria_enclave_-_sector_i_sector_i_solid_land_plot_for_sale_in_bahria_enclave_islamabad-53177138-11982-2.html"}},{"type":"Feature","geometry":{"type":"Point","coordinates":[72.942681,33.602682]},"properties":{"id":"zameen-54533940","source":"Zameen","confidenceScore":96,"confidenceBand":"High","isOutlier":false,"title":"5 Marla Corner Sun Face Plot for Sale in I-15/2 Islamabad | High ROI Investment","propertyGroup":"plot","location":"I-15/2, I-15","neighborhood":"I-15","pricePkr":8800000,"pricePerSqft":7822.22,"pricePerMarla":1760000.0,"areaSqft":1125.0,"beds":null,"baths":null,"url":"https://www.zameen.com/Property/i_15_i-15_2_5_marla_corner_sun_face_plot_for_sale_in_i-15_2_islamabad_high_roi_investment-54533940-8263-2.html"}},{"type":"Feature","geometry":{"type":"Point","coordinates":[73.25621896,33.6853172]},"properties":{"id":"zameen-53443125","source":"Zameen","confidenceScore":100,"confidenceBand":"High","isOutlier":false,"title":"Sector J Prime Location Plot For Sale In Bahria Enclave Islamabad","propertyGroup":"plot","location":"Bahria Enclave - Sector J, Bahria Enclave","neighborhood":"Bahria Town","pricePkr":17500000,"pricePerSqft":7777.78,"pricePerMarla":1750000.0,"areaSqft":2250.0,"beds":null,"baths":null,"url":"https://www.zameen.com/Property/bahria_enclave_bahria_enclave_-_sector_j_sector_j_prime_location_plot_for_sale_in_bahria_enclave_islamabad-53443125-11981-2.html"}},{"type":"Feature","geometry":{"type":"Point","coordinates":[73.07595663,33.51928957]},"properties":{"id":"zameen-54497593","source":"Zameen","confidenceScore":100,"confidenceBand":"High","isOutlier":false,"title":"Signature Properties Offer Beautiful Plot Sector A Plot Dha Phase 4 Islamabad","propertyGroup":"plot","location":"DHA Defence Phase 4, DHA Defence","neighborhood":"DHA Defence","pricePkr":35000000,"pricePerSqft":7777.78,"pricePerMarla":1750000.0,"areaSqft":4500.0,"beds":null,"baths":null,"url":"https://www.zameen.com/Property/dha_defence_dha_defence_phase_4_signature_properties_offer_beautiful_plot_sector_a_plot_dha_phase_4_islamabad-54497593-8413-2.html"}},{"type":"Feature","geometry":{"type":"Point","coordinates":[73.21528322,33.6121946]},"properties":{"id":"zameen-54622180","source":"Zameen","confidenceScore":100,"confidenceBand":"High","isOutlier":false,"title":"Possession Plot For Sale In A Block Gulberg Residencia","propertyGroup":"plot","location":"Gulberg Residencia - Block A, Gulberg Residencia","neighborhood":"Gulberg","pricePkr":35000000,"pricePerSqft":7777.78,"pricePerMarla":1750000.0,"areaSqft":4500.0,"beds":null,"baths":null,"url":"https://www.zameen.com/Property/gulberg_residencia_gulberg_residencia_-_block_a_possession_plot_for_sale_in_a_block_gulberg_residencia-54622180-9112-2.html"}},{"type":"Feature","geometry":{"type":"Point","coordinates":[73.089989,33.535994]},"properties":{"id":"zameen-54673569","source":"Zameen","confidenceScore":96,"confidenceBand":"High","isOutlier":false,"title":"Boulevard Back Open Plot For Sale Dha Phase 1 Sector C Orchard Near Park","propertyGroup":"plot","location":"DHA Phase 1 - Sector C, DHA Defence Phase 1","neighborhood":"DHA Defence","pricePkr":35000000,"pricePerSqft":7777.78,"pricePerMarla":1750000.0,"areaSqft":4500.0,"beds":null,"baths":null,"url":"https://www.zameen.com/Property/dha_defence_phase_1_dha_phase_1_-_sector_c_boulevard_back_open_plot_for_sale_dha_phase_1_sector_c_orchard_near_park-54673569-3191-2.html"}},{"type":"Feature","geometry":{"type":"Point","coordinates":[73.23041626,33.67957992]},"properties":{"id":"zameen-54730267","source":"Zameen","confidenceScore":100,"confidenceBand":"High","isOutlier":false,"title":"Plot For Sale In Sector F-1 Boulevard Possession Utility Paid South Facing Best Location For Living Bahria Enclave Islamabad","propertyGroup":"plot","location":"Bahria Enclave - Sector F1, Bahria Enclave","neighborhood":"Bahria Town","pricePkr":17500000,"pricePerSqft":7777.78,"pricePerMarla":1750000.0,"areaSqft":2250.0,"beds":null,"baths":null,"url":"https://www.zameen.com/Property/bahria_enclave_bahria_enclave_-_sector_f1_plot_for_sale_in_sector_f-1_boulevard_possession_utility_paid_south_facing_best_location_for_living_bahria_enclave_islamabad-54730267-11986-2.html"}},{"type":"Feature","geometry":{"type":"Point","coordinates":[73.22834979,33.68168392]},"properties":{"id":"zameen-54730301","source":"Zameen","confidenceScore":100,"confidenceBand":"High","isOutlier":false,"title":"Plot For Sale In Sector F Possession Utility Paid Near To Gate Best Location For Living Bahria Enclave Islamabd","propertyGroup":"plot","location":"Bahria Enclave - Sector F, Bahria Enclave","neighborhood":"Bahria Town","pricePkr":35000000,"pricePerSqft":7777.78,"pricePerMarla":1750000.0,"areaSqft":4500.0,"beds":null,"baths":null,"url":"https://www.zameen.com/Property/bahria_enclave_bahria_enclave_-_sector_f_plot_for_sale_in_sector_f_possession_utility_paid_near_to_gate_best_location_for_living_bahria_enclave_islamabd-54730301-11985-2.html"}},{"type":"Feature","geometry":{"type":"Point","coordinates":[73.164386261932,33.657203733531]},"properties":{"id":"zameen-54777342","source":"Zameen","confidenceScore":100,"confidenceBand":"High","isOutlier":false,"title":"Prime 1 kanal Plot Available In A Block Margalla Orchards Park Road Islamabad","propertyGroup":"plot","location":"Margalla Orchard, Islamabad","neighborhood":"Margalla Orchard","pricePkr":35000000,"pricePerSqft":7777.78,"pricePerMarla":1750000.0,"areaSqft":4500.0,"beds":null,"baths":null,"url":"https://www.zameen.com/Property/islamabad_margalla_orchard_prime_1_kanal_plot_available_in_a_block_margalla_orchards_park_road_islamabad-54777342-21948-2.html"}},{"type":"Feature","geometry":{"type":"Point","coordinates":[73.2262746,33.5316775]},"properties":{"id":"zameen-54843306","source":"Zameen","confidenceScore":100,"confidenceBand":"High","isOutlier":false,"title":"DHA Phase 5 Sector H street 18","propertyGroup":"plot","location":"DHA Phase 5 - Sector H, DHA Defence Phase 5","neighborhood":"DHA Defence","pricePkr":35000000,"pricePerSqft":7777.78,"pricePerMarla":1750000.0,"areaSqft":4500.0,"beds":null,"baths":null,"url":"https://www.zameen.com/Property/dha_defence_phase_5_dha_phase_5_-_sector_h_dha_phase_5_sector_h_street_18-54843306-11869-2.html"}},{"type":"Feature","geometry":{"type":"Point","coordinates":[73.221013,33.522987]},"properties":{"id":"zameen-54765358","source":"Zameen","confidenceScore":100,"confidenceBand":"High","isOutlier":false,"title":"A Top Location Plot St 46 . . . Plot No Back Boulevard Near Park Direct Deal With Owner","propertyGroup":"plot","location":"DHA Phase 5 - Sector F, DHA Defence Phase 5","neighborhood":"DHA Defence","pricePkr":34900000,"pricePerSqft":7755.56,"pricePerMarla":1745000.0,"areaSqft":4500.0,"beds":null,"baths":null,"url":"https://www.zameen.com/Property/dha_defence_phase_5_dha_phase_5_-_sector_f_a_top_location_plot_st_46_plot_no_back_boulevard_near_park_direct_deal_with_owner-54765358-8836-2.html"}},{"type":"Feature","geometry":{"type":"Point","coordinates":[73.164386261932,33.657203733531]},"properties":{"id":"zameen-54843380","source":"Zameen","confidenceScore":96,"confidenceBand":"High","isOutlier":false,"title":"A Block Corner Plot In Margalla Orchard","propertyGroup":"plot","location":"Margalla Orchard, Islamabad","neighborhood":"Margalla Orchard","pricePkr":34500000,"pricePerSqft":7666.67,"pricePerMarla":1725000.0,"areaSqft":4500.0,"beds":null,"baths":null,"url":"https://www.zameen.com/Property/islamabad_margalla_orchard_a_block_corner_plot_in_margalla_orchard-54843380-21948-2.html"}},{"type":"Feature","geometry":{"type":"Point","coordinates":[73.25680395,33.69562253]},"properties":{"id":"zameen-53986823","source":"Zameen","confidenceScore":100,"confidenceBand":"High","isOutlier":false,"title":"Sector M Top Height Park Facing Plot For Sale In Bahria Enclave Islamabad","propertyGroup":"plot","location":"Bahria Enclave - Sector M, Bahria Enclave","neighborhood":"Bahria Town","pricePkr":17000000,"pricePerSqft":7555.56,"pricePerMarla":1700000.0,"areaSqft":2250.0,"beds":null,"baths":null,"url":"https://www.zameen.com/Property/bahria_enclave_bahria_enclave_-_sector_m_sector_m_top_height_park_facing_plot_for_sale_in_bahria_enclave_islamabad-53986823-11977-2.html"}},{"type":"Feature","geometry":{"type":"Point","coordinates":[72.80595798,33.70677279]},"properties":{"id":"zameen-54242127","source":"Zameen","confidenceScore":100,"confidenceBand":"High","isOutlier":false,"title":"Prime Location 5 Marla Solid Land Plots In Executive Block Faisal Hills 800 Series Available","propertyGroup":"plot","location":"Faisal Hills - Executive Block, Faisal Hills","neighborhood":"Faisal Hills","pricePkr":8500000,"pricePerSqft":7555.56,"pricePerMarla":1700000.0,"areaSqft":1125.0,"beds":null,"baths":null,"url":"https://www.zameen.com/Property/faisal_hills_faisal_hills_-_executive_block_prime_location_5_marla_solid_land_plots_in_executive_block_faisal_hills_800_series_available-54242127-16527-2.html"}},{"type":"Feature","geometry":{"type":"Point","coordinates":[73.175082,33.572044]},"properties":{"id":"zameen-54560105","source":"Zameen","confidenceScore":96,"confidenceBand":"High","isOutlier":false,"title":"Prime Plot for Sale in Jinnah Gardens, Islamabad","propertyGroup":"plot","location":"Jinnah Gardens, FECHS","neighborhood":"FECHS","pricePkr":8500000,"pricePerSqft":7555.56,"pricePerMarla":1700000.0,"areaSqft":1125.0,"beds":null,"baths":null,"url":"https://www.zameen.com/Property/fechs_jinnah_gardens_prime_plot_for_sale_in_jinnah_gardens_islamabad-54560105-1420-2.html"}},{"type":"Feature","geometry":{"type":"Point","coordinates":[73.221709,33.699651]},"properties":{"id":"zameen-54602525","source":"Zameen","confidenceScore":100,"confidenceBand":"High","isOutlier":false,"title":"Bahria Enclave Sector B2 Kanal Plot For Sale","propertyGroup":"plot","location":"Bahria Enclave - Sector B2, Bahria Enclave","neighborhood":"Bahria Town","pricePkr":34000000,"pricePerSqft":7555.56,"pricePerMarla":1700000.0,"areaSqft":4500.0,"beds":null,"baths":null,"url":"https://www.zameen.com/Property/bahria_enclave_bahria_enclave_-_sector_b2_bahria_enclave_sector_b2_kanal_plot_for_sale-54602525-11971-2.html"}},{"type":"Feature","geometry":{"type":"Point","coordinates":[73.217373,33.527519]},"properties":{"id":"zameen-54737260","source":"Zameen","confidenceScore":100,"confidenceBand":"High","isOutlier":false,"title":"Kanal Plot Available For Sale In DHA 5 Sctor G","propertyGroup":"plot","location":"DHA Phase 5 - Sector G, DHA Defence Phase 5","neighborhood":"DHA Defence","pricePkr":34000000,"pricePerSqft":7555.56,"pricePerMarla":1700000.0,"areaSqft":4500.0,"beds":null,"baths":null,"url":"https://www.zameen.com/Property/dha_defence_phase_5_dha_phase_5_-_sector_g_kanal_plot_available_for_sale_in_dha_5_sctor_g-54737260-9442-2.html"}},{"type":"Feature","geometry":{"type":"Point","coordinates":[73.2304163,33.6795799]},"properties":{"id":"zameen-54766453","source":"Zameen","confidenceScore":100,"confidenceBand":"High","isOutlier":false,"title":"10 Marla Boulevard Plot | Possession, Utilities & Boulevard Charges Paid | Sector F-1, Bahria Enclave","propertyGroup":"plot","location":"Bahria Enclave - Sector F1, Bahria Enclave","neighborhood":"Bahria Town","pricePkr":17000000,"pricePerSqft":7555.56,"pricePerMarla":1700000.0,"areaSqft":2250.0,"beds":null,"baths":null,"url":"https://www.zameen.com/Property/bahria_enclave_bahria_enclave_-_sector_f1_10_marla_boulevard_plot_possession_utilities_boulevard_charges_paid_sector_f-1_bahria_enclave-54766453-11986-2.html"}},{"type":"Feature","geometry":{"type":"Point","coordinates":[73.223537,33.721908]},"properties":{"id":"zameen-54841729","source":"Zameen","confidenceScore":100,"confidenceBand":"High","isOutlier":false,"title":"Premium 10 Marla Plot for Sale Overseas Block, Park View City, Islamabad","propertyGroup":"plot","location":"Park View City - Overseas Block, Park View City","neighborhood":"Park View City","pricePkr":17000000,"pricePerSqft":7555.56,"pricePerMarla":1700000.0,"areaSqft":2250.0,"beds":null,"baths":null,"url":"https://www.zameen.com/Property/park_view_city_park_view_city_-_overseas_block_premium_10_marla_plot_for_sale_overseas_block_park_view_city_islamabad-54841729-19666-2.html"}},{"type":"Feature","geometry":{"type":"Point","coordinates":[73.223537,33.721908]},"properties":{"id":"zameen-54843185","source":"Zameen","confidenceScore":100,"confidenceBand":"High","isOutlier":false,"title":"10 Marla Plot for Sale Overseas Block, Park View City, Islamabad","propertyGroup":"plot","location":"Park View City - Overseas Block, Park View City","neighborhood":"Park View City","pricePkr":17000000,"pricePerSqft":7555.56,"pricePerMarla":1700000.0,"areaSqft":2250.0,"beds":null,"baths":null,"url":"https://www.zameen.com/Property/park_view_city_park_view_city_-_overseas_block_10_marla_plot_for_sale_overseas_block_park_view_city_islamabad-54843185-19666-2.html"}},{"type":"Feature","geometry":{"type":"Point","coordinates":[73.1889129,33.48432489]},"properties":{"id":"zameen-54693836","source":"Zameen","confidenceScore":100,"confidenceBand":"High","isOutlier":false,"title":"11 Marla Plot Available For Sale In DHA 3 Sctor B Beautiful Location Ideal Plot Near Masjid Park And School","propertyGroup":"plot","location":"DHA Phase 3 - Block B, DHA Defence Phase 3","neighborhood":"DHA Defence","pricePkr":18500000,"pricePerSqft":7474.75,"pricePerMarla":1681818.18,"areaSqft":2475.0,"beds":null,"baths":null,"url":"https://www.zameen.com/Property/dha_defence_phase_3_dha_phase_3_-_block_b_11_marla_plot_available_for_sale_in_dha_3_sctor_b_beautiful_location_ideal_plot_near_masjid_park_and_school-54693836-16227-2.html"}},{"type":"Feature","geometry":{"type":"Point","coordinates":[73.195107,33.534569]},"properties":{"id":"zameen-54098642","source":"Zameen","confidenceScore":96,"confidenceBand":"High","isOutlier":false,"title":"Solid Land Plot For Sale In Dha 5 Islamabad","propertyGroup":"plot","location":"DHA Defence Phase 5, DHA Defence","neighborhood":"DHA Defence","pricePkr":33500000,"pricePerSqft":7444.44,"pricePerMarla":1675000.0,"areaSqft":4500.0,"beds":null,"baths":null,"url":"https://www.zameen.com/Property/dha_defence_dha_defence_phase_5_solid_land_plot_for_sale_in_dha_5_islamabad-54098642-10991-2.html"}},{"type":"Feature","geometry":{"type":"Point","coordinates":[73.07595663,33.51928957]},"properties":{"id":"zameen-54497596","source":"Zameen","confidenceScore":100,"confidenceBand":"High","isOutlier":false,"title":"Signature Properties Offer Beautiful Plot Sector C Street 13 Dha Phase 4 Islamabad","propertyGroup":"plot","location":"DHA Defence Phase 4, DHA Defence","neighborhood":"DHA Defence","pricePkr":33500000,"pricePerSqft":7444.44,"pricePerMarla":1675000.0,"areaSqft":4500.0,"beds":null,"baths":null,"url":"https://www.zameen.com/Property/dha_defence_dha_defence_phase_4_signature_properties_offer_beautiful_plot_sector_c_street_13_dha_phase_4_islamabad-54497596-8413-2.html"}},{"type":"Feature","geometry":{"type":"Point","coordinates":[73.221013,33.522987]},"properties":{"id":"zameen-54497607","source":"Zameen","confidenceScore":100,"confidenceBand":"High","isOutlier":false,"title":"Signature Properties Offer Beautiful Plot Sector F Dha Phase 5 Islamabad","propertyGroup":"plot","location":"DHA Phase 5 - Sector F, DHA Defence Phase 5","neighborhood":"DHA Defence","pricePkr":33500000,"pricePerSqft":7444.44,"pricePerMarla":1675000.0,"areaSqft":4500.0,"beds":null,"baths":null,"url":"https://www.zameen.com/Property/dha_defence_phase_5_dha_phase_5_-_sector_f_signature_properties_offer_beautiful_plot_sector_f_dha_phase_5_islamabad-54497607-8836-2.html"}},{"type":"Feature","geometry":{"type":"Point","coordinates":[73.20709,33.528874]},"properties":{"id":"zameen-54836939","source":"Zameen","confidenceScore":100,"confidenceBand":"High","isOutlier":false,"title":"Ideal Plot For End User, 1 Kanal Exclusive Plot available for Sale","propertyGroup":"plot","location":"DHA Phase 5 - Sector D, DHA Defence Phase 5","neighborhood":"DHA Defence","pricePkr":33500000,"pricePerSqft":7444.44,"pricePerMarla":1675000.0,"areaSqft":4500.0,"beds":null,"baths":null,"url":"https://www.zameen.com/Property/dha_defence_phase_5_dha_phase_5_-_sector_d_ideal_plot_for_end_user_1_kanal_exclusive_plot_available_for_sale-54836939-8403-2.html"}},{"type":"Feature","geometry":{"type":"Point","coordinates":[73.222268,33.593012]},"properties":{"id":"zameen-54299221","source":"Zameen","confidenceScore":100,"confidenceBand":"High","isOutlier":false,"title":"End Your Search For Residential Plot Here And Sale Now","propertyGroup":"plot","location":"Gulberg Residencia - Block Q, Gulberg Residencia","neighborhood":"Gulberg","pricePkr":16600000,"pricePerSqft":7377.78,"pricePerMarla":1660000.0,"areaSqft":2250.0,"beds":null,"baths":null,"url":"https://www.zameen.com/Property/gulberg_residencia_gulberg_residencia_-_block_q_end_your_search_for_residential_plot_here_and_sale_now-54299221-9127-2.html"}},{"type":"Feature","geometry":{"type":"Point","coordinates":[73.2040007,33.6946444]},"properties":{"id":"zameen-54515109","source":"Zameen","confidenceScore":100,"confidenceBand":"High","isOutlier":false,"title":"Sector E 1 Kanal Plot For Sale In Bahria Enclave Islamabad","propertyGroup":"plot","location":"Bahria Enclave - Sector E, Bahria Enclave","neighborhood":"Bahria Town","pricePkr":33000000,"pricePerSqft":7333.33,"pricePerMarla":1650000.0,"areaSqft":4500.0,"beds":null,"baths":null,"url":"https://www.zameen.com/Property/bahria_enclave_bahria_enclave_-_sector_e_sector_e_1_kanal_plot_for_sale_in_bahria_enclave_islamabad-54515109-11969-2.html"}},{"type":"Feature","geometry":{"type":"Point","coordinates":[73.218405,33.583181]},"properties":{"id":"zameen-54569700","source":"Zameen","confidenceScore":100,"confidenceBand":"High","isOutlier":false,"title":"T Block 10 Marla Corner Plot For Sale","propertyGroup":"plot","location":"Gulberg Residencia - Block T, Gulberg Residencia","neighborhood":"Gulberg","pricePkr":16500000,"pricePerSqft":7333.33,"pricePerMarla":1650000.0,"areaSqft":2250.0,"beds":null,"baths":null,"url":"https://www.zameen.com/Property/gulberg_residencia_gulberg_residencia_-_block_t_t_block_10_marla_corner_plot_for_sale-54569700-9130-2.html"}},{"type":"Feature","geometry":{"type":"Point","coordinates":[73.23041626,33.67957992]},"properties":{"id":"zameen-54655524","source":"Zameen","confidenceScore":96,"confidenceBand":"High","isOutlier":false,"title":"10 Marla Residential Plot For Sale In Bahria Enclave - Sector F1 Islamabad","propertyGroup":"plot","location":"Bahria Enclave - Sector F1, Bahria Enclave","neighborhood":"Bahria Town","pricePkr":16500000,"pricePerSqft":7333.33,"pricePerMarla":1650000.0,"areaSqft":2250.0,"beds":null,"baths":null,"url":"https://www.zameen.com/Property/bahria_enclave_bahria_enclave_-_sector_f1_10_marla_residential_plot_for_sale_in_bahria_enclave_-_sector_f1_islamabad-54655524-11986-2.html"}},{"type":"Feature","geometry":{"type":"Point","coordinates":[73.25680395,33.69562253]},"properties":{"id":"zameen-54655525","source":"Zameen","confidenceScore":96,"confidenceBand":"High","isOutlier":false,"title":"10 Marla Spacious Residential Plot Is Available In Bahria Enclave - Sector M For Sale","propertyGroup":"plot","location":"Bahria Enclave - Sector M, Bahria Enclave","neighborhood":"Bahria Town","pricePkr":16500000,"pricePerSqft":7333.33,"pricePerMarla":1650000.0,"areaSqft":2250.0,"beds":null,"baths":null,"url":"https://www.zameen.com/Property/bahria_enclave_bahria_enclave_-_sector_m_10_marla_spacious_residential_plot_is_available_in_bahria_enclave_-_sector_m_for_sale-54655525-11977-2.html"}},{"type":"Feature","geometry":{"type":"Point","coordinates":[72.79061858,33.71127145]},"properties":{"id":"zameen-54702779","source":"Zameen","confidenceScore":100,"confidenceBand":"High","isOutlier":false,"title":"10 Marla Short Corner Plot ( 35*70 in Block B ) Residential Plot Available For Sale in Faisal Hills Islamabad.","propertyGroup":"plot","location":"Faisal Hills - Block A, Faisal Hills","neighborhood":"Faisal Hills","pricePkr":16500000,"pricePerSqft":7333.33,"pricePerMarla":1650000.0,"areaSqft":2250.0,"beds":null,"baths":null,"url":"https://www.zameen.com/Property/faisal_hills_faisal_hills_-_block_a_10_marla_short_corner_plot_35_70_in_block_b_residential_plot_available_for_sale_in_faisal_hills_islamabad-54702779-12655-2.html"}},{"type":"Feature","geometry":{"type":"Point","coordinates":[72.919521,33.646493]},"properties":{"id":"zameen-54834607","source":"Zameen","confidenceScore":96,"confidenceBand":"High","isOutlier":false,"title":"F15/3 Corner Plot At The Good Location","propertyGroup":"plot","location":"F-15, Islamabad","neighborhood":"F-15","pricePkr":16500000,"pricePerSqft":7333.33,"pricePerMarla":1650000.0,"areaSqft":2250.0,"beds":null,"baths":null,"url":"https://www.zameen.com/Property/islamabad_f-15_f15_3_corner_plot_at_the_good_location-54834607-336-2.html"}},{"type":"Feature","geometry":{"type":"Point","coordinates":[72.7995694,33.68175979]},"properties":{"id":"zameen-54835572","source":"Zameen","confidenceScore":100,"confidenceBand":"High","isOutlier":false,"title":"Plot # 2168 Sale For Future Investment And Living.","propertyGroup":"plot","location":"MPCHS - Block E, MPCHS - Multi Gardens","neighborhood":"B-17","pricePkr":16500000,"pricePerSqft":7333.33,"pricePerMarla":1650000.0,"areaSqft":2250.0,"beds":null,"baths":null,"url":"https://www.zameen.com/Property/mpchs_multi_gardens_mpchs_-_block_e_plot_2168_sale_for_future_investment_and_living-54835572-3120-2.html"}},{"type":"Feature","geometry":{"type":"Point","coordinates":[72.942681,33.602682]},"properties":{"id":"zameen-54692645","source":"Zameen","confidenceScore":100,"confidenceBand":"High","isOutlier":false,"title":"I-15/2 Residential Plot For Sale Sized 7 Marla","propertyGroup":"plot","location":"I-15/2, I-15","neighborhood":"I-15","pricePkr":11500000,"pricePerSqft":7301.59,"pricePerMarla":1642857.14,"areaSqft":1575.0,"beds":null,"baths":null,"url":"https://www.zameen.com/Property/i_15_i-15_2_i-15_2_residential_plot_for_sale_sized_7_marla-54692645-8263-2.html"}},{"type":"Feature","geometry":{"type":"Point","coordinates":[73.21528322,33.6121946]},"properties":{"id":"zameen-54622277","source":"Zameen","confidenceScore":100,"confidenceBand":"High","isOutlier":false,"title":"Possession Plot For Sale In A Block Gulberg Residencia","propertyGroup":"plot","location":"Gulberg Residencia - Block A, Gulberg Residencia","neighborhood":"Gulberg","pricePkr":32500000,"pricePerSqft":7222.22,"pricePerMarla":1625000.0,"areaSqft":4500.0,"beds":null,"baths":null,"url":"https://www.zameen.com/Property/gulberg_residencia_gulberg_residencia_-_block_a_possession_plot_for_sale_in_a_block_gulberg_residencia-54622277-9112-2.html"}},{"type":"Feature","geometry":{"type":"Point","coordinates":[73.2419406,33.6906595]},"properties":{"id":"zameen-54741346","source":"Zameen","confidenceScore":100,"confidenceBand":"High","isOutlier":false,"title":"Bahria enclave Islamabad sector N Bolavard plot Available for sale","propertyGroup":"plot","location":"Bahria Enclave - Sector N, Bahria Enclave","neighborhood":"Bahria Town","pricePkr":13000000,"pricePerSqft":7222.22,"pricePerMarla":1625000.0,"areaSqft":1800.0,"beds":null,"baths":null,"url":"https://www.zameen.com/Property/bahria_enclave_bahria_enclave_-_sector_n_bahria_enclave_islamabad_sector_n_bolavard_plot_available_for_sale-54741346-11975-2.html"}},{"type":"Feature","geometry":{"type":"Point","coordinates":[73.07595663,33.51928957]},"properties":{"id":"zameen-54773036","source":"Zameen","confidenceScore":100,"confidenceBand":"High","isOutlier":false,"title":"DHA Sector A 1 Kanal Plot Available For Sale","propertyGroup":"plot","location":"DHA Defence Phase 4, DHA Defence","neighborhood":"DHA Defence","pricePkr":32500000,"pricePerSqft":7222.22,"pricePerMarla":1625000.0,"areaSqft":4500.0,"beds":null,"baths":null,"url":"https://www.zameen.com/Property/dha_defence_dha_defence_phase_4_dha_sector_a_1_kanal_plot_available_for_sale-54773036-8413-2.html"}},{"type":"Feature","geometry":{"type":"Point","coordinates":[73.23041626,33.67957992]},"properties":{"id":"zameen-54749286","source":"Zameen","confidenceScore":100,"confidenceBand":"High","isOutlier":false,"title":"Plot For Sale In Sector F1 Boulevard Possession Utility Paid Near To Gate Solid Land Back Open For Bahria Enclave Islamabad","propertyGroup":"plot","location":"Bahria Enclave - Sector F1, Bahria Enclave","neighborhood":"Bahria Town","pricePkr":16200000,"pricePerSqft":7200.0,"pricePerMarla":1620000.0,"areaSqft":2250.0,"beds":null,"baths":null,"url":"https://www.zameen.com/Property/bahria_enclave_bahria_enclave_-_sector_f1_plot_for_sale_in_sector_f1_boulevard_possession_utility_paid_near_to_gate_solid_land_back_open_for_bahria_enclave_islamabad-54749286-11986-2.html"}},{"type":"Feature","geometry":{"type":"Point","coordinates":[73.222102,33.676618]},"properties":{"id":"zameen-54843533","source":"Zameen","confidenceScore":100,"confidenceBand":"High","isOutlier":false,"title":"Plot For Sale In Sector C1 Extension Main Boulevard Open Form No Transfer Fees Margalla Facing Solid Land Best Living In bahria Enclave Islamabad","propertyGroup":"plot","location":"Bahria Enclave - Sector C1 Extension, Bahria Enclave","neighborhood":"Bahria Town","pricePkr":16200000,"pricePerSqft":7200.0,"pricePerMarla":1620000.0,"areaSqft":2250.0,"beds":null,"baths":null,"url":"https://www.zameen.com/Property/bahria_enclave_bahria_enclave_-_sector_c1_extension_plot_for_sale_in_sector_c1_extension_main_boulevard_open_form_no_transfer_fees_margalla_facing_solid_land_best_living_in_bahria_enclave_islamabad-54843533-20394-2.html"}},{"type":"Feature","geometry":{"type":"Point","coordinates":[72.933769,33.652637]},"properties":{"id":"zameen-54396152","source":"Zameen","confidenceScore":100,"confidenceBand":"High","isOutlier":false,"title":"Cornor , East Service Road 40x80 14 Marla Plot For Sale In F-14/4 Islamabad","propertyGroup":"plot","location":"F-14, Islamabad","neighborhood":"F-14","pricePkr":22500000,"pricePerSqft":7142.86,"pricePerMarla":1607142.86,"areaSqft":3150.0,"beds":null,"baths":null,"url":"https://www.zameen.com/Property/islamabad_f-14_cornor_east_service_road_40x80_14_marla_plot_for_sale_in_f-14_4_islamabad-54396152-3290-2.html"}},{"type":"Feature","geometry":{"type":"Point","coordinates":[72.932882,33.593888]},"properties":{"id":"zameen-54749067","source":"Zameen","confidenceScore":100,"confidenceBand":"High","isOutlier":false,"title":"PHA APARTMENT AVAILABLE FOR SALE IN I-16","propertyGroup":"apartment","location":"I-16, Islamabad","neighborhood":"I-16","pricePkr":6500000,"pricePerSqft":7127.19,"pricePerMarla":1603618.42,"areaSqft":912.0,"beds":2,"baths":2,"url":"https://www.zameen.com/Property/islamabad_i-16_pha_apartment_available_for_sale_in_i-16-54749067-449-1.html"}},{"type":"Feature","geometry":{"type":"Point","coordinates":[73.07595663,33.51928957]},"properties":{"id":"zameen-54166117","source":"Zameen","confidenceScore":100,"confidenceBand":"High","isOutlier":false,"title":"10 Marla Plot For Sale","propertyGroup":"plot","location":"DHA Defence Phase 4, DHA Defence","neighborhood":"DHA Defence","pricePkr":16000000,"pricePerSqft":7111.11,"pricePerMarla":1600000.0,"areaSqft":2250.0,"beds":null,"baths":null,"url":"https://www.zameen.com/Property/dha_defence_dha_defence_phase_4_10_marla_plot_for_sale-54166117-8413-2.html"}},{"type":"Feature","geometry":{"type":"Point","coordinates":[72.972193,33.637489]},"properties":{"id":"zameen-54339060","source":"Zameen","confidenceScore":100,"confidenceBand":"High","isOutlier":false,"title":"5 Marla Rental Income House For Sale in Abdullah Town, H-13","propertyGroup":"house","location":"H-13, Islamabad","neighborhood":"H-13","pricePkr":8000000,"pricePerSqft":7111.11,"pricePerMarla":1600000.0,"areaSqft":1125.0,"beds":2,"baths":1,"url":"https://www.zameen.com/Property/islamabad_h-13_5_marla_rental_income_house_for_sale_in_abdullah_town_h-13-54339060-1039-1.html"}},{"type":"Feature","geometry":{"type":"Point","coordinates":[73.1889129,33.48432489]},"properties":{"id":"zameen-54654537","source":"Zameen","confidenceScore":100,"confidenceBand":"High","isOutlier":false,"title":"10 Marla Heighted & Non-Corner Plot For Sale On (Urgent Basis) On (Investor Rate) In Sector B Near Family Park In DHA 03 Islamabad","propertyGroup":"plot","location":"DHA Phase 3 - Block B, DHA Defence Phase 3","neighborhood":"DHA Defence","pricePkr":16000000,"pricePerSqft":7111.11,"pricePerMarla":1600000.0,"areaSqft":2250.0,"beds":null,"baths":null,"url":"https://www.zameen.com/Property/dha_defence_phase_3_dha_phase_3_-_block_b_10_marla_heighted_non-corner_plot_for_sale_on_urgent_basis_on_investor_rate_in_sector_b_near_family_park_in_dha_03_islamabad-54654537-16227-2.html"}},{"type":"Feature","geometry":{"type":"Point","coordinates":[73.253048,33.680517]},"properties":{"id":"zameen-54729173","source":"Zameen","confidenceScore":100,"confidenceBand":"High","isOutlier":false,"title":"Sector I 5 Marla Plot For Sale In Bahria Enclave Islamabad","propertyGroup":"plot","location":"Bahria Enclave - Sector I, Bahria Enclave","neighborhood":"Bahria Town","pricePkr":8000000,"pricePerSqft":7111.11,"pricePerMarla":1600000.0,"areaSqft":1125.0,"beds":null,"baths":null,"url":"https://www.zameen.com/Property/bahria_enclave_bahria_enclave_-_sector_i_sector_i_5_marla_plot_for_sale_in_bahria_enclave_islamabad-54729173-11982-2.html"}},{"type":"Feature","geometry":{"type":"Point","coordinates":[73.22304198,33.68552911]},"properties":{"id":"zameen-54754674","source":"Zameen","confidenceScore":100,"confidenceBand":"High","isOutlier":false,"title":"Plot For In Sale Sector C-1 10 Marla Park Face Possession Utility Paid Best Location For Living Bahria Enclave Islamabad","propertyGroup":"plot","location":"Bahria Enclave - Sector C1, Bahria Enclave","neighborhood":"Bahria Town","pricePkr":16000000,"pricePerSqft":7111.11,"pricePerMarla":1600000.0,"areaSqft":2250.0,"beds":null,"baths":null,"url":"https://www.zameen.com/Property/bahria_enclave_bahria_enclave_-_sector_c1_plot_for_in_sale_sector_c-1_10_marla_park_face_possession_utility_paid_best_location_for_living_bahria_enclave_islamabad-54754674-11987-2.html"}},{"type":"Feature","geometry":{"type":"Point","coordinates":[72.79061858,33.71127145]},"properties":{"id":"zameen-54756540","source":"Zameen","confidenceScore":100,"confidenceBand":"High","isOutlier":false,"title":"Find Your Ideal Residential Plot In Islamabad Under Rs. 8000000","propertyGroup":"plot","location":"Faisal Hills - Block A, Faisal Hills","neighborhood":"Faisal Hills","pricePkr":8000000,"pricePerSqft":7111.11,"pricePerMarla":1600000.0,"areaSqft":1125.0,"beds":null,"baths":null,"url":"https://www.zameen.com/Property/faisal_hills_faisal_hills_-_block_a_find_your_ideal_residential_plot_in_islamabad_under_rs_8000000-54756540-12655-2.html"}},{"type":"Feature","geometry":{"type":"Point","coordinates":[72.957788,33.601824]},"properties":{"id":"zameen-54796515","source":"Zameen","confidenceScore":96,"confidenceBand":"High","isOutlier":false,"title":"7 Marla Plot For Sale ( Plot No. 20 Service Double Road Extra Land ) I 15/4","propertyGroup":"plot","location":"I-15/4, I-15","neighborhood":"I-15","pricePkr":8000000,"pricePerSqft":7111.11,"pricePerMarla":1600000.0,"areaSqft":1125.0,"beds":null,"baths":null,"url":"https://www.zameen.com/Property/i_15_i-15_4_7_marla_plot_for_sale_plot_no_20_service_double_road_extra_land_i_15_4-54796515-8265-2.html"}},{"type":"Feature","geometry":{"type":"Point","coordinates":[73.174167,33.614691]},"properties":{"id":"zameen-54842153","source":"Zameen","confidenceScore":100,"confidenceBand":"High","isOutlier":false,"title":"10 Kanal Farmhouse Plot for Sale in Gulberg Greens Block C Islamabad Prime Location & Ideal Investment Opportunity","propertyGroup":"plot","location":"Gulberg Greens - Block C, Gulberg Greens","neighborhood":"Gulberg","pricePkr":320000000,"pricePerSqft":7111.11,"pricePerMarla":1600000.0,"areaSqft":45000.0,"beds":null,"baths":null,"url":"https://www.zameen.com/Property/gulberg_greens_gulberg_greens_-_block_c_10_kanal_farmhouse_plot_for_sale_in_gulberg_greens_block_c_islamabad_prime_location_ideal_investment_opportunity-54842153-8315-2.html"}},{"type":"Feature","geometry":{"type":"Point","coordinates":[72.830601,33.68821]},"properties":{"id":"zameen-54843301","source":"Zameen","confidenceScore":100,"confidenceBand":"High","isOutlier":false,"title":"Chance deal kanal b block","propertyGroup":"plot","location":"MPCHS - Block B, MPCHS - Multi Gardens","neighborhood":"B-17","pricePkr":32000000,"pricePerSqft":7111.11,"pricePerMarla":1600000.0,"areaSqft":4500.0,"beds":null,"baths":null,"url":"https://www.zameen.com/Property/mpchs_multi_gardens_mpchs_-_block_b_chance_deal_kanal_b_block-54843301-3117-2.html"}},{"type":"Feature","geometry":{"type":"Point","coordinates":[73.069114,33.52336]},"properties":{"id":"zameen-54843486","source":"Zameen","confidenceScore":100,"confidenceBand":"High","isOutlier":false,"title":"DHA Phase 4 sector D street 20 park face","propertyGroup":"plot","location":"DHA Phase 4 - Sector D, DHA Defence Phase 4","neighborhood":"DHA Defence","pricePkr":16000000,"pricePerSqft":7111.11,"pricePerMarla":1600000.0,"areaSqft":2250.0,"beds":null,"baths":null,"url":"https://www.zameen.com/Property/dha_defence_phase_4_dha_phase_4_-_sector_d_dha_phase_4_sector_d_street_20_park_face-54843486-13959-2.html"}},{"type":"Feature","geometry":{"type":"Point","coordinates":[72.826653,33.694495]},"properties":{"id":"zameen-54793133","source":"Zameen","confidenceScore":100,"confidenceBand":"High","isOutlier":false,"title":"Sale A Residential Plot In Islamabad Prime Location","propertyGroup":"plot","location":"MPCHS - Block A, MPCHS - Multi Gardens","neighborhood":"B-17","pricePkr":31900000,"pricePerSqft":7088.89,"pricePerMarla":1595000.0,"areaSqft":4500.0,"beds":null,"baths":null,"url":"https://www.zameen.com/Property/mpchs_multi_gardens_mpchs_-_block_a_sale_a_residential_plot_in_islamabad_prime_location-54793133-3116-2.html"}},{"type":"Feature","geometry":{"type":"Point","coordinates":[72.830601,33.68821]},"properties":{"id":"zameen-54831623","source":"Zameen","confidenceScore":100,"confidenceBand":"High","isOutlier":false,"title":"Plot # 176-B Sale For Future Inbestmemt And Living.","propertyGroup":"plot","location":"MPCHS - Block B, MPCHS - Multi Gardens","neighborhood":"B-17","pricePkr":31500000,"pricePerSqft":7000.0,"pricePerMarla":1575000.0,"areaSqft":4500.0,"beds":null,"baths":null,"url":"https://www.zameen.com/Property/mpchs_multi_gardens_mpchs_-_block_b_plot_176-b_sale_for_future_inbestmemt_and_living-54831623-3117-2.html"}},{"type":"Feature","geometry":{"type":"Point","coordinates":[72.7995694,33.68175979]},"properties":{"id":"zameen-52535445","source":"Zameen","confidenceScore":100,"confidenceBand":"High","isOutlier":false,"title":"30*60 8 Marla Plot For Sale In Block E B-17","propertyGroup":"plot","location":"MPCHS - Block E, MPCHS - Multi Gardens","neighborhood":"B-17","pricePkr":12500000,"pricePerSqft":6944.44,"pricePerMarla":1562500.0,"areaSqft":1800.0,"beds":null,"baths":null,"url":"https://www.zameen.com/Property/mpchs_multi_gardens_mpchs_-_block_e_30_60_8_marla_plot_for_sale_in_block_e_b-17-52535445-3120-2.html"}},{"type":"Feature","geometry":{"type":"Point","coordinates":[73.0760765,33.522679]},"properties":{"id":"zameen-52494629","source":"Zameen","confidenceScore":100,"confidenceBand":"High","isOutlier":false,"title":"Ready To1 Kanal Residential Plot For Sale In DHA Phase 4 - Sector A Islamabad","propertyGroup":"plot","location":"DHA Phase 4 - Sector A, DHA Defence Phase 4","neighborhood":"DHA Defence","pricePkr":31000000,"pricePerSqft":6888.89,"pricePerMarla":1550000.0,"areaSqft":4500.0,"beds":null,"baths":null,"url":"https://www.zameen.com/Property/dha_defence_phase_4_dha_phase_4_-_sector_a_ready_to1_kanal_residential_plot_for_sale_in_dha_phase_4_-_sector_a_islamabad-52494629-13956-2.html"}},{"type":"Feature","geometry":{"type":"Point","coordinates":[73.081112,33.523538]},"properties":{"id":"zameen-54565829","source":"Zameen","confidenceScore":96,"confidenceBand":"High","isOutlier":false,"title":"Solid Land 1 Kanal Plot For Sale Dha Phase 4 Sector A","propertyGroup":"plot","location":"DHA Phase 4 - Sector A, DHA Defence Phase 4","neighborhood":"DHA Defence","pricePkr":31000000,"pricePerSqft":6888.89,"pricePerMarla":1550000.0,"areaSqft":4500.0,"beds":null,"baths":null,"url":"https://www.zameen.com/Property/dha_defence_phase_4_dha_phase_4_-_sector_a_solid_land_1_kanal_plot_for_sale_dha_phase_4_sector_a-54565829-13956-2.html"}},{"type":"Feature","geometry":{"type":"Point","coordinates":[73.218019,33.589544]},"properties":{"id":"zameen-54723581","source":"Zameen","confidenceScore":100,"confidenceBand":"High","isOutlier":false,"title":"Find Your Ideal Residential Plot In Islamabad Under Rs. 15500000","propertyGroup":"plot","location":"Gulberg Residencia - Block R, Gulberg Residencia","neighborhood":"Gulberg","pricePkr":15500000,"pricePerSqft":6888.89,"pricePerMarla":1550000.0,"areaSqft":2250.0,"beds":null,"baths":null,"url":"https://www.zameen.com/Property/gulberg_residencia_gulberg_residencia_-_block_r_find_your_ideal_residential_plot_in_islamabad_under_rs_15500000-54723581-9128-2.html"}},{"type":"Feature","geometry":{"type":"Point","coordinates":[72.815123,33.685511]},"properties":{"id":"zameen-54791613","source":"Zameen","confidenceScore":100,"confidenceBand":"High","isOutlier":false,"title":"Top Location Kanal Plot For Sale On 60 Ft Street Direct Access TO MDR","propertyGroup":"plot","location":"MPCHS - Block C1, MPCHS - Multi Gardens","neighborhood":"B-17","pricePkr":31000000,"pricePerSqft":6888.89,"pricePerMarla":1550000.0,"areaSqft":4500.0,"beds":null,"baths":null,"url":"https://www.zameen.com/Property/mpchs_multi_gardens_mpchs_-_block_c1_top_location_kanal_plot_for_sale_on_60_ft_street_direct_access_to_mdr-54791613-12607-2.html"}},{"type":"Feature","geometry":{"type":"Point","coordinates":[72.823906,33.679925]},"properties":{"id":"zameen-54815121","source":"Zameen","confidenceScore":100,"confidenceBand":"High","isOutlier":false,"title":"35/70 = 10 Marla Plot For Sale in Block C B-17","propertyGroup":"plot","location":"MPCHS - Block C, MPCHS - Multi Gardens","neighborhood":"B-17","pricePkr":15500000,"pricePerSqft":6888.89,"pricePerMarla":1550000.0,"areaSqft":2250.0,"beds":null,"baths":null,"url":"https://www.zameen.com/Property/mpchs_multi_gardens_mpchs_-_block_c_35_70_10_marla_plot_for_sale_in_block_c_b-17-54815121-3118-2.html"}},{"type":"Feature","geometry":{"type":"Point","coordinates":[73.1889129,33.48432489]},"properties":{"id":"zameen-54842844","source":"Zameen","confidenceScore":100,"confidenceBand":"High","isOutlier":false,"title":"Idyllic Residential Plot Available In DHA Phase 3 - Block B For sale","propertyGroup":"plot","location":"DHA Phase 3 - Block B, DHA Defence Phase 3","neighborhood":"DHA Defence","pricePkr":15500000,"pricePerSqft":6888.89,"pricePerMarla":1550000.0,"areaSqft":2250.0,"beds":null,"baths":null,"url":"https://www.zameen.com/Property/dha_defence_phase_3_dha_phase_3_-_block_b_idyllic_residential_plot_available_in_dha_phase_3_-_block_b_for_sale-54842844-16227-2.html"}},{"type":"Feature","geometry":{"type":"Point","coordinates":[73.2470438,33.52897374]},"properties":{"id":"zameen-54843405","source":"Zameen","confidenceScore":100,"confidenceBand":"High","isOutlier":false,"title":"Residential Plot In DHA Phase 6 - Sector A For sale","propertyGroup":"plot","location":"DHA Phase 6 - Sector A, DHA Defence Phase 6","neighborhood":"DHA Defence","pricePkr":31000000,"pricePerSqft":6888.89,"pricePerMarla":1550000.0,"areaSqft":4500.0,"beds":null,"baths":null,"url":"https://www.zameen.com/Property/dha_defence_phase_6_dha_phase_6_-_sector_a_residential_plot_in_dha_phase_6_-_sector_a_for_sale-54843405-18745-2.html"}},{"type":"Feature","geometry":{"type":"Point","coordinates":[73.210251,33.581751]},"properties":{"id":"zameen-54786979","source":"Zameen","confidenceScore":100,"confidenceBand":"High","isOutlier":false,"title":"Centrally Located Residential Plot For sale In Gulberg Residencia - Block V Available","propertyGroup":"plot","location":"Gulberg Residencia - Block V, Gulberg Residencia","neighborhood":"Gulberg","pricePkr":15300000,"pricePerSqft":6800.0,"pricePerMarla":1530000.0,"areaSqft":2250.0,"beds":null,"baths":null,"url":"https://www.zameen.com/Property/gulberg_residencia_gulberg_residencia_-_block_v_centrally_located_residential_plot_for_sale_in_gulberg_residencia_-_block_v_available-54786979-9131-2.html"}},{"type":"Feature","geometry":{"type":"Point","coordinates":[73.0760765,33.522679]},"properties":{"id":"zameen-54843490","source":"Zameen","confidenceScore":100,"confidenceBand":"High","isOutlier":false,"title":"DHA Phase 4 Sector A Street no 3","propertyGroup":"plot","location":"DHA Phase 4 - Sector A, DHA Defence Phase 4","neighborhood":"DHA Defence","pricePkr":30500000,"pricePerSqft":6777.78,"pricePerMarla":1525000.0,"areaSqft":4500.0,"beds":null,"baths":null,"url":"https://www.zameen.com/Property/dha_defence_phase_4_dha_phase_4_-_sector_a_dha_phase_4_sector_a_street_no_3-54843490-13956-2.html"}},{"type":"Feature","geometry":{"type":"Point","coordinates":[73.1889129,33.48432489]},"properties":{"id":"zameen-54232428","source":"Zameen","confidenceScore":100,"confidenceBand":"High","isOutlier":false,"title":"10 Marla Plot Available For Sale In DHA 3 Sector B","propertyGroup":"plot","location":"DHA Phase 3 - Block B, DHA Defence Phase 3","neighborhood":"DHA Defence","pricePkr":15200000,"pricePerSqft":6755.56,"pricePerMarla":1520000.0,"areaSqft":2250.0,"beds":null,"baths":null,"url":"https://www.zameen.com/Property/dha_defence_phase_3_dha_phase_3_-_block_b_10_marla_plot_available_for_sale_in_dha_3_sector_b-54232428-16227-2.html"}},{"type":"Feature","geometry":{"type":"Point","coordinates":[73.142509,33.528946]},"properties":{"id":"zameen-54780913","source":"Zameen","confidenceScore":100,"confidenceBand":"High","isOutlier":false,"title":"28 Marla Plot For Sale In DHA 2 Sector A","propertyGroup":"plot","location":"DHA Phase 2 - Sector A, DHA Defence Phase 2","neighborhood":"DHA Defence","pricePkr":42500000,"pricePerSqft":6746.03,"pricePerMarla":1517857.14,"areaSqft":6300.0,"beds":null,"baths":null,"url":"https://www.zameen.com/Property/dha_defence_phase_2_dha_phase_2_-_sector_a_28_marla_plot_for_sale_in_dha_2_sector_a-54780913-3196-2.html"}},{"type":"Feature","geometry":{"type":"Point","coordinates":[73.1889129,33.48432489]},"properties":{"id":"zameen-53358478","source":"Zameen","confidenceScore":100,"confidenceBand":"High","isOutlier":false,"title":"11 Marla Corner Plot For Sale In DHA 3","propertyGroup":"plot","location":"DHA Phase 3 - Block B, DHA Defence Phase 3","neighborhood":"DHA Defence","pricePkr":16500000,"pricePerSqft":6666.67,"pricePerMarla":1500000.0,"areaSqft":2475.0,"beds":null,"baths":null,"url":"https://www.zameen.com/Property/dha_defence_phase_3_dha_phase_3_-_block_b_11_marla_corner_plot_for_sale_in_dha_3-53358478-16227-2.html"}},{"type":"Feature","geometry":{"type":"Point","coordinates":[73.25621896,33.6853172]},"properties":{"id":"zameen-54122686","source":"Zameen","confidenceScore":100,"confidenceBand":"High","isOutlier":false,"title":"Sector J 8 Marla Prime Location Plot For Sale In Bahria Enclave Islamabad","propertyGroup":"plot","location":"Bahria Enclave - Sector J, Bahria Enclave","neighborhood":"Bahria Town","pricePkr":12000000,"pricePerSqft":6666.67,"pricePerMarla":1500000.0,"areaSqft":1800.0,"beds":null,"baths":null,"url":"https://www.zameen.com/Property/bahria_enclave_bahria_enclave_-_sector_j_sector_j_8_marla_prime_location_plot_for_sale_in_bahria_enclave_islamabad-54122686-11981-2.html"}},{"type":"Feature","geometry":{"type":"Point","coordinates":[73.0760765,33.522679]},"properties":{"id":"zameen-54371788","source":"Zameen","confidenceScore":96,"confidenceBand":"High","isOutlier":false,"title":"10 Marla Plot Available For Sale In Dha Phase 4","propertyGroup":"plot","location":"DHA Phase 4 - Sector A, DHA Defence Phase 4","neighborhood":"DHA Defence","pricePkr":15000000,"pricePerSqft":6666.67,"pricePerMarla":1500000.0,"areaSqft":2250.0,"beds":null,"baths":null,"url":"https://www.zameen.com/Property/dha_defence_phase_4_dha_phase_4_-_sector_a_10_marla_plot_available_for_sale_in_dha_phase_4-54371788-13956-2.html"}},{"type":"Feature","geometry":{"type":"Point","coordinates":[72.866212,33.563537]},"properties":{"id":"zameen-54463859","source":"Zameen","confidenceScore":100,"confidenceBand":"High","isOutlier":false,"title":"Plot Is Available For Sale","propertyGroup":"plot","location":"Top City 1 - Block G, Top City 1","neighborhood":"Top City 1","pricePkr":7500000,"pricePerSqft":6666.67,"pricePerMarla":1500000.0,"areaSqft":1125.0,"beds":null,"baths":null,"url":"https://www.zameen.com/Property/top_city_1_top_city_1_-_block_g_plot_is_available_for_sale-54463859-9236-2.html"}},{"type":"Feature","geometry":{"type":"Point","coordinates":[73.18384333,33.48414731]},"properties":{"id":"zameen-54470915","source":"Zameen","confidenceScore":100,"confidenceBand":"High","isOutlier":false,"title":"10 Marla Beautiful Plot Adjacent to Park For Sale In Sector K, DHA Phase 3 Islamabad","propertyGroup":"plot","location":"DHA Defence Phase 3, DHA Defence","neighborhood":"DHA Defence","pricePkr":15000000,"pricePerSqft":6666.67,"pricePerMarla":1500000.0,"areaSqft":2250.0,"beds":null,"baths":null,"url":"https://www.zameen.com/Property/dha_defence_dha_defence_phase_3_10_marla_beautiful_plot_adjacent_to_park_for_sale_in_sector_k_dha_phase_3_islamabad-54470915-8412-2.html"}},{"type":"Feature","geometry":{"type":"Point","coordinates":[72.77076279,33.68659192]},"properties":{"id":"zameen-54584768","source":"Zameen","confidenceScore":100,"confidenceBand":"High","isOutlier":false,"title":"Beautifull 5 Marla Plot","propertyGroup":"plot","location":"MPCHS - Block G, MPCHS - Multi Gardens","neighborhood":"B-17","pricePkr":7500000,"pricePerSqft":6666.67,"pricePerMarla":1500000.0,"areaSqft":1125.0,"beds":null,"baths":null,"url":"https://www.zameen.com/Property/mpchs_multi_gardens_mpchs_-_block_g_beautifull_5_marla_plot-54584768-12711-2.html"}},{"type":"Feature","geometry":{"type":"Point","coordinates":[72.801882736,33.700487881]},"properties":{"id":"zameen-54733925","source":"Zameen","confidenceScore":100,"confidenceBand":"High","isOutlier":false,"title":"FOR SALE | Plot 875, Executive Block Faisal Hills | With Extra Land!","propertyGroup":"plot","location":"Faisal Hills - Executive Block, Faisal Hills","neighborhood":"Faisal Hills","pricePkr":7500000,"pricePerSqft":6666.67,"pricePerMarla":1500000.0,"areaSqft":1125.0,"beds":null,"baths":null,"url":"https://www.zameen.com/Property/faisal_hills_faisal_hills_-_executive_block_for_sale_plot_875_executive_block_faisal_hills_with_extra_land-54733925-16527-2.html"}},{"type":"Feature","geometry":{"type":"Point","coordinates":[73.218405,33.583181]},"properties":{"id":"zameen-54744888","source":"Zameen","confidenceScore":100,"confidenceBand":"High","isOutlier":false,"title":"10 Marla Plot For Sale T Block, Gulberg Islamabad Prime Investment Opportunity | Developed & Possession Ready","propertyGroup":"plot","location":"Gulberg Residencia - Block T, Gulberg Residencia","neighborhood":"Gulberg","pricePkr":15000000,"pricePerSqft":6666.67,"pricePerMarla":1500000.0,"areaSqft":2250.0,"beds":null,"baths":null,"url":"https://www.zameen.com/Property/gulberg_residencia_gulberg_residencia_-_block_t_10_marla_plot_for_sale_t_block_gulberg_islamabad_prime_investment_opportunity_developed_possession_ready-54744888-9130-2.html"}},{"type":"Feature","geometry":{"type":"Point","coordinates":[72.932882,33.593888]},"properties":{"id":"zameen-54748845","source":"Zameen","confidenceScore":100,"confidenceBand":"High","isOutlier":false,"title":"PLOT AVAILABLE FOR SALE IN I-16","propertyGroup":"plot","location":"I-16, Islamabad","neighborhood":"I-16","pricePkr":7500000,"pricePerSqft":6666.67,"pricePerMarla":1500000.0,"areaSqft":1125.0,"beds":null,"baths":null,"url":"https://www.zameen.com/Property/islamabad_i-16_plot_available_for_sale_in_i-16-54748845-449-2.html"}},{"type":"Feature","geometry":{"type":"Point","coordinates":[72.92674,33.658657]},"properties":{"id":"zameen-54757060","source":"Zameen","confidenceScore":100,"confidenceBand":"High","isOutlier":false,"title":"50x90 Corner Plot For Sale In F-14/2","propertyGroup":"plot","location":"F-14/2, F-14","neighborhood":"F-14","pricePkr":30000000,"pricePerSqft":6666.67,"pricePerMarla":1500000.0,"areaSqft":4500.0,"beds":null,"baths":null,"url":"https://www.zameen.com/Property/f_14_f-14_2_50x90_corner_plot_for_sale_in_f-14_2-54757060-22626-2.html"}},{"type":"Feature","geometry":{"type":"Point","coordinates":[73.223537,33.721908]},"properties":{"id":"zameen-54760039","source":"Zameen","confidenceScore":100,"confidenceBand":"High","isOutlier":false,"title":"PARK VIEW CITY ISLAMABAD PLOT FOR SALE","propertyGroup":"plot","location":"Park View City - Overseas Block, Park View City","neighborhood":"Park View City","pricePkr":30000000,"pricePerSqft":6666.67,"pricePerMarla":1500000.0,"areaSqft":4500.0,"beds":null,"baths":null,"url":"https://www.zameen.com/Property/park_view_city_park_view_city_-_overseas_block_park_view_city_islamabad_plot_for_sale-54760039-19666-2.html"}},{"type":"Feature","geometry":{"type":"Point","coordinates":[73.2470438,33.52897374]},"properties":{"id":"zameen-54764877","source":"Zameen","confidenceScore":100,"confidenceBand":"High","isOutlier":false,"title":"Signature Properties Offer Beautiful Sector A Street 6 Dha Phase 6 Islamabad","propertyGroup":"plot","location":"DHA Phase 6 - Sector A, DHA Defence Phase 6","neighborhood":"DHA Defence","pricePkr":30000000,"pricePerSqft":6666.67,"pricePerMarla":1500000.0,"areaSqft":4500.0,"beds":null,"baths":null,"url":"https://www.zameen.com/Property/dha_defence_phase_6_dha_phase_6_-_sector_a_signature_properties_offer_beautiful_sector_a_street_6_dha_phase_6_islamabad-54764877-18745-2.html"}},{"type":"Feature","geometry":{"type":"Point","coordinates":[73.217373,33.527519]},"properties":{"id":"zameen-54773692","source":"Zameen","confidenceScore":100,"confidenceBand":"High","isOutlier":false,"title":"DHA Phase 5 ISB SECTOR G Kanal Plot Available For Sale Good Location Lavel Solid Land Plot Front Park Easy Access To Express Way Islamabad","propertyGroup":"plot","location":"DHA Phase 5 - Sector G, DHA Defence Phase 5","neighborhood":"DHA Defence","pricePkr":30000000,"pricePerSqft":6666.67,"pricePerMarla":1500000.0,"areaSqft":4500.0,"beds":null,"baths":null,"url":"https://www.zameen.com/Property/dha_defence_phase_5_dha_phase_5_-_sector_g_dha_phase_5_isb_sector_g_kanal_plot_available_for_sale_good_location_lavel_solid_land_plot_front_park_easy_access_to_express_way_islamabad-54773692-9442-2.html"}},{"type":"Feature","geometry":{"type":"Point","coordinates":[72.9198792,33.6939187]},"properties":{"id":"zameen-54775886","source":"Zameen","confidenceScore":100,"confidenceBand":"High","isOutlier":false,"title":"Third Ballot 5 Marla Me-1 Down Payment Plus Profit","propertyGroup":"plot","location":"Margalla Enclave, Margalla Avenue","neighborhood":"Margalla Avenue","pricePkr":7500000,"pricePerSqft":6666.67,"pricePerMarla":1500000.0,"areaSqft":1125.0,"beds":null,"baths":null,"url":"https://www.zameen.com/Property/margalla_avenue_margalla_enclave_third_ballot_5_marla_me-1_down_payment_plus_profit-54775886-21436-2.html"}},{"type":"Feature","geometry":{"type":"Point","coordinates":[72.919879216277,33.693918714802]},"properties":{"id":"zameen-54775968","source":"Zameen","confidenceScore":100,"confidenceBand":"High","isOutlier":false,"title":"Third Ballot Lake District Kanal Plots Available For Sale","propertyGroup":"plot","location":"Margalla Enclave, Margalla Avenue","neighborhood":"Margalla Avenue","pricePkr":30000000,"pricePerSqft":6666.67,"pricePerMarla":1500000.0,"areaSqft":4500.0,"beds":null,"baths":null,"url":"https://www.zameen.com/Property/margalla_avenue_margalla_enclave_third_ballot_lake_district_kanal_plots_available_for_sale-54775968-21436-2.html"}},{"type":"Feature","geometry":{"type":"Point","coordinates":[72.942667,33.653255]},"properties":{"id":"zameen-54817206","source":"Zameen","confidenceScore":96,"confidenceBand":"High","isOutlier":false,"title":"35x70 Level Plot in F-14/4 | Clear Land | High ROI Potential","propertyGroup":"plot","location":"F-14/4, F-14","neighborhood":"F-14","pricePkr":15000000,"pricePerSqft":6666.67,"pricePerMarla":1500000.0,"areaSqft":2250.0,"beds":null,"baths":null,"url":"https://www.zameen.com/Property/f_14_f-14_4_35x70_level_plot_in_f-14_4_clear_land_high_roi_potential-54817206-22628-2.html"}},{"type":"Feature","geometry":{"type":"Point","coordinates":[73.223537,33.721908]},"properties":{"id":"zameen-54822810","source":"Zameen","confidenceScore":100,"confidenceBand":"High","isOutlier":false,"title":"Exclusive 5 Marla Prime Plot for Sale Overseas Block, Park View City, Islamabad","propertyGroup":"plot","location":"Park View City - Overseas Block, Park View City","neighborhood":"Park View City","pricePkr":7500000,"pricePerSqft":6666.67,"pricePerMarla":1500000.0,"areaSqft":1125.0,"beds":null,"baths":null,"url":"https://www.zameen.com/Property/park_view_city_park_view_city_-_overseas_block_exclusive_5_marla_prime_plot_for_sale_overseas_block_park_view_city_islamabad-54822810-19666-2.html"}},{"type":"Feature","geometry":{"type":"Point","coordinates":[73.25304837,33.68051678]},"properties":{"id":"zameen-54843516","source":"Zameen","confidenceScore":100,"confidenceBand":"High","isOutlier":false,"title":"Plot For Sale In Sector I Near To Possession Main Boleivard Front Open In Bahria Enclave Islamabad","propertyGroup":"plot","location":"Bahria Enclave - Sector I, Bahria Enclave","neighborhood":"Bahria Town","pricePkr":7500000,"pricePerSqft":6666.67,"pricePerMarla":1500000.0,"areaSqft":1125.0,"beds":null,"baths":null,"url":"https://www.zameen.com/Property/bahria_enclave_bahria_enclave_-_sector_i_plot_for_sale_in_sector_i_near_to_possession_main_boleivard_front_open_in_bahria_enclave_islamabad-54843516-11982-2.html"}},{"type":"Feature","geometry":{"type":"Point","coordinates":[72.942667,33.653255]},"properties":{"id":"zameen-54554820","source":"Zameen","confidenceScore":100,"confidenceBand":"High","isOutlier":false,"title":"East Service Road 40-80 = 14 Marla Plot For Sale In F-14/4 Islamabad","propertyGroup":"plot","location":"F-14/4, F-14","neighborhood":"F-14","pricePkr":20500000,"pricePerSqft":6507.94,"pricePerMarla":1464285.71,"areaSqft":3150.0,"beds":null,"baths":null,"url":"https://www.zameen.com/Property/f_14_f-14_4_east_service_road_40-80_14_marla_plot_for_sale_in_f-14_4_islamabad-54554820-22628-2.html"}},{"type":"Feature","geometry":{"type":"Point","coordinates":[73.19366743,33.48469111]},"properties":{"id":"zameen-54737802","source":"Zameen","confidenceScore":100,"confidenceBand":"High","isOutlier":false,"title":"22 Marla Duble Road Duble Gate Approved Plot For Sale","propertyGroup":"plot","location":"DHA Phase 3 - Block A, DHA Defence Phase 3","neighborhood":"DHA Defence","pricePkr":32000000,"pricePerSqft":6464.65,"pricePerMarla":1454545.45,"areaSqft":4950.0,"beds":null,"baths":null,"url":"https://www.zameen.com/Property/dha_defence_phase_3_dha_phase_3_-_block_a_22_marla_duble_road_duble_gate_approved_plot_for_sale-54737802-16228-2.html"}},{"type":"Feature","geometry":{"type":"Point","coordinates":[73.1889129,33.48432489]},"properties":{"id":"zameen-54833050","source":"Zameen","confidenceScore":100,"confidenceBand":"High","isOutlier":false,"title":"11 Marla Plot Available For Sale In DHA 3 Sctor B","propertyGroup":"plot","location":"DHA Phase 3 - Block B, DHA Defence Phase 3","neighborhood":"DHA Defence","pricePkr":16000000,"pricePerSqft":6464.65,"pricePerMarla":1454545.45,"areaSqft":2475.0,"beds":null,"baths":null,"url":"https://www.zameen.com/Property/dha_defence_phase_3_dha_phase_3_-_block_b_11_marla_plot_available_for_sale_in_dha_3_sctor_b-54833050-16227-2.html"}},{"type":"Feature","geometry":{"type":"Point","coordinates":[73.1889129,33.48432489]},"properties":{"id":"zameen-54693859","source":"Zameen","confidenceScore":100,"confidenceBand":"High","isOutlier":false,"title":"Kanal plot Available for sale in DHA 3 sctor B","propertyGroup":"plot","location":"DHA Phase 3 - Block B, DHA Defence Phase 3","neighborhood":"DHA Defence","pricePkr":29000000,"pricePerSqft":6444.44,"pricePerMarla":1450000.0,"areaSqft":4500.0,"beds":null,"baths":null,"url":"https://www.zameen.com/Property/dha_defence_phase_3_dha_phase_3_-_block_b_kanal_plot_available_for_sale_in_dha_3_sctor_b-54693859-16227-2.html"}},{"type":"Feature","geometry":{"type":"Point","coordinates":[73.1889129,33.48432489]},"properties":{"id":"zameen-54693870","source":"Zameen","confidenceScore":100,"confidenceBand":"High","isOutlier":false,"title":"2knaal Pairs plot available for sale in DHA 3 sctor B","propertyGroup":"plot","location":"DHA Phase 3 - Block B, DHA Defence Phase 3","neighborhood":"DHA Defence","pricePkr":58000000,"pricePerSqft":6444.44,"pricePerMarla":1450000.0,"areaSqft":9000.0,"beds":null,"baths":null,"url":"https://www.zameen.com/Property/dha_defence_phase_3_dha_phase_3_-_block_b_2knaal_pairs_plot_available_for_sale_in_dha_3_sctor_b-54693870-16227-2.html"}},{"type":"Feature","geometry":{"type":"Point","coordinates":[73.210251,33.581751]},"properties":{"id":"zameen-54708810","source":"Zameen","confidenceScore":100,"confidenceBand":"High","isOutlier":false,"title":"10 Marla Develop Possession Plot For Sale In Gulberg Residencia Block V","propertyGroup":"plot","location":"Gulberg Residencia - Block V, Gulberg Residencia","neighborhood":"Gulberg","pricePkr":14500000,"pricePerSqft":6444.44,"pricePerMarla":1450000.0,"areaSqft":2250.0,"beds":null,"baths":null,"url":"https://www.zameen.com/Property/gulberg_residencia_gulberg_residencia_-_block_v_10_marla_develop_possession_plot_for_sale_in_gulberg_residencia_block_v-54708810-9131-2.html"}},{"type":"Feature","geometry":{"type":"Point","coordinates":[72.933769,33.652637]},"properties":{"id":"zameen-54820238","source":"Zameen","confidenceScore":100,"confidenceBand":"High","isOutlier":false,"title":"Want To Buy A Residential Plot In F-14?","propertyGroup":"plot","location":"F-14, Islamabad","neighborhood":"F-14","pricePkr":14500000,"pricePerSqft":6444.44,"pricePerMarla":1450000.0,"areaSqft":2250.0,"beds":null,"baths":null,"url":"https://www.zameen.com/Property/islamabad_f-14_want_to_buy_a_residential_plot_in_f-14-54820238-3290-2.html"}},{"type":"Feature","geometry":{"type":"Point","coordinates":[73.1889129,33.48432489]},"properties":{"id":"zameen-54843403","source":"Zameen","confidenceScore":96,"confidenceBand":"High","isOutlier":false,"title":"1 Kanal plot available for sale","propertyGroup":"plot","location":"DHA Phase 3 - Block B, DHA Defence Phase 3","neighborhood":"DHA Defence","pricePkr":29000000,"pricePerSqft":6444.44,"pricePerMarla":1450000.0,"areaSqft":4500.0,"beds":null,"baths":null,"url":"https://www.zameen.com/Property/dha_defence_phase_3_dha_phase_3_-_block_b_1_kanal_plot_available_for_sale-54843403-16227-2.html"}},{"type":"Feature","geometry":{"type":"Point","coordinates":[73.0723623,33.5169542]},"properties":{"id":"zameen-54843477","source":"Zameen","confidenceScore":100,"confidenceBand":"High","isOutlier":false,"title":"DHA Phase 4 sector C street no 8","propertyGroup":"plot","location":"DHA Phase 4 - Sector C, DHA Defence Phase 4","neighborhood":"DHA Defence","pricePkr":29000000,"pricePerSqft":6444.44,"pricePerMarla":1450000.0,"areaSqft":4500.0,"beds":null,"baths":null,"url":"https://www.zameen.com/Property/dha_defence_phase_4_dha_phase_4_-_sector_c_dha_phase_4_sector_c_street_no_8-54843477-13958-2.html"}},{"type":"Feature","geometry":{"type":"Point","coordinates":[72.860634,33.589205]},"properties":{"id":"zameen-54742503","source":"Zameen","confidenceScore":100,"confidenceBand":"High","isOutlier":false,"title":"Plot For Sale","propertyGroup":"plot","location":"Mumtaz City, Islamabad","neighborhood":"Mumtaz City","pricePkr":7200000,"pricePerSqft":6400.0,"pricePerMarla":1440000.0,"areaSqft":1125.0,"beds":null,"baths":null,"url":"https://www.zameen.com/Property/islamabad_mumtaz_city_plot_for_sale-54742503-3464-2.html"}},{"type":"Feature","geometry":{"type":"Point","coordinates":[73.1889129,33.48432489]},"properties":{"id":"zameen-54287015","source":"Zameen","confidenceScore":100,"confidenceBand":"High","isOutlier":false,"title":"Kanal Corner Plot Available For Sale In DHA 3 Sctor B","propertyGroup":"plot","location":"DHA Phase 3 - Block B, DHA Defence Phase 3","neighborhood":"DHA Defence","pricePkr":28500000,"pricePerSqft":6333.33,"pricePerMarla":1425000.0,"areaSqft":4500.0,"beds":null,"baths":null,"url":"https://www.zameen.com/Property/dha_defence_phase_3_dha_phase_3_-_block_b_kanal_corner_plot_available_for_sale_in_dha_3_sctor_b-54287015-16227-2.html"}},{"type":"Feature","geometry":{"type":"Point","coordinates":[73.0760765,33.522679]},"properties":{"id":"zameen-54727129","source":"Zameen","confidenceScore":96,"confidenceBand":"High","isOutlier":false,"title":"1 Kanal Develop Possession Able Plot Available For Sale","propertyGroup":"plot","location":"DHA Phase 4 - Sector A, DHA Defence Phase 4","neighborhood":"DHA Defence","pricePkr":28500000,"pricePerSqft":6333.33,"pricePerMarla":1425000.0,"areaSqft":4500.0,"beds":null,"baths":null,"url":"https://www.zameen.com/Property/dha_defence_phase_4_dha_phase_4_-_sector_a_1_kanal_develop_possession_able_plot_available_for_sale-54727129-13956-2.html"}},{"type":"Feature","geometry":{"type":"Point","coordinates":[73.212054,33.595407]},"properties":{"id":"zameen-54760219","source":"Zameen","confidenceScore":100,"confidenceBand":"High","isOutlier":false,"title":"50x90 Plot For Sale In J Block Of Gulberg Islamabad","propertyGroup":"plot","location":"Gulberg Residencia - Block J, Gulberg Residencia","neighborhood":"Gulberg","pricePkr":28500000,"pricePerSqft":6333.33,"pricePerMarla":1425000.0,"areaSqft":4500.0,"beds":null,"baths":null,"url":"https://www.zameen.com/Property/gulberg_residencia_gulberg_residencia_-_block_j_50x90_plot_for_sale_in_j_block_of_gulberg_islamabad-54760219-9120-2.html"}},{"type":"Feature","geometry":{"type":"Point","coordinates":[72.815123,33.685511]},"properties":{"id":"zameen-54793132","source":"Zameen","confidenceScore":100,"confidenceBand":"High","isOutlier":false,"title":"1 Kanal Residential Plot For Sale In MPCHS - Block C1","propertyGroup":"plot","location":"MPCHS - Block C1, MPCHS - Multi Gardens","neighborhood":"B-17","pricePkr":28500000,"pricePerSqft":6333.33,"pricePerMarla":1425000.0,"areaSqft":4500.0,"beds":null,"baths":null,"url":"https://www.zameen.com/Property/mpchs_multi_gardens_mpchs_-_block_c1_1_kanal_residential_plot_for_sale_in_mpchs_-_block_c1-54793132-12607-2.html"}},{"type":"Feature","geometry":{"type":"Point","coordinates":[72.933769,33.652637]},"properties":{"id":"zameen-53704459","source":"Zameen","confidenceScore":100,"confidenceBand":"High","isOutlier":false,"title":"F-14 10 Marla Plot For Sale","propertyGroup":"plot","location":"F-14, Islamabad","neighborhood":"F-14","pricePkr":14000000,"pricePerSqft":6222.22,"pricePerMarla":1400000.0,"areaSqft":2250.0,"beds":null,"baths":null,"url":"https://www.zameen.com/Property/islamabad_f-14_f-14_10_marla_plot_for_sale-53704459-3290-2.html"}},{"type":"Feature","geometry":{"type":"Point","coordinates":[72.860634,33.589205]},"properties":{"id":"zameen-53891005","source":"Zameen","confidenceScore":100,"confidenceBand":"High","isOutlier":false,"title":"Newly Developed Block Of Mumtaz City Islamabad Chance To Buy A Reasonable Plot","propertyGroup":"plot","location":"Mumtaz City, Islamabad","neighborhood":"Mumtaz City","pricePkr":7000000,"pricePerSqft":6222.22,"pricePerMarla":1400000.0,"areaSqft":1125.0,"beds":null,"baths":null,"url":"https://www.zameen.com/Property/islamabad_mumtaz_city_newly_developed_block_of_mumtaz_city_islamabad_chance_to_buy_a_reasonable_plot-53891005-3464-2.html"}},{"type":"Feature","geometry":{"type":"Point","coordinates":[73.210251,33.581751]},"properties":{"id":"zameen-54563737","source":"Zameen","confidenceScore":100,"confidenceBand":"High","isOutlier":false,"title":"V Block 10 Marla 1230 Series Plot For Sale","propertyGroup":"plot","location":"Gulberg Residencia - Block V, Gulberg Residencia","neighborhood":"Gulberg","pricePkr":14000000,"pricePerSqft":6222.22,"pricePerMarla":1400000.0,"areaSqft":2250.0,"beds":null,"baths":null,"url":"https://www.zameen.com/Property/gulberg_residencia_gulberg_residencia_-_block_v_v_block_10_marla_1230_series_plot_for_sale-54563737-9131-2.html"}},{"type":"Feature","geometry":{"type":"Point","coordinates":[72.930544,33.651675]},"properties":{"id":"zameen-54600030","source":"Zameen","confidenceScore":96,"confidenceBand":"High","isOutlier":false,"title":"10 Marla Plot For Sale In F-14/1 Islamabad Prime Investment Opportunity","propertyGroup":"plot","location":"F-14/1, F-14","neighborhood":"F-14","pricePkr":14000000,"pricePerSqft":6222.22,"pricePerMarla":1400000.0,"areaSqft":2250.0,"beds":null,"baths":null,"url":"https://www.zameen.com/Property/f_14_f-14_1_10_marla_plot_for_sale_in_f-14_1_islamabad_prime_investment_opportunity-54600030-22625-2.html"}},{"type":"Feature","geometry":{"type":"Point","coordinates":[73.221731,33.613983]},"properties":{"id":"zameen-54622063","source":"Zameen","confidenceScore":100,"confidenceBand":"High","isOutlier":false,"title":"5 Marla Residential Plot | A Executive Premium Block | Gulberg Residencia | Near Developed Area","propertyGroup":"plot","location":"Gulberg Residencia - A Executive Premium Block, Gulberg Residencia","neighborhood":"Gulberg","pricePkr":7000000,"pricePerSqft":6222.22,"pricePerMarla":1400000.0,"areaSqft":1125.0,"beds":null,"baths":null,"url":"https://www.zameen.com/Property/gulberg_residencia_gulberg_residencia_-_a_executive_premium_block_5_marla_residential_plot_a_executive_premium_block_gulberg_residencia_near_developed_area-54622063-22505-2.html"}},{"type":"Feature","geometry":{"type":"Point","coordinates":[73.23041626,33.67957992]},"properties":{"id":"zameen-54730348","source":"Zameen","confidenceScore":100,"confidenceBand":"High","isOutlier":false,"title":"Plot For Sale In Sector F-1 Possession Utility 2 Marla Extraland All Paid Near To Gate Extraland Plot Best Location For Living Bahria Enclave Islamabad","propertyGroup":"plot","location":"Bahria Enclave - Sector F1, Bahria Enclave","neighborhood":"Bahria Town","pricePkr":14000000,"pricePerSqft":6222.22,"pricePerMarla":1400000.0,"areaSqft":2250.0,"beds":null,"baths":null,"url":"https://www.zameen.com/Property/bahria_enclave_bahria_enclave_-_sector_f1_plot_for_sale_in_sector_f-1_possession_utility_2_marla_extraland_all_paid_near_to_gate_extraland_plot_best_location_for_living_bahria_enclave_islamabad-54730348-11986-2.html"}},{"type":"Feature","geometry":{"type":"Point","coordinates":[72.930544,33.651675]},"properties":{"id":"zameen-54757340","source":"Zameen","confidenceScore":96,"confidenceBand":"High","isOutlier":false,"title":"35x70 Plot for Sale in F-14/1 FGEHA VIP Sector","propertyGroup":"plot","location":"F-14/1, F-14","neighborhood":"F-14","pricePkr":14000000,"pricePerSqft":6222.22,"pricePerMarla":1400000.0,"areaSqft":2250.0,"beds":null,"baths":null,"url":"https://www.zameen.com/Property/f_14_f-14_1_35x70_plot_for_sale_in_f-14_1_fgeha_vip_sector-54757340-22625-2.html"}},{"type":"Feature","geometry":{"type":"Point","coordinates":[72.860634,33.589205]},"properties":{"id":"zameen-54813549","source":"Zameen","confidenceScore":100,"confidenceBand":"High","isOutlier":false,"title":"Plot For Sale 25*50 Neelum Block Prime Location Mumtaz City","propertyGroup":"plot","location":"Mumtaz City, Islamabad","neighborhood":"Mumtaz City","pricePkr":7000000,"pricePerSqft":6222.22,"pricePerMarla":1400000.0,"areaSqft":1125.0,"beds":null,"baths":null,"url":"https://www.zameen.com/Property/islamabad_mumtaz_city_plot_for_sale_25_50_neelum_block_prime_location_mumtaz_city-54813549-3464-2.html"}},{"type":"Feature","geometry":{"type":"Point","coordinates":[72.930544,33.651675]},"properties":{"id":"zameen-54817267","source":"Zameen","confidenceScore":96,"confidenceBand":"High","isOutlier":false,"title":"VIP F-Series Investment! 35x70 Plot in F-14/1 FGEHA | High ROI Potential","propertyGroup":"plot","location":"F-14/1, F-14","neighborhood":"F-14","pricePkr":14000000,"pricePerSqft":6222.22,"pricePerMarla":1400000.0,"areaSqft":2250.0,"beds":null,"baths":null,"url":"https://www.zameen.com/Property/f_14_f-14_1_vip_f-series_investment_35x70_plot_in_f-14_1_fgeha_high_roi_potential-54817267-22625-2.html"}},{"type":"Feature","geometry":{"type":"Point","coordinates":[72.816696,33.680211]},"properties":{"id":"zameen-54840793","source":"Zameen","confidenceScore":100,"confidenceBand":"High","isOutlier":false,"title":"B-17 Multi Garden Islamabad C-Block Kanal plot","propertyGroup":"plot","location":"MPCHS - Multi Gardens, B-17","neighborhood":"B-17","pricePkr":28000000,"pricePerSqft":6222.22,"pricePerMarla":1400000.0,"areaSqft":4500.0,"beds":null,"baths":null,"url":"https://www.zameen.com/Property/b_17_mpchs_-_multi_gardens_b-17_multi_garden_islamabad_c-block_kanal_plot-54840793-3115-2.html"}},{"type":"Feature","geometry":{"type":"Point","coordinates":[73.209708,33.536065]},"properties":{"id":"zameen-54843333","source":"Zameen","confidenceScore":100,"confidenceBand":"High","isOutlier":false,"title":"DHA Phase 5 sector c 1 kanal plot","propertyGroup":"plot","location":"DHA Phase 5 - Sector C, DHA Defence Phase 5","neighborhood":"DHA Defence","pricePkr":28000000,"pricePerSqft":6222.22,"pricePerMarla":1400000.0,"areaSqft":4500.0,"beds":null,"baths":null,"url":"https://www.zameen.com/Property/dha_defence_phase_5_dha_phase_5_-_sector_c_dha_phase_5_sector_c_1_kanal_plot-54843333-8402-2.html"}},{"type":"Feature","geometry":{"type":"Point","coordinates":[72.942667,33.653255]},"properties":{"id":"zameen-54843360","source":"Zameen","confidenceScore":96,"confidenceBand":"High","isOutlier":false,"title":"Plot for sale","propertyGroup":"plot","location":"F-14/4, F-14","neighborhood":"F-14","pricePkr":14000000,"pricePerSqft":6222.22,"pricePerMarla":1400000.0,"areaSqft":2250.0,"beds":null,"baths":null,"url":"https://www.zameen.com/Property/f_14_f-14_4_plot_for_sale-54843360-22628-2.html"}},{"type":"Feature","geometry":{"type":"Point","coordinates":[73.19366743,33.48469111]},"properties":{"id":"zameen-50066325","source":"Zameen","confidenceScore":100,"confidenceBand":"High","isOutlier":false,"title":"DHA PHASE 3 ISLAMABAD PRIME RESIDENTIAL PLOT FOR SALE IN SECTOR A","propertyGroup":"plot","location":"DHA Phase 3 - Block A, DHA Defence Phase 3","neighborhood":"DHA Defence","pricePkr":27500000,"pricePerSqft":6111.11,"pricePerMarla":1375000.0,"areaSqft":4500.0,"beds":null,"baths":null,"url":"https://www.zameen.com/Property/dha_defence_phase_3_dha_phase_3_-_block_a_dha_phase_3_islamabad_prime_residential_plot_for_sale_in_sector_a-50066325-16228-2.html"}},{"type":"Feature","geometry":{"type":"Point","coordinates":[73.2470438,33.5289737]},"properties":{"id":"zameen-54739016","source":"Zameen","confidenceScore":100,"confidenceBand":"High","isOutlier":false,"title":"Ideal Plot For Investor/End User, 1 Kanal Exclusive Plot available for Sale","propertyGroup":"plot","location":"DHA Phase 6 - Sector A, DHA Defence Phase 6","neighborhood":"DHA Defence","pricePkr":27500000,"pricePerSqft":6111.11,"pricePerMarla":1375000.0,"areaSqft":4500.0,"beds":null,"baths":null,"url":"https://www.zameen.com/Property/dha_defence_phase_6_dha_phase_6_-_sector_a_ideal_plot_for_investor_end_user_1_kanal_exclusive_plot_available_for_sale-54739016-18745-2.html"}},{"type":"Feature","geometry":{"type":"Point","coordinates":[73.007552,33.472565]},"properties":{"id":"zameen-54708273","source":"Zameen","confidenceScore":100,"confidenceBand":"High","isOutlier":false,"title":"5 Marla Top-Heighted Plot | DHA Riverview South","propertyGroup":"plot","location":"River View South, DHA Defence Phase 4","neighborhood":"DHA Defence","pricePkr":6800000,"pricePerSqft":6044.44,"pricePerMarla":1360000.0,"areaSqft":1125.0,"beds":null,"baths":null,"url":"https://www.zameen.com/Property/dha_defence_phase_4_river_view_south_5_marla_top-heighted_plot_dha_riverview_south-54708273-21418-2.html"}},{"type":"Feature","geometry":{"type":"Point","coordinates":[72.75964149,33.70674597]},"properties":{"id":"zameen-54756539","source":"Zameen","confidenceScore":100,"confidenceBand":"High","isOutlier":false,"title":"Ideally Located Residential Plot Of 5 Marla Is Available For sale In Islamabad","propertyGroup":"plot","location":"Faisal Hills - Block C, Faisal Hills","neighborhood":"Faisal Hills","pricePkr":6800000,"pricePerSqft":6044.44,"pricePerMarla":1360000.0,"areaSqft":1125.0,"beds":null,"baths":null,"url":"https://www.zameen.com/Property/faisal_hills_faisal_hills_-_block_c_ideally_located_residential_plot_of_5_marla_is_available_for_sale_in_islamabad-54756539-12657-2.html"}},{"type":"Feature","geometry":{"type":"Point","coordinates":[72.947574,33.595247]},"properties":{"id":"zameen-54796518","source":"Zameen","confidenceScore":96,"confidenceBand":"High","isOutlier":false,"title":"5 Marla Plot For Sale ( St No. 26G Plot No. 6 ) I 15/1","propertyGroup":"plot","location":"I-15/1, I-15","neighborhood":"I-15","pricePkr":6800000,"pricePerSqft":6044.44,"pricePerMarla":1360000.0,"areaSqft":1125.0,"beds":null,"baths":null,"url":"https://www.zameen.com/Property/i_15_i-15_1_5_marla_plot_for_sale_st_no_26g_plot_no_6_i_15_1-54796518-8262-2.html"}},{"type":"Feature","geometry":{"type":"Point","coordinates":[72.849217,33.581758]},"properties":{"id":"zameen-54797607","source":"Zameen","confidenceScore":100,"confidenceBand":"High","isOutlier":false,"title":"BEST PLOT AVAILABLE FOR SALE","propertyGroup":"plot","location":"Mumtaz City - Jehlum Block, Mumtaz City","neighborhood":"Mumtaz City","pricePkr":6800000,"pricePerSqft":6044.44,"pricePerMarla":1360000.0,"areaSqft":1125.0,"beds":null,"baths":null,"url":"https://www.zameen.com/Property/mumtaz_city_mumtaz_city_-_jehlum_block_best_plot_available_for_sale-54797607-22487-2.html"}},{"type":"Feature","geometry":{"type":"Point","coordinates":[72.86725,33.587954]},"properties":{"id":"zameen-54781399","source":"Zameen","confidenceScore":100,"confidenceBand":"High","isOutlier":false,"title":"Affordable 1-Bed Apartment On Easy Installments In Top City, Islamabad","propertyGroup":"apartment","location":"Top City 1, Islamabad","neighborhood":"Top City 1","pricePkr":4500000,"pricePerSqft":6000.0,"pricePerMarla":1350000.0,"areaSqft":750.0,"beds":1,"baths":1,"url":"https://www.zameen.com/Property/islamabad_top_city_1_affordable_1-bed_apartment_on_easy_installments_in_top_city_islamabad-54781399-1383-1.html"}},{"type":"Feature","geometry":{"type":"Point","coordinates":[73.215499,33.517418]},"properties":{"id":"zameen-54842750","source":"Zameen","confidenceScore":100,"confidenceBand":"High","isOutlier":false,"title":"1 KANAL PRESIDENTIAL PLOT FOR SALE DHA PHASE 5, ISLAMABAD","propertyGroup":"plot","location":"DHA Phase 5 - Sector F1, DHA Defence Phase 5","neighborhood":"DHA Defence","pricePkr":27000000,"pricePerSqft":6000.0,"pricePerMarla":1350000.0,"areaSqft":4500.0,"beds":null,"baths":null,"url":"https://www.zameen.com/Property/dha_defence_phase_5_dha_phase_5_-_sector_f1_1_kanal_presidential_plot_for_sale_dha_phase_5_islamabad-54842750-17402-2.html"}},{"type":"Feature","geometry":{"type":"Point","coordinates":[73.215499,33.517418]},"properties":{"id":"zameen-52623587","source":"Zameen","confidenceScore":96,"confidenceBand":"High","isOutlier":false,"title":"PRIME PLOT FOR SALE DHA PHASE 5, ISLAMABAD","propertyGroup":"plot","location":"DHA Phase 5 - Sector F1, DHA Defence Phase 5","neighborhood":"DHA Defence","pricePkr":26800000,"pricePerSqft":5955.56,"pricePerMarla":1340000.0,"areaSqft":4500.0,"beds":null,"baths":null,"url":"https://www.zameen.com/Property/dha_defence_phase_5_dha_phase_5_-_sector_f1_prime_plot_for_sale_dha_phase_5_islamabad-52623587-17402-2.html"}},{"type":"Feature","geometry":{"type":"Point","coordinates":[73.1889129,33.48432489]},"properties":{"id":"zameen-54286672","source":"Zameen","confidenceScore":100,"confidenceBand":"High","isOutlier":false,"title":"23 Marla Plot Available For Sale In DHA 3 Sctor B","propertyGroup":"plot","location":"DHA Phase 3 - Block B, DHA Defence Phase 3","neighborhood":"DHA Defence","pricePkr":32000000,"pricePerSqft":5925.93,"pricePerMarla":1333333.33,"areaSqft":5400.0,"beds":null,"baths":null,"url":"https://www.zameen.com/Property/dha_defence_phase_3_dha_phase_3_-_block_b_23_marla_plot_available_for_sale_in_dha_3_sctor_b-54286672-16227-2.html"}},{"type":"Feature","geometry":{"type":"Point","coordinates":[72.938172,33.662212]},"properties":{"id":"zameen-54791646","source":"Zameen","confidenceScore":96,"confidenceBand":"High","isOutlier":false,"title":"F14/3 Plot (50x90)","propertyGroup":"plot","location":"F-14/3, F-14","neighborhood":"F-14","pricePkr":26500000,"pricePerSqft":5888.89,"pricePerMarla":1325000.0,"areaSqft":4500.0,"beds":null,"baths":null,"url":"https://www.zameen.com/Property/f_14_f-14_3_f14_3_plot_50x90-54791646-22627-2.html"}},{"type":"Feature","geometry":{"type":"Point","coordinates":[73.036376,33.503833]},"properties":{"id":"zameen-54711032","source":"Zameen","confidenceScore":100,"confidenceBand":"High","isOutlier":false,"title":"5 Marla Plot Available For Sale Out Class Location","propertyGroup":"plot","location":"River View North - Block E, River View North","neighborhood":"DHA Defence","pricePkr":6600000,"pricePerSqft":5866.67,"pricePerMarla":1320000.0,"areaSqft":1125.0,"beds":null,"baths":null,"url":"https://www.zameen.com/Property/river_view_north_river_view_north_-_block_e_5_marla_plot_available_for_sale_out_class_location-54711032-22324-2.html"}},{"type":"Feature","geometry":{"type":"Point","coordinates":[73.036376,33.503833]},"properties":{"id":"zameen-54729950","source":"Zameen","confidenceScore":100,"confidenceBand":"High","isOutlier":false,"title":"5 Marla Plot Available For Sale","propertyGroup":"plot","location":"River View North - Block E, River View North","neighborhood":"DHA Defence","pricePkr":6600000,"pricePerSqft":5866.67,"pricePerMarla":1320000.0,"areaSqft":1125.0,"beds":null,"baths":null,"url":"https://www.zameen.com/Property/river_view_north_river_view_north_-_block_e_5_marla_plot_available_for_sale-54729950-22324-2.html"}},{"type":"Feature","geometry":{"type":"Point","coordinates":[72.859,33.596]},"properties":{"id":"zameen-53822926","source":"Zameen","confidenceScore":100,"confidenceBand":"High","isOutlier":false,"title":"Get In Touch Now To Buy A 5 Marla Residential Plot In Gandhara City","propertyGroup":"plot","location":"Gandhara City, Islamabad","neighborhood":"Gandhara City","pricePkr":6500000,"pricePerSqft":5777.78,"pricePerMarla":1300000.0,"areaSqft":1125.0,"beds":null,"baths":null,"url":"https://www.zameen.com/Property/islamabad_gandhara_city_get_in_touch_now_to_buy_a_5_marla_residential_plot_in_gandhara_city-53822926-10738-2.html"}},{"type":"Feature","geometry":{"type":"Point","coordinates":[72.859,33.596]},"properties":{"id":"zameen-53915147","source":"Zameen","confidenceScore":100,"confidenceBand":"High","isOutlier":false,"title":"A Reasonable Plot Available For Sale","propertyGroup":"plot","location":"Gandhara City, Islamabad","neighborhood":"Gandhara City","pricePkr":6500000,"pricePerSqft":5777.78,"pricePerMarla":1300000.0,"areaSqft":1125.0,"beds":null,"baths":null,"url":"https://www.zameen.com/Property/islamabad_gandhara_city_a_reasonable_plot_available_for_sale-53915147-10738-2.html"}},{"type":"Feature","geometry":{"type":"Point","coordinates":[72.84024342,33.59840846]},"properties":{"id":"zameen-54058588","source":"Zameen","confidenceScore":100,"confidenceBand":"High","isOutlier":false,"title":"10 Marla Plot Block E Available For Sale","propertyGroup":"plot","location":"Fazaia Housing Scheme Block E, Fazaia Housing Scheme","neighborhood":"Tarnol","pricePkr":13000000,"pricePerSqft":5777.78,"pricePerMarla":1300000.0,"areaSqft":2250.0,"beds":null,"baths":null,"url":"https://www.zameen.com/Property/fazaia_housing_scheme_fazaia_housing_scheme_block_e_10_marla_plot_block_e_available_for_sale-54058588-14688-2.html"}},{"type":"Feature","geometry":{"type":"Point","coordinates":[72.951765,33.602896]},"properties":{"id":"zameen-54532569","source":"Zameen","confidenceScore":100,"confidenceBand":"High","isOutlier":false,"title":"5 Marla Plot For Sale In I-15","propertyGroup":"plot","location":"I-15, Islamabad","neighborhood":"I-15","pricePkr":6500000,"pricePerSqft":5777.78,"pricePerMarla":1300000.0,"areaSqft":1125.0,"beds":null,"baths":null,"url":"https://www.zameen.com/Property/islamabad_i-15_5_marla_plot_for_sale_in_i-15-54532569-543-2.html"}},{"type":"Feature","geometry":{"type":"Point","coordinates":[72.933769,33.652637]},"properties":{"id":"zameen-54550443","source":"Zameen","confidenceScore":96,"confidenceBand":"High","isOutlier":false,"title":"Plot Available For Sale F14/F15","propertyGroup":"plot","location":"F-14, Islamabad","neighborhood":"F-14","pricePkr":13000000,"pricePerSqft":5777.78,"pricePerMarla":1300000.0,"areaSqft":2250.0,"beds":null,"baths":null,"url":"https://www.zameen.com/Property/islamabad_f-14_plot_available_for_sale_f14_f15-54550443-3290-2.html"}},{"type":"Feature","geometry":{"type":"Point","coordinates":[73.066637,33.516085]},"properties":{"id":"zameen-54567965","source":"Zameen","confidenceScore":100,"confidenceBand":"High","isOutlier":false,"title":"Avenue Plot For Sale Dha Phase 4 Sector 'D' 1 Kanal","propertyGroup":"plot","location":"DHA Phase 4 - Sector D, DHA Defence Phase 4","neighborhood":"DHA Defence","pricePkr":26000000,"pricePerSqft":5777.78,"pricePerMarla":1300000.0,"areaSqft":4500.0,"beds":null,"baths":null,"url":"https://www.zameen.com/Property/dha_defence_phase_4_dha_phase_4_-_sector_d_avenue_plot_for_sale_dha_phase_4_sector_d_1_kanal-54567965-13959-2.html"}},{"type":"Feature","geometry":{"type":"Point","coordinates":[72.876793,33.57094]},"properties":{"id":"zameen-54612381","source":"Zameen","confidenceScore":100,"confidenceBand":"High","isOutlier":false,"title":"Plot For Sale","propertyGroup":"plot","location":"Airport Green Garden - Block A, Airport Green Garden","neighborhood":"Kashmir Highway","pricePkr":6500000,"pricePerSqft":5777.78,"pricePerMarla":1300000.0,"areaSqft":1125.0,"beds":null,"baths":null,"url":"https://www.zameen.com/Property/airport_green_garden_airport_green_garden_-_block_a_plot_for_sale-54612381-19371-2.html"}},{"type":"Feature","geometry":{"type":"Point","coordinates":[72.933769,33.652637]},"properties":{"id":"zameen-54668787","source":"Zameen","confidenceScore":100,"confidenceBand":"High","isOutlier":false,"title":"Vvip Sector F-14/15 Plot For Sale","propertyGroup":"plot","location":"F-14, Islamabad","neighborhood":"F-14","pricePkr":13000000,"pricePerSqft":5777.78,"pricePerMarla":1300000.0,"areaSqft":2250.0,"beds":null,"baths":null,"url":"https://www.zameen.com/Property/islamabad_f-14_vvip_sector_f-14_15_plot_for_sale-54668787-3290-2.html"}},{"type":"Feature","geometry":{"type":"Point","coordinates":[73.2097638,33.71196]},"properties":{"id":"zameen-54749607","source":"Zameen","confidenceScore":100,"confidenceBand":"High","isOutlier":false,"title":"Plot For Sale","propertyGroup":"plot","location":"Park View - Block J, Park View City","neighborhood":"Park View City","pricePkr":26000000,"pricePerSqft":5777.78,"pricePerMarla":1300000.0,"areaSqft":4500.0,"beds":null,"baths":null,"url":"https://www.zameen.com/Property/park_view_city_park_view_-_block_j_plot_for_sale-54749607-16867-2.html"}},{"type":"Feature","geometry":{"type":"Point","coordinates":[72.75964149,33.70674597]},"properties":{"id":"zameen-54756538","source":"Zameen","confidenceScore":100,"confidenceBand":"High","isOutlier":false,"title":"Get This Amazing 5 Marla Residential Plot Available In Faisal Hills - Block C","propertyGroup":"plot","location":"Faisal Hills - Block C, Faisal Hills","neighborhood":"Faisal Hills","pricePkr":6500000,"pricePerSqft":5777.78,"pricePerMarla":1300000.0,"areaSqft":1125.0,"beds":null,"baths":null,"url":"https://www.zameen.com/Property/faisal_hills_faisal_hills_-_block_c_get_this_amazing_5_marla_residential_plot_available_in_faisal_hills_-_block_c-54756538-12657-2.html"}},{"type":"Feature","geometry":{"type":"Point","coordinates":[72.862787,33.583807]},"properties":{"id":"zameen-54793545","source":"Zameen","confidenceScore":100,"confidenceBand":"High","isOutlier":false,"title":"5 Marla Plot In Block G Topcity 1 Islamabad","propertyGroup":"plot","location":"Top City 1, Islamabad","neighborhood":"Top City 1","pricePkr":6500000,"pricePerSqft":5777.78,"pricePerMarla":1300000.0,"areaSqft":1125.0,"beds":null,"baths":null,"url":"https://www.zameen.com/Property/islamabad_top_city_1_5_marla_plot_in_block_g_topcity_1_islamabad-54793545-1383-2.html"}},{"type":"Feature","geometry":{"type":"Point","coordinates":[72.933769,33.652637]},"properties":{"id":"zameen-54838926","source":"Zameen","confidenceScore":96,"confidenceBand":"High","isOutlier":false,"title":"10Marla Residential Plot For Sale Sector F-14","propertyGroup":"plot","location":"F-14, Islamabad","neighborhood":"F-14","pricePkr":13000000,"pricePerSqft":5777.78,"pricePerMarla":1300000.0,"areaSqft":2250.0,"beds":null,"baths":null,"url":"https://www.zameen.com/Property/islamabad_f-14_10marla_residential_plot_for_sale_sector_f-14-54838926-3290-2.html"}},{"type":"Feature","geometry":{"type":"Point","coordinates":[73.036376,33.503833]},"properties":{"id":"zameen-54843440","source":"Zameen","confidenceScore":100,"confidenceBand":"High","isOutlier":false,"title":"Become Owner Of Your Residential Plot Today Which Is Centrally Located In River View North - Block E In Islamabad","propertyGroup":"plot","location":"River View North - Block E, River View North","neighborhood":"DHA Defence","pricePkr":6500000,"pricePerSqft":5777.78,"pricePerMarla":1300000.0,"areaSqft":1125.0,"beds":null,"baths":null,"url":"https://www.zameen.com/Property/river_view_north_river_view_north_-_block_e_become_owner_of_your_residential_plot_today_which_is_centrally_located_in_river_view_north_-_block_e_in_islamabad-54843440-22324-2.html"}},{"type":"Feature","geometry":{"type":"Point","coordinates":[73.248819,33.69809]},"properties":{"id":"zameen-54843513","source":"Zameen","confidenceScore":100,"confidenceBand":"High","isOutlier":false,"title":"Bahria Enclave Islamabad","propertyGroup":"plot","location":"Bahria Enclave - Sector P, Bahria Enclave","neighborhood":"Bahria Town","pricePkr":13000000,"pricePerSqft":5777.78,"pricePerMarla":1300000.0,"areaSqft":2250.0,"beds":null,"baths":null,"url":"https://www.zameen.com/Property/bahria_enclave_bahria_enclave_-_sector_p_bahria_enclave_islamabad-54843513-11976-2.html"}},{"type":"Feature","geometry":{"type":"Point","coordinates":[73.175082,33.572044]},"properties":{"id":"zameen-54559852","source":"Zameen","confidenceScore":96,"confidenceBand":"High","isOutlier":false,"title":"Prime Plot For Sale In Jinnah Gardens, Islamabad","propertyGroup":"plot","location":"Jinnah Gardens, FECHS","neighborhood":"FECHS","pricePkr":9000000,"pricePerSqft":5714.29,"pricePerMarla":1285714.29,"areaSqft":1575.0,"beds":null,"baths":null,"url":"https://www.zameen.com/Property/fechs_jinnah_gardens_prime_plot_for_sale_in_jinnah_gardens_islamabad-54559852-1420-2.html"}},{"type":"Feature","geometry":{"type":"Point","coordinates":[73.1889129,33.48432489]},"properties":{"id":"zameen-54286637","source":"Zameen","confidenceScore":100,"confidenceBand":"High","isOutlier":false,"title":"30 Marla Corner Plot Available For Sale In DHA 3 Sector B","propertyGroup":"plot","location":"DHA Phase 3 - Block B, DHA Defence Phase 3","neighborhood":"DHA Defence","pricePkr":38500000,"pricePerSqft":5703.7,"pricePerMarla":1283333.33,"areaSqft":6750.0,"beds":null,"baths":null,"url":"https://www.zameen.com/Property/dha_defence_phase_3_dha_phase_3_-_block_b_30_marla_corner_plot_available_for_sale_in_dha_3_sector_b-54286637-16227-2.html"}},{"type":"Feature","geometry":{"type":"Point","coordinates":[73.030445647279,33.497356778928]},"properties":{"id":"zameen-54769622","source":"Zameen","confidenceScore":100,"confidenceBand":"High","isOutlier":false,"title":"River View North Sector E 5 Marla Street 2","propertyGroup":"plot","location":"River View North, DHA Defence Phase 4","neighborhood":"DHA Defence","pricePkr":6400000,"pricePerSqft":5688.89,"pricePerMarla":1280000.0,"areaSqft":1125.0,"beds":null,"baths":null,"url":"https://www.zameen.com/Property/dha_defence_phase_4_river_view_north_river_view_north_sector_e_5_marla_street_2-54769622-22319-2.html"}},{"type":"Feature","geometry":{"type":"Point","coordinates":[73.0760765,33.522679]},"properties":{"id":"zameen-54843482","source":"Zameen","confidenceScore":100,"confidenceBand":"High","isOutlier":false,"title":"DHA Phase 4 sector A 1 kanal plot","propertyGroup":"plot","location":"DHA Phase 4 - Sector A, DHA Defence Phase 4","neighborhood":"DHA Defence","pricePkr":25500000,"pricePerSqft":5666.67,"pricePerMarla":1275000.0,"areaSqft":4500.0,"beds":null,"baths":null,"url":"https://www.zameen.com/Property/dha_defence_phase_4_dha_phase_4_-_sector_a_dha_phase_4_sector_a_1_kanal_plot-54843482-13956-2.html"}},{"type":"Feature","geometry":{"type":"Point","coordinates":[73.221731,33.613983]},"properties":{"id":"zameen-54622090","source":"Zameen","confidenceScore":100,"confidenceBand":"High","isOutlier":false,"title":"5 Marla Residential Plot | A Executive Premium Block | Gulberg Residencia | Near Developed Area","propertyGroup":"plot","location":"Gulberg Residencia - A Executive Premium Block, Gulberg Residencia","neighborhood":"Gulberg","pricePkr":6350000,"pricePerSqft":5644.44,"pricePerMarla":1270000.0,"areaSqft":1125.0,"beds":null,"baths":null,"url":"https://www.zameen.com/Property/gulberg_residencia_gulberg_residencia_-_a_executive_premium_block_5_marla_residential_plot_a_executive_premium_block_gulberg_residencia_near_developed_area-54622090-22505-2.html"}},{"type":"Feature","geometry":{"type":"Point","coordinates":[72.933769,33.652637]},"properties":{"id":"zameen-53729346","source":"Zameen","confidenceScore":100,"confidenceBand":"High","isOutlier":false,"title":"10 MARLA PLOT FOR SALE IN F14/1","propertyGroup":"plot","location":"F-14, Islamabad","neighborhood":"F-14","pricePkr":12500000,"pricePerSqft":5555.56,"pricePerMarla":1250000.0,"areaSqft":2250.0,"beds":null,"baths":null,"url":"https://www.zameen.com/Property/islamabad_f-14_10_marla_plot_for_sale_in_f14_1-53729346-3290-2.html"}},{"type":"Feature","geometry":{"type":"Point","coordinates":[72.930544,33.651675]},"properties":{"id":"zameen-54671270","source":"Zameen","confidenceScore":100,"confidenceBand":"High","isOutlier":false,"title":"10 Marla (35x70) Clear Land Plot For Sale Sector F-14/1 Islamabad","propertyGroup":"plot","location":"F-14/1, F-14","neighborhood":"F-14","pricePkr":12500000,"pricePerSqft":5555.56,"pricePerMarla":1250000.0,"areaSqft":2250.0,"beds":null,"baths":null,"url":"https://www.zameen.com/Property/f_14_f-14_1_10_marla_35x70_clear_land_plot_for_sale_sector_f-14_1_islamabad-54671270-22625-2.html"}},{"type":"Feature","geometry":{"type":"Point","coordinates":[72.872772,33.56609]},"properties":{"id":"zameen-54782223","source":"Zameen","confidenceScore":100,"confidenceBand":"High","isOutlier":false,"title":"10 Marla Plot In Block F Top City 1 Islamabad","propertyGroup":"plot","location":"Top City 1, Islamabad","neighborhood":"Top City 1","pricePkr":12500000,"pricePerSqft":5555.56,"pricePerMarla":1250000.0,"areaSqft":2250.0,"beds":null,"baths":null,"url":"https://www.zameen.com/Property/islamabad_top_city_1_10_marla_plot_in_block_f_top_city_1_islamabad-54782223-1383-2.html"}},{"type":"Feature","geometry":{"type":"Point","coordinates":[73.016842,33.490762]},"properties":{"id":"zameen-54843443","source":"Zameen","confidenceScore":100,"confidenceBand":"High","isOutlier":false,"title":"sale A Residential Plot In Islamabad Prime Location","propertyGroup":"plot","location":"River View North - Block C, River View North","neighborhood":"DHA Defence","pricePkr":12500000,"pricePerSqft":5555.56,"pricePerMarla":1250000.0,"areaSqft":2250.0,"beds":null,"baths":null,"url":"https://www.zameen.com/Property/river_view_north_river_view_north_-_block_c_sale_a_residential_plot_in_islamabad_prime_location-54843443-22322-2.html"}},{"type":"Feature","geometry":{"type":"Point","coordinates":[73.036376,33.503833]},"properties":{"id":"zameen-54769626","source":"Zameen","confidenceScore":100,"confidenceBand":"High","isOutlier":false,"title":"HOT DEAL | 5 MARLA PLOT FOR SALE! River View North Sector E, Street 11","propertyGroup":"plot","location":"River View North - Block E, River View North","neighborhood":"DHA Defence","pricePkr":6200000,"pricePerSqft":5511.11,"pricePerMarla":1240000.0,"areaSqft":1125.0,"beds":null,"baths":null,"url":"https://www.zameen.com/Property/river_view_north_river_view_north_-_block_e_hot_deal_5_marla_plot_for_sale_river_view_north_sector_e_street_11-54769626-22324-2.html"}},{"type":"Feature","geometry":{"type":"Point","coordinates":[72.933769,33.652637]},"properties":{"id":"zameen-54841692","source":"Zameen","confidenceScore":100,"confidenceBand":"High","isOutlier":false,"title":"Vvip Sector F-14/15","propertyGroup":"plot","location":"F-14, Islamabad","neighborhood":"F-14","pricePkr":13500000,"pricePerSqft":5504.59,"pricePerMarla":1238532.11,"areaSqft":2452.5,"beds":null,"baths":null,"url":"https://www.zameen.com/Property/islamabad_f-14_vvip_sector_f-14_15-54841692-3290-2.html"}},{"type":"Feature","geometry":{"type":"Point","coordinates":[73.1889129,33.48432489]},"properties":{"id":"zameen-54833015","source":"Zameen","confidenceScore":100,"confidenceBand":"High","isOutlier":false,"title":"15 Marla Back Open Plot Available For Sale In DHA 3 Sctor B","propertyGroup":"plot","location":"DHA Phase 3 - Block B, DHA Defence Phase 3","neighborhood":"DHA Defence","pricePkr":18500000,"pricePerSqft":5481.48,"pricePerMarla":1233333.33,"areaSqft":3375.0,"beds":null,"baths":null,"url":"https://www.zameen.com/Property/dha_defence_phase_3_dha_phase_3_-_block_b_15_marla_back_open_plot_available_for_sale_in_dha_3_sctor_b-54833015-16227-2.html"}},{"type":"Feature","geometry":{"type":"Point","coordinates":[73.215499,33.517418]},"properties":{"id":"zameen-54843372","source":"Zameen","confidenceScore":100,"confidenceBand":"High","isOutlier":false,"title":"DHA Phase 5 Sector F1 park face 1kanal plot","propertyGroup":"plot","location":"DHA Phase 5 - Sector F1, DHA Defence Phase 5","neighborhood":"DHA Defence","pricePkr":24500000,"pricePerSqft":5444.44,"pricePerMarla":1225000.0,"areaSqft":4500.0,"beds":null,"baths":null,"url":"https://www.zameen.com/Property/dha_defence_phase_5_dha_phase_5_-_sector_f1_dha_phase_5_sector_f1_park_face_1kanal_plot-54843372-17402-2.html"}},{"type":"Feature","geometry":{"type":"Point","coordinates":[72.954386595591,33.614153001499]},"properties":{"id":"zameen-54812381","source":"Zameen","confidenceScore":100,"confidenceBand":"High","isOutlier":false,"title":"Prime Location 10 Marla Plot for Sale F-17 Multi Gardens","propertyGroup":"plot","location":"F-17, Islamabad","neighborhood":"F-17","pricePkr":12200000,"pricePerSqft":5422.22,"pricePerMarla":1220000.0,"areaSqft":2250.0,"beds":null,"baths":null,"url":"https://www.zameen.com/Property/islamabad_f-17_prime_location_10_marla_plot_for_sale_f-17_multi_gardens-54812381-335-2.html"}},{"type":"Feature","geometry":{"type":"Point","coordinates":[72.866212,33.563537]},"properties":{"id":"zameen-54531055","source":"Zameen","confidenceScore":100,"confidenceBand":"High","isOutlier":false,"title":"Stunning 5 Marla Residential Plot In Top City 1 - Block G Available","propertyGroup":"plot","location":"Top City 1 - Block G, Top City 1","neighborhood":"Top City 1","pricePkr":6000000,"pricePerSqft":5333.33,"pricePerMarla":1200000.0,"areaSqft":1125.0,"beds":null,"baths":null,"url":"https://www.zameen.com/Property/top_city_1_top_city_1_-_block_g_stunning_5_marla_residential_plot_in_top_city_1_-_block_g_available-54531055-9236-2.html"}},{"type":"Feature","geometry":{"type":"Point","coordinates":[72.8023602,33.678723]},"properties":{"id":"zameen-54543476","source":"Zameen","confidenceScore":96,"confidenceBand":"High","isOutlier":false,"title":"E Block MDR Back 1 Kanal Plot For Sale","propertyGroup":"plot","location":"MPCHS - Block E, MPCHS - Multi Gardens","neighborhood":"B-17","pricePkr":24000000,"pricePerSqft":5333.33,"pricePerMarla":1200000.0,"areaSqft":4500.0,"beds":null,"baths":null,"url":"https://www.zameen.com/Property/mpchs_multi_gardens_mpchs_-_block_e_e_block_mdr_back_1_kanal_plot_for_sale-54543476-3120-2.html"}},{"type":"Feature","geometry":{"type":"Point","coordinates":[73.20976381,33.71195996]},"properties":{"id":"zameen-54652546","source":"Zameen","confidenceScore":100,"confidenceBand":"High","isOutlier":false,"title":"Prime 10 Marla Semi-Developed Plot for Sale | J Block, Park View City Islamabad","propertyGroup":"plot","location":"Park View - Block J, Park View City","neighborhood":"Park View City","pricePkr":12000000,"pricePerSqft":5333.33,"pricePerMarla":1200000.0,"areaSqft":2250.0,"beds":null,"baths":null,"url":"https://www.zameen.com/Property/park_view_city_park_view_-_block_j_prime_10_marla_semi-developed_plot_for_sale_j_block_park_view_city_islamabad-54652546-16867-2.html"}},{"type":"Feature","geometry":{"type":"Point","coordinates":[72.759641,33.706746]},"properties":{"id":"zameen-54768137","source":"Zameen","confidenceScore":100,"confidenceBand":"High","isOutlier":false,"title":"CORNER+FRONT & SIDE OPEN","propertyGroup":"plot","location":"Faisal Hills - Block C, Faisal Hills","neighborhood":"Faisal Hills","pricePkr":6000000,"pricePerSqft":5333.33,"pricePerMarla":1200000.0,"areaSqft":1125.0,"beds":null,"baths":null,"url":"https://www.zameen.com/Property/faisal_hills_faisal_hills_-_block_c_corner_front_side_open-54768137-12657-2.html"}},{"type":"Feature","geometry":{"type":"Point","coordinates":[73.18384333,33.48414731]},"properties":{"id":"zameen-54797186","source":"Zameen","confidenceScore":100,"confidenceBand":"High","isOutlier":false,"title":"10 Marla Beautiful Plot For Sale In Sector K, DHA Phase 3 Islamabad.","propertyGroup":"plot","location":"DHA Defence Phase 3, DHA Defence","neighborhood":"DHA Defence","pricePkr":12000000,"pricePerSqft":5333.33,"pricePerMarla":1200000.0,"areaSqft":2250.0,"beds":null,"baths":null,"url":"https://www.zameen.com/Property/dha_defence_dha_defence_phase_3_10_marla_beautiful_plot_for_sale_in_sector_k_dha_phase_3_islamabad-54797186-8412-2.html"}},{"type":"Feature","geometry":{"type":"Point","coordinates":[72.866212,33.563537]},"properties":{"id":"zameen-54808994","source":"Zameen","confidenceScore":100,"confidenceBand":"High","isOutlier":false,"title":"A Residential Plot Of 5 Marla In Top City 1 - Block G","propertyGroup":"plot","location":"Top City 1 - Block G, Top City 1","neighborhood":"Top City 1","pricePkr":6000000,"pricePerSqft":5333.33,"pricePerMarla":1200000.0,"areaSqft":1125.0,"beds":null,"baths":null,"url":"https://www.zameen.com/Property/top_city_1_top_city_1_-_block_g_a_residential_plot_of_5_marla_in_top_city_1_-_block_g-54808994-9236-2.html"}},{"type":"Feature","geometry":{"type":"Point","coordinates":[72.809475,33.708599]},"properties":{"id":"zameen-54618987","source":"Zameen","confidenceScore":100,"confidenceBand":"High","isOutlier":false,"title":"5 Marla ( 25*50 in D Block ) File with Booking Amount: Rs 19,90,000 in Faisal Hills Islamabad.","propertyGroup":"plot","location":"Faisal Hills, Islamabad","neighborhood":"Faisal Hills","pricePkr":5990000,"pricePerSqft":5324.44,"pricePerMarla":1198000.0,"areaSqft":1125.0,"beds":null,"baths":null,"url":"https://www.zameen.com/Property/islamabad_faisal_hills_5_marla_25_50_in_d_block_file_with_booking_amount_rs_19_90_000_in_faisal_hills_islamabad-54618987-10859-2.html"}},{"type":"Feature","geometry":{"type":"Point","coordinates":[72.933769,33.652637]},"properties":{"id":"zameen-54841724","source":"Zameen","confidenceScore":100,"confidenceBand":"High","isOutlier":false,"title":"Vvip Sector F-14/15","propertyGroup":"plot","location":"F-14, Islamabad","neighborhood":"F-14","pricePkr":17000000,"pricePerSqft":5320.81,"pricePerMarla":1197183.1,"areaSqft":3195.0,"beds":null,"baths":null,"url":"https://www.zameen.com/Property/islamabad_f-14_vvip_sector_f-14_15-54841724-3290-2.html"}},{"type":"Feature","geometry":{"type":"Point","coordinates":[73.036376,33.503833]},"properties":{"id":"zameen-53633265","source":"Zameen","confidenceScore":100,"confidenceBand":"High","isOutlier":false,"title":"Sector E 5 Marla All Dues Clear Solid Land Plot For Sale In DHA Ph 4 River View North , Islamabad","propertyGroup":"plot","location":"River View North - Block E, River View North","neighborhood":"DHA Defence","pricePkr":5900000,"pricePerSqft":5244.44,"pricePerMarla":1180000.0,"areaSqft":1125.0,"beds":null,"baths":null,"url":"https://www.zameen.com/Property/river_view_north_river_view_north_-_block_e_sector_e_5_marla_all_dues_clear_solid_land_plot_for_sale_in_dha_ph_4_river_view_north_islamabad-53633265-22324-2.html"}},{"type":"Feature","geometry":{"type":"Point","coordinates":[72.933769,33.652637]},"properties":{"id":"zameen-54668896","source":"Zameen","confidenceScore":100,"confidenceBand":"High","isOutlier":false,"title":"Vvip Sector F-14/15 Plot For Sale","propertyGroup":"plot","location":"F-14, Islamabad","neighborhood":"F-14","pricePkr":16500000,"pricePerSqft":5238.1,"pricePerMarla":1178571.43,"areaSqft":3150.0,"beds":null,"baths":null,"url":"https://www.zameen.com/Property/islamabad_f-14_vvip_sector_f-14_15_plot_for_sale-54668896-3290-2.html"}},{"type":"Feature","geometry":{"type":"Point","coordinates":[73.17830668,33.48394848]},"properties":{"id":"zameen-54737909","source":"Zameen","confidenceScore":96,"confidenceBand":"High","isOutlier":false,"title":"20marla Plot Available For Sale In DHA 3 Sctor D","propertyGroup":"plot","location":"DHA Phase 3 - Block D, DHA Defence Phase 3","neighborhood":"DHA Defence","pricePkr":23500000,"pricePerSqft":5222.22,"pricePerMarla":1175000.0,"areaSqft":4500.0,"beds":null,"baths":null,"url":"https://www.zameen.com/Property/dha_defence_phase_3_dha_phase_3_-_block_d_20marla_plot_available_for_sale_in_dha_3_sctor_d-54737909-16225-2.html"}},{"type":"Feature","geometry":{"type":"Point","coordinates":[73.145559,33.481044]},"properties":{"id":"zameen-54843430","source":"Zameen","confidenceScore":96,"confidenceBand":"High","isOutlier":false,"title":"Exclusive Kanal Plot available for sale","propertyGroup":"plot","location":"DHA Phase 3 - Block F, DHA Defence Phase 3","neighborhood":"DHA Defence","pricePkr":23500000,"pricePerSqft":5222.22,"pricePerMarla":1175000.0,"areaSqft":4500.0,"beds":null,"baths":null,"url":"https://www.zameen.com/Property/dha_defence_phase_3_dha_phase_3_-_block_f_exclusive_kanal_plot_available_for_sale-54843430-17258-2.html"}},{"type":"Feature","geometry":{"type":"Point","coordinates":[73.1783067,33.4839485]},"properties":{"id":"zameen-54843436","source":"Zameen","confidenceScore":96,"confidenceBand":"High","isOutlier":false,"title":"kanal plot available for sale ideal for end user","propertyGroup":"plot","location":"DHA Phase 3 - Block D, DHA Defence Phase 3","neighborhood":"DHA Defence","pricePkr":23500000,"pricePerSqft":5222.22,"pricePerMarla":1175000.0,"areaSqft":4500.0,"beds":null,"baths":null,"url":"https://www.zameen.com/Property/dha_defence_phase_3_dha_phase_3_-_block_d_kanal_plot_available_for_sale_ideal_for_end_user-54843436-16225-2.html"}},{"type":"Feature","geometry":{"type":"Point","coordinates":[72.809475,33.708599]},"properties":{"id":"zameen-54186326","source":"Zameen","confidenceScore":100,"confidenceBand":"High","isOutlier":false,"title":"5 Marla Plot Block-A","propertyGroup":"plot","location":"Faisal Hills, Islamabad","neighborhood":"Faisal Hills","pricePkr":5800000,"pricePerSqft":5155.56,"pricePerMarla":1160000.0,"areaSqft":1125.0,"beds":null,"baths":null,"url":"https://www.zameen.com/Property/islamabad_faisal_hills_5_marla_plot_block-a-54186326-10859-2.html"}},{"type":"Feature","geometry":{"type":"Point","coordinates":[72.876793,33.57094]},"properties":{"id":"zameen-54539933","source":"Zameen","confidenceScore":100,"confidenceBand":"High","isOutlier":false,"title":"Plot For Sale","propertyGroup":"plot","location":"Airport Green Garden - Block A, Airport Green Garden","neighborhood":"Kashmir Highway","pricePkr":5800000,"pricePerSqft":5155.56,"pricePerMarla":1160000.0,"areaSqft":1125.0,"beds":null,"baths":null,"url":"https://www.zameen.com/Property/airport_green_garden_airport_green_garden_-_block_a_plot_for_sale-54539933-19371-2.html"}},{"type":"Feature","geometry":{"type":"Point","coordinates":[72.759641,33.706746]},"properties":{"id":"zameen-54759932","source":"Zameen","confidenceScore":100,"confidenceBand":"High","isOutlier":false,"title":"Beautiful Park Facing Plot For Sale","propertyGroup":"plot","location":"Faisal Hills - Block C, Faisal Hills","neighborhood":"Faisal Hills","pricePkr":5750000,"pricePerSqft":5111.11,"pricePerMarla":1150000.0,"areaSqft":1125.0,"beds":null,"baths":null,"url":"https://www.zameen.com/Property/faisal_hills_faisal_hills_-_block_c_beautiful_park_facing_plot_for_sale-54759932-12657-2.html"}},{"type":"Feature","geometry":{"type":"Point","coordinates":[72.92674,33.658657]},"properties":{"id":"zameen-54817257","source":"Zameen","confidenceScore":96,"confidenceBand":"High","isOutlier":false,"title":"VIP F-Series Investment! 50x90 Plot in F-14/2 | Near Srinagar Highway & GT Road","propertyGroup":"plot","location":"F-14/2, F-14","neighborhood":"F-14","pricePkr":23000000,"pricePerSqft":5111.11,"pricePerMarla":1150000.0,"areaSqft":4500.0,"beds":null,"baths":null,"url":"https://www.zameen.com/Property/f_14_f-14_2_vip_f-series_investment_50x90_plot_in_f-14_2_near_srinagar_highway_gt_road-54817257-22626-2.html"}},{"type":"Feature","geometry":{"type":"Point","coordinates":[72.876707,33.568866]},"properties":{"id":"zameen-54835620","source":"Zameen","confidenceScore":100,"confidenceBand":"High","isOutlier":false,"title":"10 MARLA PLOT ON INVENTOR PRICE FOR SALE","propertyGroup":"plot","location":"Airport Green Garden - Block A, Airport Green Garden","neighborhood":"Kashmir Highway","pricePkr":11500000,"pricePerSqft":5111.11,"pricePerMarla":1150000.0,"areaSqft":2250.0,"beds":null,"baths":null,"url":"https://www.zameen.com/Property/airport_green_garden_airport_green_garden_-_block_a_10_marla_plot_on_inventor_price_for_sale-54835620-19371-2.html"}},{"type":"Feature","geometry":{"type":"Point","coordinates":[72.933769,33.652637]},"properties":{"id":"zameen-54841786","source":"Zameen","confidenceScore":100,"confidenceBand":"High","isOutlier":false,"title":"vvip Sector F-14/15","propertyGroup":"plot","location":"F-14, Islamabad","neighborhood":"F-14","pricePkr":23000000,"pricePerSqft":5111.11,"pricePerMarla":1150000.0,"areaSqft":4500.0,"beds":null,"baths":null,"url":"https://www.zameen.com/Property/islamabad_f-14_vvip_sector_f-14_15-54841786-3290-2.html"}},{"type":"Feature","geometry":{"type":"Point","coordinates":[73.07595663,33.51928957]},"properties":{"id":"zameen-54644918","source":"Zameen","confidenceScore":96,"confidenceBand":"High","isOutlier":false,"title":"1 Kanal Plot Available For Sale In Dha Phase 1","propertyGroup":"plot","location":"DHA Defence Phase 4, DHA Defence","neighborhood":"DHA Defence","pricePkr":22500000,"pricePerSqft":5000.0,"pricePerMarla":1125000.0,"areaSqft":4500.0,"beds":null,"baths":null,"url":"https://www.zameen.com/Property/dha_defence_dha_defence_phase_4_1_kanal_plot_available_for_sale_in_dha_phase_1-54644918-8413-2.html"}},{"type":"Feature","geometry":{"type":"Point","coordinates":[72.933769,33.652637]},"properties":{"id":"zameen-54668946","source":"Zameen","confidenceScore":100,"confidenceBand":"High","isOutlier":false,"title":"Vvip Sector F-14/15 Plot For Sale","propertyGroup":"plot","location":"F-14, Islamabad","neighborhood":"F-14","pricePkr":22500000,"pricePerSqft":5000.0,"pricePerMarla":1125000.0,"areaSqft":4500.0,"beds":null,"baths":null,"url":"https://www.zameen.com/Property/islamabad_f-14_vvip_sector_f-14_15_plot_for_sale-54668946-3290-2.html"}},{"type":"Feature","geometry":{"type":"Point","coordinates":[72.8531484,33.5923091]},"properties":{"id":"zameen-54701233","source":"Zameen","confidenceScore":100,"confidenceBand":"High","isOutlier":false,"title":"Spacious Residential Plot Is Available For Sale In Ideal Location Of Airport Enclave A","propertyGroup":"plot","location":"Airport Enclave A, Airport Enclave","neighborhood":"Airport Enclave","pricePkr":22500000,"pricePerSqft":5000.0,"pricePerMarla":1125000.0,"areaSqft":4500.0,"beds":null,"baths":null,"url":"https://www.zameen.com/Property/airport_enclave_airport_enclave_a_spacious_residential_plot_is_available_for_sale_in_ideal_location_of_airport_enclave_a-54701233-14437-2.html"}},{"type":"Feature","geometry":{"type":"Point","coordinates":[73.29283,33.540389]},"properties":{"id":"zameen-54721608","source":"Zameen","confidenceScore":96,"confidenceBand":"High","isOutlier":false,"title":"1 Kanal Develop Possession Able Plot Available For Sale","propertyGroup":"plot","location":"DHA Phase 6 - Sector B3, DHA Defence Phase 6","neighborhood":"DHA Defence","pricePkr":22500000,"pricePerSqft":5000.0,"pricePerMarla":1125000.0,"areaSqft":4500.0,"beds":null,"baths":null,"url":"https://www.zameen.com/Property/dha_defence_phase_6_dha_phase_6_-_sector_b3_1_kanal_develop_possession_able_plot_available_for_sale-54721608-18892-2.html"}},{"type":"Feature","geometry":{"type":"Point","coordinates":[72.942667,33.653255]},"properties":{"id":"zameen-54730249","source":"Zameen","confidenceScore":100,"confidenceBand":"High","isOutlier":false,"title":"50/90 = 20 Marla Plot For Sale in F-14/4 Islamabad","propertyGroup":"plot","location":"F-14/4, F-14","neighborhood":"F-14","pricePkr":22500000,"pricePerSqft":5000.0,"pricePerMarla":1125000.0,"areaSqft":4500.0,"beds":null,"baths":null,"url":"https://www.zameen.com/Property/f_14_f-14_4_50_90_20_marla_plot_for_sale_in_f-14_4_islamabad-54730249-22628-2.html"}},{"type":"Feature","geometry":{"type":"Point","coordinates":[73.29283,33.540389]},"properties":{"id":"zameen-54750582","source":"Zameen","confidenceScore":96,"confidenceBand":"High","isOutlier":false,"title":"1 Kanal Develop Possession Able Plot Available For Sale","propertyGroup":"plot","location":"DHA Phase 6 - Sector B3, DHA Defence Phase 6","neighborhood":"DHA Defence","pricePkr":22500000,"pricePerSqft":5000.0,"pricePerMarla":1125000.0,"areaSqft":4500.0,"beds":null,"baths":null,"url":"https://www.zameen.com/Property/dha_defence_phase_6_dha_phase_6_-_sector_b3_1_kanal_develop_possession_able_plot_available_for_sale-54750582-18892-2.html"}},{"type":"Feature","geometry":{"type":"Point","coordinates":[72.938172,33.662212]},"properties":{"id":"zameen-54755356","source":"Zameen","confidenceScore":96,"confidenceBand":"High","isOutlier":false,"title":"50x90 Plot For Sale In F-14/2 VIP Sector | High ROI Investment Opportunity","propertyGroup":"plot","location":"F-14/2, F-14","neighborhood":"F-14","pricePkr":22500000,"pricePerSqft":5000.0,"pricePerMarla":1125000.0,"areaSqft":4500.0,"beds":null,"baths":null,"url":"https://www.zameen.com/Property/f_14_f-14_2_50x90_plot_for_sale_in_f-14_2_vip_sector_high_roi_investment_opportunity-54755356-22626-2.html"}},{"type":"Feature","geometry":{"type":"Point","coordinates":[72.933769,33.652637]},"properties":{"id":"zameen-54808838","source":"Zameen","confidenceScore":100,"confidenceBand":"High","isOutlier":false,"title":"4500 Square Feet Residential Plot For Sale Is Available In F-14","propertyGroup":"plot","location":"F-14, Islamabad","neighborhood":"F-14","pricePkr":22500000,"pricePerSqft":5000.0,"pricePerMarla":1125000.0,"areaSqft":4500.0,"beds":null,"baths":null,"url":"https://www.zameen.com/Property/islamabad_f-14_4500_square_feet_residential_plot_for_sale_is_available_in_f-14-54808838-3290-2.html"}},{"type":"Feature","geometry":{"type":"Point","coordinates":[72.880297,33.631987]},"properties":{"id":"zameen-54824432","source":"Zameen","confidenceScore":100,"confidenceBand":"High","isOutlier":false,"title":"3 BED READY TO MOVE FLAT FOR SALE MULTI F-17 ISLAMABAD ALL FACILITY AVAILABLE CDA PPROVED SECTOR MPCHS","propertyGroup":"apartment","location":"F-17, Islamabad","neighborhood":"F-17","pricePkr":6100000,"pricePerSqft":5000.0,"pricePerMarla":1125000.0,"areaSqft":1220.0,"beds":3,"baths":3,"url":"https://www.zameen.com/Property/islamabad_f-17_3_bed_ready_to_move_flat_for_sale_multi_f-17_islamabad_all_facility_available_cda_pproved_sector_mpchs-54824432-335-1.html"}},{"type":"Feature","geometry":{"type":"Point","coordinates":[72.7726773,33.70882107]},"properties":{"id":"zameen-54842279","source":"Zameen","confidenceScore":100,"confidenceBand":"High","isOutlier":false,"title":"Corner 2450 Square Feet Residential Plot For sale In Faisal Hills - Block B","propertyGroup":"plot","location":"Faisal Hills - Block B, Faisal Hills","neighborhood":"Faisal Hills","pricePkr":12000000,"pricePerSqft":4892.97,"pricePerMarla":1100917.43,"areaSqft":2452.5,"beds":null,"baths":null,"url":"https://www.zameen.com/Property/faisal_hills_faisal_hills_-_block_b_corner_2450_square_feet_residential_plot_for_sale_in_faisal_hills_-_block_b-54842279-12656-2.html"}},{"type":"Feature","geometry":{"type":"Point","coordinates":[73.24473461,33.68013765]},"properties":{"id":"zameen-53727097","source":"Zameen","confidenceScore":100,"confidenceBand":"High","isOutlier":false,"title":"3 Side Open Plot For Sale In Sector G, Bahria Enclave Islamabad","propertyGroup":"plot","location":"Bahria Enclave - Sector G, Bahria Enclave","neighborhood":"Bahria Town","pricePkr":11000000,"pricePerSqft":4888.89,"pricePerMarla":1100000.0,"areaSqft":2250.0,"beds":null,"baths":null,"url":"https://www.zameen.com/Property/bahria_enclave_bahria_enclave_-_sector_g_3_side_open_plot_for_sale_in_sector_g_bahria_enclave_islamabad-53727097-11984-2.html"}},{"type":"Feature","geometry":{"type":"Point","coordinates":[72.75964149,33.70674597]},"properties":{"id":"zameen-54368313","source":"Zameen","confidenceScore":100,"confidenceBand":"High","isOutlier":false,"title":"5 Marla Plot Available For Sale In Faisal Hills Block C Very Hot Beautiful Location Solid Land","propertyGroup":"plot","location":"Faisal Hills - Block C, Faisal Hills","neighborhood":"Faisal Hills","pricePkr":5500000,"pricePerSqft":4888.89,"pricePerMarla":1100000.0,"areaSqft":1125.0,"beds":null,"baths":null,"url":"https://www.zameen.com/Property/faisal_hills_faisal_hills_-_block_c_5_marla_plot_available_for_sale_in_faisal_hills_block_c_very_hot_beautiful_location_solid_land-54368313-12657-2.html"}},{"type":"Feature","geometry":{"type":"Point","coordinates":[72.876793,33.57094]},"properties":{"id":"zameen-54605836","source":"Zameen","confidenceScore":100,"confidenceBand":"High","isOutlier":false,"title":"A Centrally Located Residential Plot Is Available For Sale In Islamabad","propertyGroup":"plot","location":"Airport Green Garden - Block A, Airport Green Garden","neighborhood":"Kashmir Highway","pricePkr":5500000,"pricePerSqft":4888.89,"pricePerMarla":1100000.0,"areaSqft":1125.0,"beds":null,"baths":null,"url":"https://www.zameen.com/Property/airport_green_garden_airport_green_garden_-_block_a_a_centrally_located_residential_plot_is_available_for_sale_in_islamabad-54605836-19371-2.html"}},{"type":"Feature","geometry":{"type":"Point","coordinates":[72.868045,33.567234]},"properties":{"id":"zameen-54698897","source":"Zameen","confidenceScore":100,"confidenceBand":"High","isOutlier":false,"title":"A Centrally Located Residential Plot Is Available For Sale In Islamabad","propertyGroup":"plot","location":"Top City 1 - Block E, Top City 1","neighborhood":"Top City 1","pricePkr":5500000,"pricePerSqft":4888.89,"pricePerMarla":1100000.0,"areaSqft":1125.0,"beds":null,"baths":null,"url":"https://www.zameen.com/Property/top_city_1_top_city_1_-_block_e_a_centrally_located_residential_plot_is_available_for_sale_in_islamabad-54698897-9234-2.html"}},{"type":"Feature","geometry":{"type":"Point","coordinates":[72.775614929,33.710062668]},"properties":{"id":"zameen-54734038","source":"Zameen","confidenceScore":100,"confidenceBand":"High","isOutlier":false,"title":"PLOT FOR SALE | Block B Faisal Hills","propertyGroup":"plot","location":"Faisal Hills - Block B, Faisal Hills","neighborhood":"Faisal Hills","pricePkr":11000000,"pricePerSqft":4888.89,"pricePerMarla":1100000.0,"areaSqft":2250.0,"beds":null,"baths":null,"url":"https://www.zameen.com/Property/faisal_hills_faisal_hills_-_block_b_plot_for_sale_block_b_faisal_hills-54734038-12656-2.html"}},{"type":"Feature","geometry":{"type":"Point","coordinates":[72.951765,33.602896]},"properties":{"id":"zameen-54748640","source":"Zameen","confidenceScore":100,"confidenceBand":"High","isOutlier":false,"title":"PLOT AVAILABLE FOR SALE IN I-15","propertyGroup":"plot","location":"I-15, Islamabad","neighborhood":"I-15","pricePkr":5500000,"pricePerSqft":4888.89,"pricePerMarla":1100000.0,"areaSqft":1125.0,"beds":null,"baths":null,"url":"https://www.zameen.com/Property/islamabad_i-15_plot_available_for_sale_in_i-15-54748640-543-2.html"}},{"type":"Feature","geometry":{"type":"Point","coordinates":[72.75964149,33.70674597]},"properties":{"id":"zameen-54756537","source":"Zameen","confidenceScore":100,"confidenceBand":"High","isOutlier":false,"title":"Find Your Ideal Residential Plot In Islamabad Under Rs. 5500000","propertyGroup":"plot","location":"Faisal Hills - Block C, Faisal Hills","neighborhood":"Faisal Hills","pricePkr":5500000,"pricePerSqft":4888.89,"pricePerMarla":1100000.0,"areaSqft":1125.0,"beds":null,"baths":null,"url":"https://www.zameen.com/Property/faisal_hills_faisal_hills_-_block_c_find_your_ideal_residential_plot_in_islamabad_under_rs_5500000-54756537-12657-2.html"}},{"type":"Feature","geometry":{"type":"Point","coordinates":[72.767915357,33.705910095]},"properties":{"id":"zameen-54795406","source":"Zameen","confidenceScore":100,"confidenceBand":"High","isOutlier":false,"title":"Prime Plot 6832 for Sale in Block B, Faisal Hills","propertyGroup":"plot","location":"Faisal Hills - Block B, Faisal Hills","neighborhood":"Faisal Hills","pricePkr":5500000,"pricePerSqft":4888.89,"pricePerMarla":1100000.0,"areaSqft":1125.0,"beds":null,"baths":null,"url":"https://www.zameen.com/Property/faisal_hills_faisal_hills_-_block_b_prime_plot_6832_for_sale_in_block_b_faisal_hills-54795406-12656-2.html"}},{"type":"Feature","geometry":{"type":"Point","coordinates":[72.933769,33.652637]},"properties":{"id":"zameen-54815173","source":"Zameen","confidenceScore":100,"confidenceBand":"High","isOutlier":false,"title":"Kanal Beautiful Plot Available For Sale","propertyGroup":"plot","location":"F-14, Islamabad","neighborhood":"F-14","pricePkr":22000000,"pricePerSqft":4888.89,"pricePerMarla":1100000.0,"areaSqft":4500.0,"beds":null,"baths":null,"url":"https://www.zameen.com/Property/islamabad_f-14_kanal_beautiful_plot_available_for_sale-54815173-3290-2.html"}},{"type":"Feature","geometry":{"type":"Point","coordinates":[72.7726773,33.7088211]},"properties":{"id":"zameen-54819616","source":"Zameen","confidenceScore":100,"confidenceBand":"High","isOutlier":false,"title":"Faisal Hills B Block 3570 Plot for Sale | 760 Series","propertyGroup":"plot","location":"Faisal Hills - Block B, Faisal Hills","neighborhood":"Faisal Hills","pricePkr":11000000,"pricePerSqft":4888.89,"pricePerMarla":1100000.0,"areaSqft":2250.0,"beds":null,"baths":null,"url":"https://www.zameen.com/Property/faisal_hills_faisal_hills_-_block_b_faisal_hills_b_block_3570_plot_for_sale_760_series-54819616-12656-2.html"}},{"type":"Feature","geometry":{"type":"Point","coordinates":[72.7596415,33.706746]},"properties":{"id":"zameen-54837715","source":"Zameen","confidenceScore":96,"confidenceBand":"High","isOutlier":false,"title":"5 Marla Level Heighted Location Plot in Faisal Hills C Block","propertyGroup":"plot","location":"Faisal Hills - Block C, Faisal Hills","neighborhood":"Faisal Hills","pricePkr":5500000,"pricePerSqft":4888.89,"pricePerMarla":1100000.0,"areaSqft":1125.0,"beds":null,"baths":null,"url":"https://www.zameen.com/Property/faisal_hills_faisal_hills_-_block_c_5_marla_level_heighted_location_plot_in_faisal_hills_c_block-54837715-12657-2.html"}},{"type":"Feature","geometry":{"type":"Point","coordinates":[73.30167691,33.54648592]},"properties":{"id":"zameen-54842230","source":"Zameen","confidenceScore":100,"confidenceBand":"High","isOutlier":false,"title":"DHA Phase 6, Sector B3 ,Top Of The Line Location , Best Time For The Investors","propertyGroup":"plot","location":"DHA Defence Phase 6, DHA Defence","neighborhood":"DHA Defence","pricePkr":22000000,"pricePerSqft":4888.89,"pricePerMarla":1100000.0,"areaSqft":4500.0,"beds":null,"baths":null,"url":"https://www.zameen.com/Property/dha_defence_dha_defence_phase_6_dha_phase_6_sector_b3_top_of_the_line_location_best_time_for_the_investors-54842230-17408-2.html"}},{"type":"Feature","geometry":{"type":"Point","coordinates":[73.1889129,33.48432489]},"properties":{"id":"zameen-54742601","source":"Zameen","confidenceScore":100,"confidenceBand":"High","isOutlier":false,"title":"22 Marla Plot Available For Sale In DHA 3 Sctor B","propertyGroup":"plot","location":"DHA Phase 3 - Block B, DHA Defence Phase 3","neighborhood":"DHA Defence","pricePkr":24000000,"pricePerSqft":4848.48,"pricePerMarla":1090909.09,"areaSqft":4950.0,"beds":null,"baths":null,"url":"https://www.zameen.com/Property/dha_defence_phase_3_dha_phase_3_-_block_b_22_marla_plot_available_for_sale_in_dha_3_sctor_b-54742601-16227-2.html"}},{"type":"Feature","geometry":{"type":"Point","coordinates":[73.17618878,33.48532283]},"properties":{"id":"zameen-54739585","source":"Zameen","confidenceScore":96,"confidenceBand":"High","isOutlier":false,"title":"1 Kanal Develop Plot Available For Sale In Good Location","propertyGroup":"plot","location":"DHA Phase 3 - Block E, DHA Defence Phase 3","neighborhood":"DHA Defence","pricePkr":21500000,"pricePerSqft":4777.78,"pricePerMarla":1075000.0,"areaSqft":4500.0,"beds":null,"baths":null,"url":"https://www.zameen.com/Property/dha_defence_phase_3_dha_phase_3_-_block_e_1_kanal_develop_plot_available_for_sale_in_good_location-54739585-16224-2.html"}},{"type":"Feature","geometry":{"type":"Point","coordinates":[73.29283,33.540389]},"properties":{"id":"zameen-54843406","source":"Zameen","confidenceScore":100,"confidenceBand":"High","isOutlier":false,"title":"1 Kanal Residential Plot Is Available For sale In DHA Phase 6 - Sector B3","propertyGroup":"plot","location":"DHA Phase 6 - Sector B3, DHA Defence Phase 6","neighborhood":"DHA Defence","pricePkr":21500000,"pricePerSqft":4777.78,"pricePerMarla":1075000.0,"areaSqft":4500.0,"beds":null,"baths":null,"url":"https://www.zameen.com/Property/dha_defence_phase_6_dha_phase_6_-_sector_b3_1_kanal_residential_plot_is_available_for_sale_in_dha_phase_6_-_sector_b3-54843406-18892-2.html"}},{"type":"Feature","geometry":{"type":"Point","coordinates":[72.7707628,33.6865919]},"properties":{"id":"zameen-54824668","source":"Zameen","confidenceScore":100,"confidenceBand":"High","isOutlier":false,"title":"Plot # 4061 Sale For Future Investment And Living.","propertyGroup":"plot","location":"MPCHS - Block G, MPCHS - Multi Gardens","neighborhood":"B-17","pricePkr":8500000,"pricePerSqft":4722.22,"pricePerMarla":1062500.0,"areaSqft":1800.0,"beds":null,"baths":null,"url":"https://www.zameen.com/Property/mpchs_multi_gardens_mpchs_-_block_g_plot_4061_sale_for_future_investment_and_living-54824668-12711-2.html"}},{"type":"Feature","geometry":{"type":"Point","coordinates":[73.020624,33.484749]},"properties":{"id":"zameen-54843441","source":"Zameen","confidenceScore":100,"confidenceBand":"High","isOutlier":false,"title":"Get In Touch Now To Buy A Residential Plot In River View North - Block B","propertyGroup":"plot","location":"River View North - Block B, River View North","neighborhood":"DHA Defence","pricePkr":5300000,"pricePerSqft":4711.11,"pricePerMarla":1060000.0,"areaSqft":1125.0,"beds":null,"baths":null,"url":"https://www.zameen.com/Property/river_view_north_river_view_north_-_block_b_get_in_touch_now_to_buy_a_residential_plot_in_river_view_north_-_block_b-54843441-22321-2.html"}},{"type":"Feature","geometry":{"type":"Point","coordinates":[73.020624,33.484749]},"properties":{"id":"zameen-54832798","source":"Zameen","confidenceScore":100,"confidenceBand":"High","isOutlier":false,"title":"5 Marla Residential Plot For Sale Is Available In River View North - Block B","propertyGroup":"plot","location":"River View North - Block B, River View North","neighborhood":"DHA Defence","pricePkr":5200000,"pricePerSqft":4622.22,"pricePerMarla":1040000.0,"areaSqft":1125.0,"beds":null,"baths":null,"url":"https://www.zameen.com/Property/river_view_north_river_view_north_-_block_b_5_marla_residential_plot_for_sale_is_available_in_river_view_north_-_block_b-54832798-22321-2.html"}},{"type":"Feature","geometry":{"type":"Point","coordinates":[73.032269,33.498389]},"properties":{"id":"zameen-54374599","source":"Zameen","confidenceScore":100,"confidenceBand":"High","isOutlier":false,"title":"1 Kanal Residential Plot","propertyGroup":"plot","location":"River View North - Block A, River View North","neighborhood":"DHA Defence","pricePkr":20000000,"pricePerSqft":4444.44,"pricePerMarla":1000000.0,"areaSqft":4500.0,"beds":null,"baths":null,"url":"https://www.zameen.com/Property/river_view_north_river_view_north_-_block_a_1_kanal_residential_plot-54374599-22320-2.html"}},{"type":"Feature","geometry":{"type":"Point","coordinates":[73.032269,33.498389]},"properties":{"id":"zameen-54843442","source":"Zameen","confidenceScore":100,"confidenceBand":"High","isOutlier":false,"title":"In River View North - Block A Of Islamabad, A 1 Kanal Residential Plot Is Available","propertyGroup":"plot","location":"River View North - Block A, River View North","neighborhood":"DHA Defence","pricePkr":20000000,"pricePerSqft":4444.44,"pricePerMarla":1000000.0,"areaSqft":4500.0,"beds":null,"baths":null,"url":"https://www.zameen.com/Property/river_view_north_river_view_north_-_block_a_in_river_view_north_-_block_a_of_islamabad_a_1_kanal_residential_plot_is_available-54843442-22320-2.html"}},{"type":"Feature","geometry":{"type":"Point","coordinates":[72.820816,33.649851]},"properties":{"id":"zameen-54368628","source":"Zameen","confidenceScore":100,"confidenceBand":"High","isOutlier":false,"title":"10-Marla Residential Plot Available For Sale","propertyGroup":"plot","location":"AWT - Block D, AWT","neighborhood":"D-18","pricePkr":9800000,"pricePerSqft":4355.56,"pricePerMarla":980000.0,"areaSqft":2250.0,"beds":null,"baths":null,"url":"https://www.zameen.com/Property/awt_awt_-_block_d_10-marla_residential_plot_available_for_sale-54368628-3170-2.html"}},{"type":"Feature","geometry":{"type":"Point","coordinates":[73.29283,33.540389]},"properties":{"id":"zameen-52243323","source":"Zameen","confidenceScore":100,"confidenceBand":"High","isOutlier":false,"title":"Ideal Plot For Investor/End User, 1 Kanal Exclusive Plot available for Sale","propertyGroup":"plot","location":"DHA Phase 6 - Sector B3, DHA Defence Phase 6","neighborhood":"DHA Defence","pricePkr":19500000,"pricePerSqft":4333.33,"pricePerMarla":975000.0,"areaSqft":4500.0,"beds":null,"baths":null,"url":"https://www.zameen.com/Property/dha_defence_phase_6_dha_phase_6_-_sector_b3_ideal_plot_for_investor_end_user_1_kanal_exclusive_plot_available_for_sale-52243323-18892-2.html"}},{"type":"Feature","geometry":{"type":"Point","coordinates":[72.876793,33.57094]},"properties":{"id":"zameen-54764953","source":"Zameen","confidenceScore":100,"confidenceBand":"High","isOutlier":false,"title":"Plots For Sale","propertyGroup":"plot","location":"Airport Green Garden - Block A, Airport Green Garden","neighborhood":"Kashmir Highway","pricePkr":19500000,"pricePerSqft":4333.33,"pricePerMarla":975000.0,"areaSqft":4500.0,"beds":null,"baths":null,"url":"https://www.zameen.com/Property/airport_green_garden_airport_green_garden_-_block_a_plots_for_sale-54764953-19371-2.html"}},{"type":"Feature","geometry":{"type":"Point","coordinates":[73.261642,33.512846]},"properties":{"id":"zameen-54784410","source":"Zameen","confidenceScore":96,"confidenceBand":"High","isOutlier":false,"title":"8 Mrla Develop Possession Able Plot Available For Sale","propertyGroup":"plot","location":"DHA Valley - Bluebell Sector, DHA Valley","neighborhood":"DHA Defence","pricePkr":7800000,"pricePerSqft":4333.33,"pricePerMarla":975000.0,"areaSqft":1800.0,"beds":null,"baths":null,"url":"https://www.zameen.com/Property/dha_valley_dha_valley_-_bluebell_sector_8_mrla_develop_possession_able_plot_available_for_sale-54784410-3216-2.html"}},{"type":"Feature","geometry":{"type":"Point","coordinates":[73.298204,33.54166]},"properties":{"id":"zameen-54843407","source":"Zameen","confidenceScore":100,"confidenceBand":"High","isOutlier":false,"title":"Buy A 1 Kanal Residential Plot For sale In DHA Phase 6 - Sector C2","propertyGroup":"plot","location":"DHA Phase 6 - Sector C2, DHA Defence Phase 6","neighborhood":"DHA Defence","pricePkr":19500000,"pricePerSqft":4333.33,"pricePerMarla":975000.0,"areaSqft":4500.0,"beds":null,"baths":null,"url":"https://www.zameen.com/Property/dha_defence_phase_6_dha_phase_6_-_sector_c2_buy_a_1_kanal_residential_plot_for_sale_in_dha_phase_6_-_sector_c2-54843407-18890-2.html"}},{"type":"Feature","geometry":{"type":"Point","coordinates":[73.298204,33.54166]},"properties":{"id":"zameen-54843623","source":"Zameen","confidenceScore":100,"confidenceBand":"High","isOutlier":false,"title":"Ideal Plot For Investor/End User, 1 Kanal Exclusive Plot available for Sale","propertyGroup":"plot","location":"DHA Phase 6 - Sector C2, DHA Defence Phase 6","neighborhood":"DHA Defence","pricePkr":19500000,"pricePerSqft":4333.33,"pricePerMarla":975000.0,"areaSqft":4500.0,"beds":null,"baths":null,"url":"https://www.zameen.com/Property/dha_defence_phase_6_dha_phase_6_-_sector_c2_ideal_plot_for_investor_end_user_1_kanal_exclusive_plot_available_for_sale-54843623-18890-2.html"}},{"type":"Feature","geometry":{"type":"Point","coordinates":[73.16268,33.713488]},"properties":{"id":"zameen-53417433","source":"Zameen","confidenceScore":100,"confidenceBand":"High","isOutlier":false,"title":"16 Kanal Beautiful Farm House For Sale In Bani Gala Near Imran Khan House","propertyGroup":"house","location":"Bani Gala, Islamabad","neighborhood":"Bani Gala","pricePkr":310000000,"pricePerSqft":4305.56,"pricePerMarla":968750.0,"areaSqft":72000.0,"beds":10,"baths":6,"url":"https://www.zameen.com/Property/islamabad_bani_gala_16_kanal_beautiful_farm_house_for_sale_in_bani_gala_near_imran_khan_house-53417433-340-1.html"}},{"type":"Feature","geometry":{"type":"Point","coordinates":[72.789139779491,33.721507379068]},"properties":{"id":"zameen-54618847","source":"Zameen","confidenceScore":100,"confidenceBand":"High","isOutlier":false,"title":"5 Marla Plot For Sale In Prime Block Faisal Hills. On Lumpsum Amount In Rs 47,90,000.","propertyGroup":"plot","location":"Faisal Hills - Prime Block, Faisal Hills","neighborhood":"Faisal Hills","pricePkr":4790000,"pricePerSqft":4257.78,"pricePerMarla":958000.0,"areaSqft":1125.0,"beds":null,"baths":null,"url":"https://www.zameen.com/Property/faisal_hills_faisal_hills_-_prime_block_5_marla_plot_for_sale_in_prime_block_faisal_hills_on_lumpsum_amount_in_rs_47_90_000-54618847-22588-2.html"}},{"type":"Feature","geometry":{"type":"Point","coordinates":[72.876793,33.57094]},"properties":{"id":"zameen-54728510","source":"Zameen","confidenceScore":100,"confidenceBand":"High","isOutlier":false,"title":"Airport Green Garden AGG Plot For Sale","propertyGroup":"plot","location":"Airport Green Garden - Block A, Airport Green Garden","neighborhood":"Kashmir Highway","pricePkr":9500000,"pricePerSqft":4222.22,"pricePerMarla":950000.0,"areaSqft":2250.0,"beds":null,"baths":null,"url":"https://www.zameen.com/Property/airport_green_garden_airport_green_garden_-_block_a_airport_green_garden_agg_plot_for_sale-54728510-19371-2.html"}},{"type":"Feature","geometry":{"type":"Point","coordinates":[73.032269,33.498389]},"properties":{"id":"zameen-54769597","source":"Zameen","confidenceScore":100,"confidenceBand":"High","isOutlier":false,"title":"Plot For Sale In River View North Sector A","propertyGroup":"plot","location":"River View North - Block A, River View North","neighborhood":"DHA Defence","pricePkr":19000000,"pricePerSqft":4222.22,"pricePerMarla":950000.0,"areaSqft":4500.0,"beds":null,"baths":null,"url":"https://www.zameen.com/Property/river_view_north_river_view_north_-_block_a_plot_for_sale_in_river_view_north_sector_a-54769597-22320-2.html"}},{"type":"Feature","geometry":{"type":"Point","coordinates":[73.202060506,33.681952495]},"properties":{"id":"zameen-54843566","source":"Zameen","confidenceScore":100,"confidenceBand":"High","isOutlier":false,"title":"1 BHK Brand New Luxury Apartment for Sale in Bahria Enclave Sector C2 - 640 Sqft - Ideal for Investment & Living*","propertyGroup":"apartment","location":"Bahria Enclave - Sector C2, Bahria Enclave","neighborhood":"Bahria Town","pricePkr":10240000,"pricePerSqft":4183.01,"pricePerMarla":941176.47,"areaSqft":2448.0,"beds":1,"baths":1,"url":"https://www.zameen.com/Property/bahria_enclave_bahria_enclave_-_sector_c2_1_bhk_brand_new_luxury_apartment_for_sale_in_bahria_enclave_sector_c2_-_640_sqft_-_ideal_for_investment_living-54843566-11988-1.html"}},{"type":"Feature","geometry":{"type":"Point","coordinates":[73.030445647279,33.497356778928]},"properties":{"id":"zameen-54769633","source":"Zameen","confidenceScore":100,"confidenceBand":"High","isOutlier":false,"title":"River View North 5 Marla Plot Available In Reasonable","propertyGroup":"plot","location":"River View North, DHA Defence Phase 4","neighborhood":"DHA Defence","pricePkr":4700000,"pricePerSqft":4177.78,"pricePerMarla":940000.0,"areaSqft":1125.0,"beds":null,"baths":null,"url":"https://www.zameen.com/Property/dha_defence_phase_4_river_view_north_river_view_north_5_marla_plot_available_in_reasonable-54769633-22319-2.html"}},{"type":"Feature","geometry":{"type":"Point","coordinates":[72.809475,33.708599]},"properties":{"id":"zameen-54736957","source":"Zameen","confidenceScore":100,"confidenceBand":"High","isOutlier":false,"title":"Faisal Hills Block D Size 25*50 50Ft Road","propertyGroup":"plot","location":"Faisal Hills, Islamabad","neighborhood":"Faisal Hills","pricePkr":4600000,"pricePerSqft":4088.89,"pricePerMarla":920000.0,"areaSqft":1125.0,"beds":null,"baths":null,"url":"https://www.zameen.com/Property/islamabad_faisal_hills_faisal_hills_block_d_size_25_50_50ft_road-54736957-10859-2.html"}},{"type":"Feature","geometry":{"type":"Point","coordinates":[72.75964149,33.70674597]},"properties":{"id":"zameen-54773833","source":"Zameen","confidenceScore":100,"confidenceBand":"High","isOutlier":false,"title":"4900 Series 5000 Series 5100 Series Plots In Faisal Hills","propertyGroup":"plot","location":"Faisal Hills - Block C, Faisal Hills","neighborhood":"Faisal Hills","pricePkr":4600000,"pricePerSqft":4088.89,"pricePerMarla":920000.0,"areaSqft":1125.0,"beds":null,"baths":null,"url":"https://www.zameen.com/Property/faisal_hills_faisal_hills_-_block_c_4900_series_5000_series_5100_series_plots_in_faisal_hills-54773833-12657-2.html"}},{"type":"Feature","geometry":{"type":"Point","coordinates":[72.75964149,33.70674597]},"properties":{"id":"zameen-54778667","source":"Zameen","confidenceScore":100,"confidenceBand":"High","isOutlier":false,"title":"5 Marla Possessionable Plot for Sale in Faisal Hills","propertyGroup":"plot","location":"Faisal Hills - Block C, Faisal Hills","neighborhood":"Faisal Hills","pricePkr":4600000,"pricePerSqft":4088.89,"pricePerMarla":920000.0,"areaSqft":1125.0,"beds":null,"baths":null,"url":"https://www.zameen.com/Property/faisal_hills_faisal_hills_-_block_c_5_marla_possessionable_plot_for_sale_in_faisal_hills-54778667-12657-2.html"}},{"type":"Feature","geometry":{"type":"Point","coordinates":[73.15362146,33.61853179]},"properties":{"id":"zameen-54786902","source":"Zameen","confidenceScore":100,"confidenceBand":"High","isOutlier":false,"title":"5 Marla Plot For Sale.","propertyGroup":"plot","location":"Ghauri Town Phase 7, Ghauri Town","neighborhood":"Ghauri Town","pricePkr":4600000,"pricePerSqft":4088.89,"pricePerMarla":920000.0,"areaSqft":1125.0,"beds":null,"baths":null,"url":"https://www.zameen.com/Property/ghauri_town_ghauri_town_phase_7_5_marla_plot_for_sale-54786902-8245-2.html"}},{"type":"Feature","geometry":{"type":"Point","coordinates":[72.75964149,33.70674597]},"properties":{"id":"zameen-54800217","source":"Zameen","confidenceScore":100,"confidenceBand":"High","isOutlier":false,"title":"5 Marla Plot ( 25*50 In Block C ) Residential Plot Available For Sale In Faisal Hills Islamabad.","propertyGroup":"plot","location":"Faisal Hills - Block C, Faisal Hills","neighborhood":"Faisal Hills","pricePkr":4600000,"pricePerSqft":4088.89,"pricePerMarla":920000.0,"areaSqft":1125.0,"beds":null,"baths":null,"url":"https://www.zameen.com/Property/faisal_hills_faisal_hills_-_block_c_5_marla_plot_25_50_in_block_c_residential_plot_available_for_sale_in_faisal_hills_islamabad-54800217-12657-2.html"}},{"type":"Feature","geometry":{"type":"Point","coordinates":[73.257093,33.509268]},"properties":{"id":"zameen-54842611","source":"Zameen","confidenceScore":100,"confidenceBand":"High","isOutlier":false,"title":"DHA Phase 7 Magnalia","propertyGroup":"plot","location":"DHA Valley - Magnolia Sector, DHA Valley","neighborhood":"DHA Defence","pricePkr":4600000,"pricePerSqft":4088.89,"pricePerMarla":920000.0,"areaSqft":1125.0,"beds":null,"baths":null,"url":"https://www.zameen.com/Property/dha_valley_dha_valley_-_magnolia_sector_dha_phase_7_magnalia-54842611-3208-2.html"}},{"type":"Feature","geometry":{"type":"Point","coordinates":[73.30167691,33.54648592]},"properties":{"id":"zameen-54842264","source":"Zameen","confidenceScore":100,"confidenceBand":"High","isOutlier":false,"title":"DHA Phase 6, Sector B3 Plot , Best Time For The Investors, Ready to Build.","propertyGroup":"plot","location":"DHA Defence Phase 6, DHA Defence","neighborhood":"DHA Defence","pricePkr":18000000,"pricePerSqft":4000.0,"pricePerMarla":900000.0,"areaSqft":4500.0,"beds":null,"baths":null,"url":"https://www.zameen.com/Property/dha_defence_dha_defence_phase_6_dha_phase_6_sector_b3_plot_best_time_for_the_investors_ready_to_build-54842264-17408-2.html"}},{"type":"Feature","geometry":{"type":"Point","coordinates":[72.809475,33.708599]},"properties":{"id":"zameen-54832357","source":"Zameen","confidenceScore":100,"confidenceBand":"High","isOutlier":false,"title":"INVEST BUILD GROW FAISAL HILLS - ISLAMABAD","propertyGroup":"plot","location":"Faisal Hills, Islamabad","neighborhood":"Faisal Hills","pricePkr":8940000,"pricePerSqft":3973.33,"pricePerMarla":894000.0,"areaSqft":2250.0,"beds":null,"baths":null,"url":"https://www.zameen.com/Property/islamabad_faisal_hills_invest_build_grow_faisal_hills_-_islamabad-54832357-10859-2.html"}},{"type":"Feature","geometry":{"type":"Point","coordinates":[72.767999145,33.70452437]},"properties":{"id":"zameen-54291837","source":"Zameen","confidenceScore":96,"confidenceBand":"High","isOutlier":false,"title":"10 MARLA (35x70) PLOT FOR SALE IN FAISAL HILLS BLOCK B | PRIME LOCATION | BACK TO MAIN BOULEVARD | PARK | MASJID | CRICKET GROUND | COMMERCIAL MARKET | BACK TO SERVICE ROAD","propertyGroup":"plot","location":"Faisal Hills, Islamabad","neighborhood":"Faisal Hills","pricePkr":8800000,"pricePerSqft":3911.11,"pricePerMarla":880000.0,"areaSqft":2250.0,"beds":null,"baths":null,"url":"https://www.zameen.com/Property/islamabad_faisal_hills_10_marla_35x70_plot_for_sale_in_faisal_hills_block_b_prime_location_back_to_main_boulevard_park_masjid_cricket_ground_commercial_market_back_to_service_road-54291837-10859-2.html"}},{"type":"Feature","geometry":{"type":"Point","coordinates":[72.75964149,33.70674597]},"properties":{"id":"zameen-54822695","source":"Zameen","confidenceScore":100,"confidenceBand":"High","isOutlier":false,"title":"5 Marla Solid Plot Faisal Hills Block C","propertyGroup":"plot","location":"Faisal Hills - Block C, Faisal Hills","neighborhood":"Faisal Hills","pricePkr":4400000,"pricePerSqft":3911.11,"pricePerMarla":880000.0,"areaSqft":1125.0,"beds":null,"baths":null,"url":"https://www.zameen.com/Property/faisal_hills_faisal_hills_-_block_c_5_marla_solid_plot_faisal_hills_block_c-54822695-12657-2.html"}},{"type":"Feature","geometry":{"type":"Point","coordinates":[73.2470438,33.52897374]},"properties":{"id":"zameen-54843722","source":"Zameen","confidenceScore":100,"confidenceBand":"High","isOutlier":false,"title":"Ideal Plot For Investor/End User, 1 Kanal Exclusive Plot available for Sale","propertyGroup":"plot","location":"DHA Phase 6 - Sector A, DHA Defence Phase 6","neighborhood":"DHA Defence","pricePkr":17500000,"pricePerSqft":3888.89,"pricePerMarla":875000.0,"areaSqft":4500.0,"beds":null,"baths":null,"url":"https://www.zameen.com/Property/dha_defence_phase_6_dha_phase_6_-_sector_a_ideal_plot_for_investor_end_user_1_kanal_exclusive_plot_available_for_sale-54843722-18745-2.html"}},{"type":"Feature","geometry":{"type":"Point","coordinates":[73.215451,33.600394]},"properties":{"id":"zameen-54819510","source":"Zameen","confidenceScore":100,"confidenceBand":"High","isOutlier":false,"title":"10 Marla Under Developed Plot In B Block Of Gulberg Islamabad.","propertyGroup":"plot","location":"Gulberg Residencia, Gulberg","neighborhood":"Gulberg","pricePkr":8700000,"pricePerSqft":3866.67,"pricePerMarla":870000.0,"areaSqft":2250.0,"beds":null,"baths":null,"url":"https://www.zameen.com/Property/gulberg_gulberg_residencia_10_marla_under_developed_plot_in_b_block_of_gulberg_islamabad-54819510-8319-2.html"}},{"type":"Feature","geometry":{"type":"Point","coordinates":[73.148646,33.639311]},"properties":{"id":"zameen-54377713","source":"Zameen","confidenceScore":100,"confidenceBand":"High","isOutlier":false,"title":"Ideal House Is Available For Sale In Lehtrar Road","propertyGroup":"house","location":"Lehtrar Road, Islamabad","neighborhood":"Lehtrar Road","pricePkr":4250000,"pricePerSqft":3777.78,"pricePerMarla":850000.0,"areaSqft":1125.0,"beds":null,"baths":null,"url":"https://www.zameen.com/Property/islamabad_lehtrar_road_ideal_house_is_available_for_sale_in_lehtrar_road-54377713-3461-1.html"}},{"type":"Feature","geometry":{"type":"Point","coordinates":[73.25621896,33.6853172]},"properties":{"id":"zameen-54510092","source":"Zameen","confidenceScore":100,"confidenceBand":"High","isOutlier":false,"title":"Sector J 8 Marla Semi Develop Plot For Sale In Bahria Enclave Islamabad","propertyGroup":"plot","location":"Bahria Enclave - Sector J, Bahria Enclave","neighborhood":"Bahria Town","pricePkr":6800000,"pricePerSqft":3777.78,"pricePerMarla":850000.0,"areaSqft":1800.0,"beds":null,"baths":null,"url":"https://www.zameen.com/Property/bahria_enclave_bahria_enclave_-_sector_j_sector_j_8_marla_semi_develop_plot_for_sale_in_bahria_enclave_islamabad-54510092-11981-2.html"}},{"type":"Feature","geometry":{"type":"Point","coordinates":[73.293699,33.548613]},"properties":{"id":"zameen-54843404","source":"Zameen","confidenceScore":100,"confidenceBand":"High","isOutlier":false,"title":"To sale You Can Find Spacious Residential Plot In DHA Phase 6 - Sector C3","propertyGroup":"plot","location":"DHA Phase 6 - Sector C3, DHA Defence Phase 6","neighborhood":"DHA Defence","pricePkr":17000000,"pricePerSqft":3777.78,"pricePerMarla":850000.0,"areaSqft":4500.0,"beds":null,"baths":null,"url":"https://www.zameen.com/Property/dha_defence_phase_6_dha_phase_6_-_sector_c3_to_sale_you_can_find_spacious_residential_plot_in_dha_phase_6_-_sector_c3-54843404-18891-2.html"}},{"type":"Feature","geometry":{"type":"Point","coordinates":[73.151522,33.569648]},"properties":{"id":"graana-1552473","source":"Graana","confidenceScore":88,"confidenceBand":"High","isOutlier":false,"title":"1800 Ft\u00b2 Flat for Sale","propertyGroup":"apartment","location":"Soan Garden, Islamabad","neighborhood":"Soan Garden","pricePkr":6500000,"pricePerSqft":3611.11,"pricePerMarla":812500.0,"areaSqft":1800.0,"beds":3,"baths":3,"url":"https://www.graana.com/property/1552473"}},{"type":"Feature","geometry":{"type":"Point","coordinates":[73.151522,33.569648]},"properties":{"id":"graana-1554931","source":"Graana","confidenceScore":88,"confidenceBand":"High","isOutlier":false,"title":"1800 Ft\u00b2 Flat for Sale","propertyGroup":"apartment","location":"Soan Garden, Islamabad","neighborhood":"Soan Garden","pricePkr":6500000,"pricePerSqft":3611.11,"pricePerMarla":812500.0,"areaSqft":1800.0,"beds":3,"baths":3,"url":"https://www.graana.com/property/1554931"}},{"type":"Feature","geometry":{"type":"Point","coordinates":[72.8824337,33.6384366]},"properties":{"id":"zameen-54484153","source":"Zameen","confidenceScore":100,"confidenceBand":"High","isOutlier":false,"title":"For Sale One Kanal Level Plot In MPCHS","propertyGroup":"plot","location":"F-17/3, F-17","neighborhood":"F-17","pricePkr":16000000,"pricePerSqft":3555.56,"pricePerMarla":800000.0,"areaSqft":4500.0,"beds":null,"baths":null,"url":"https://www.zameen.com/Property/f_17_f-17_3_for_sale_one_kanal_level_plot_in_mpchs-54484153-3294-2.html"}},{"type":"Feature","geometry":{"type":"Point","coordinates":[72.878995,33.58445]},"properties":{"id":"zameen-54702263","source":"Zameen","confidenceScore":100,"confidenceBand":"High","isOutlier":false,"title":"University Town Islamabad A Block 5 Marla Possession Plot","propertyGroup":"plot","location":"University Town - Block A, University Town","neighborhood":"University Town","pricePkr":4000000,"pricePerSqft":3555.56,"pricePerMarla":800000.0,"areaSqft":1125.0,"beds":null,"baths":null,"url":"https://www.zameen.com/Property/university_town_university_town_-_block_a_university_town_islamabad_a_block_5_marla_possession_plot-54702263-3501-2.html"}},{"type":"Feature","geometry":{"type":"Point","coordinates":[73.260784,33.503542]},"properties":{"id":"zameen-54718210","source":"Zameen","confidenceScore":100,"confidenceBand":"High","isOutlier":false,"title":"Unoccupied Residential Plot Of 5 Marla Is Available For sale In DHA Defence","propertyGroup":"plot","location":"DHA Valley - Oleander Sector, DHA Valley","neighborhood":"DHA Defence","pricePkr":4000000,"pricePerSqft":3555.56,"pricePerMarla":800000.0,"areaSqft":1125.0,"beds":null,"baths":null,"url":"https://www.zameen.com/Property/dha_valley_dha_valley_-_oleander_sector_unoccupied_residential_plot_of_5_marla_is_available_for_sale_in_dha_defence-54718210-3213-2.html"}},{"type":"Feature","geometry":{"type":"Point","coordinates":[72.92450853,33.64575704]},"properties":{"id":"zameen-54783481","source":"Zameen","confidenceScore":96,"confidenceBand":"High","isOutlier":false,"title":"1 Kanal F-15/4 | Premium FGEHA Plot | Ideal Investment Opportunity","propertyGroup":"plot","location":"F-15/4, F-15","neighborhood":"F-15","pricePkr":16000000,"pricePerSqft":3555.56,"pricePerMarla":800000.0,"areaSqft":4500.0,"beds":null,"baths":null,"url":"https://www.zameen.com/Property/f_15_f-15_4_1_kanal_f-15_4_premium_fgeha_plot_ideal_investment_opportunity-54783481-20209-2.html"}},{"type":"Feature","geometry":{"type":"Point","coordinates":[73.1483399,33.6488224]},"properties":{"id":"zameen-54806818","source":"Zameen","confidenceScore":100,"confidenceBand":"High","isOutlier":false,"title":"19 Kanal Farm House FOR SALE","propertyGroup":"house","location":"Chak Shahzad, Islamabad","neighborhood":"Chak Shahzad","pricePkr":300000000,"pricePerSqft":3508.77,"pricePerMarla":789473.68,"areaSqft":85500.0,"beds":10,"baths":6,"url":"https://www.zameen.com/Property/islamabad_chak_shahzad_19_kanal_farm_house_for_sale-54806818-158-1.html"}},{"type":"Feature","geometry":{"type":"Point","coordinates":[72.809475,33.708599]},"properties":{"id":"zameen-54831084","source":"Zameen","confidenceScore":100,"confidenceBand":"High","isOutlier":false,"title":"FAISAL HILLS RDA APPROVED PLOTS | Prime Location Modern Infrastructure Secure Community","propertyGroup":"plot","location":"Faisal Hills, Islamabad","neighborhood":"Faisal Hills","pricePkr":15430000,"pricePerSqft":3428.89,"pricePerMarla":771500.0,"areaSqft":4500.0,"beds":null,"baths":null,"url":"https://www.zameen.com/Property/islamabad_faisal_hills_faisal_hills_rda_approved_plots_prime_location_modern_infrastructure_secure_community-54831084-10859-2.html"}},{"type":"Feature","geometry":{"type":"Point","coordinates":[72.880297,33.631987]},"properties":{"id":"zameen-54626439","source":"Zameen","confidenceScore":100,"confidenceBand":"High","isOutlier":false,"title":"ONE KANAL PLOT FOR SALE IN F-17 ISLAMABAD","propertyGroup":"plot","location":"F-17, Islamabad","neighborhood":"F-17","pricePkr":15300000,"pricePerSqft":3400.0,"pricePerMarla":765000.0,"areaSqft":4500.0,"beds":null,"baths":null,"url":"https://www.zameen.com/Property/islamabad_f-17_one_kanal_plot_for_sale_in_f-17_islamabad-54626439-335-2.html"}},{"type":"Feature","geometry":{"type":"Point","coordinates":[72.810688,33.65428]},"properties":{"id":"zameen-54329738","source":"Zameen","confidenceScore":100,"confidenceBand":"High","isOutlier":false,"title":"10-Marla Category Plot Available For Sale","propertyGroup":"plot","location":"Wapda Town - Block D, Wapda Town Islamabad","neighborhood":"C-19","pricePkr":7500000,"pricePerSqft":3333.33,"pricePerMarla":750000.0,"areaSqft":2250.0,"beds":null,"baths":null,"url":"https://www.zameen.com/Property/wapda_town_islamabad_wapda_town_-_block_d_10-marla_category_plot_available_for_sale-54329738-3143-2.html"}},{"type":"Feature","geometry":{"type":"Point","coordinates":[72.809475,33.708599]},"properties":{"id":"zameen-54832416","source":"Zameen","confidenceScore":100,"confidenceBand":"High","isOutlier":false,"title":"READY TO BUILD YOUR SIGNATURE RESIDENCE | PEACEFUL COMMUNITY WIDE ROADS GREEN SPACES | EXCELLENT ACCESS & CONNECTIVITY | INVEST TODAY BUILD TOMORROW GROW FOR THE FUTURE","propertyGroup":"plot","location":"Faisal Hills, Islamabad","neighborhood":"Faisal Hills","pricePkr":29890000,"pricePerSqft":3321.11,"pricePerMarla":747250.0,"areaSqft":9000.0,"beds":null,"baths":null,"url":"https://www.zameen.com/Property/islamabad_faisal_hills_ready_to_build_your_signature_residence_peaceful_community_wide_roads_green_spaces_excellent_access_connectivity_invest_today_build_tomorrow_grow_for_the_future-54832416-10859-2.html"}},{"type":"Feature","geometry":{"type":"Point","coordinates":[73.293699,33.548613]},"properties":{"id":"zameen-54813562","source":"Zameen","confidenceScore":100,"confidenceBand":"High","isOutlier":false,"title":"DHA Phase 6 Sector C3 PARK FACE - 1 Kanal Plot For Sale","propertyGroup":"plot","location":"DHA Phase 6 - Sector C3, DHA Defence Phase 6","neighborhood":"DHA Defence","pricePkr":14800000,"pricePerSqft":3288.89,"pricePerMarla":740000.0,"areaSqft":4500.0,"beds":null,"baths":null,"url":"https://www.zameen.com/Property/dha_defence_phase_6_dha_phase_6_-_sector_c3_dha_phase_6_sector_c3_park_face_-_1_kanal_plot_for_sale-54813562-18891-2.html"}},{"type":"Feature","geometry":{"type":"Point","coordinates":[73.1783067,33.4839485]},"properties":{"id":"zameen-54831266","source":"Zameen","confidenceScore":96,"confidenceBand":"High","isOutlier":false,"title":"1 Kanal Army Allocation Available For Sale","propertyGroup":"plot","location":"DHA Phase 3 - Block D, DHA Defence Phase 3","neighborhood":"DHA Defence","pricePkr":14500000,"pricePerSqft":3222.22,"pricePerMarla":725000.0,"areaSqft":4500.0,"beds":null,"baths":null,"url":"https://www.zameen.com/Property/dha_defence_phase_3_dha_phase_3_-_block_d_1_kanal_army_allocation_available_for_sale-54831266-16225-2.html"}},{"type":"Feature","geometry":{"type":"Point","coordinates":[73.30167691,33.54648592]},"properties":{"id":"zameen-54842292","source":"Zameen","confidenceScore":100,"confidenceBand":"High","isOutlier":false,"title":"DHA Phase 6, Sector C3 Ext corner Plot ,Top Of The Line Location , Best Time For The Investors","propertyGroup":"plot","location":"DHA Defence Phase 6, DHA Defence","neighborhood":"DHA Defence","pricePkr":14500000,"pricePerSqft":3222.22,"pricePerMarla":725000.0,"areaSqft":4500.0,"beds":null,"baths":null,"url":"https://www.zameen.com/Property/dha_defence_dha_defence_phase_6_dha_phase_6_sector_c3_ext_corner_plot_top_of_the_line_location_best_time_for_the_investors-54842292-17408-2.html"}},{"type":"Feature","geometry":{"type":"Point","coordinates":[73.3016769,33.5464859]},"properties":{"id":"zameen-54843006","source":"Zameen","confidenceScore":100,"confidenceBand":"High","isOutlier":false,"title":"DHA 6 islamabad we buy plots","propertyGroup":"plot","location":"DHA Defence Phase 6, DHA Defence","neighborhood":"DHA Defence","pricePkr":14500000,"pricePerSqft":3222.22,"pricePerMarla":725000.0,"areaSqft":4500.0,"beds":null,"baths":null,"url":"https://www.zameen.com/Property/dha_defence_dha_defence_phase_6_dha_6_islamabad_we_buy_plots-54843006-17408-2.html"}},{"type":"Feature","geometry":{"type":"Point","coordinates":[72.888865,33.584093]},"properties":{"id":"zameen-54773195","source":"Zameen","confidenceScore":100,"confidenceBand":"High","isOutlier":false,"title":"Plot For Sale In University Town Block E St 6","propertyGroup":"plot","location":"University Town - Block E, University Town","neighborhood":"University Town","pricePkr":3600000,"pricePerSqft":3200.0,"pricePerMarla":720000.0,"areaSqft":1125.0,"beds":null,"baths":null,"url":"https://www.zameen.com/Property/university_town_university_town_-_block_e_plot_for_sale_in_university_town_block_e_st_6-54773195-3505-2.html"}},{"type":"Feature","geometry":{"type":"Point","coordinates":[72.888865,33.584093]},"properties":{"id":"zameen-54805320","source":"Zameen","confidenceScore":100,"confidenceBand":"High","isOutlier":false,"title":"Plot For Sale In University Town Block E St 6","propertyGroup":"plot","location":"University Town - Block E, University Town","neighborhood":"University Town","pricePkr":3600000,"pricePerSqft":3200.0,"pricePerMarla":720000.0,"areaSqft":1125.0,"beds":null,"baths":null,"url":"https://www.zameen.com/Property/university_town_university_town_-_block_e_plot_for_sale_in_university_town_block_e_st_6-54805320-3505-2.html"}},{"type":"Feature","geometry":{"type":"Point","coordinates":[72.88113,33.567618]},"properties":{"id":"zameen-54605855","source":"Zameen","confidenceScore":100,"confidenceBand":"High","isOutlier":false,"title":"Reasonably-Priced 5 Marla Residential Plot In Airport Green Garden - Block C, Islamabad Is Available As Of Now","propertyGroup":"plot","location":"Airport Green Garden - Block C, Airport Green Garden","neighborhood":"Kashmir Highway","pricePkr":3500000,"pricePerSqft":3111.11,"pricePerMarla":700000.0,"areaSqft":1125.0,"beds":null,"baths":null,"url":"https://www.zameen.com/Property/airport_green_garden_airport_green_garden_-_block_c_reasonably-priced_5_marla_residential_plot_in_airport_green_garden_-_block_c_islamabad_is_available_as_of_now-54605855-19373-2.html"}},{"type":"Feature","geometry":{"type":"Point","coordinates":[73.3016769,33.5464859]},"properties":{"id":"zameen-54758251","source":"Zameen","confidenceScore":96,"confidenceBand":"High","isOutlier":false,"title":"DHA 6 ISLAMABAD KANAL AVAILABLE PLOT FOR SALE","propertyGroup":"plot","location":"DHA Defence Phase 6, DHA Defence","neighborhood":"DHA Defence","pricePkr":14000000,"pricePerSqft":3111.11,"pricePerMarla":700000.0,"areaSqft":4500.0,"beds":null,"baths":null,"url":"https://www.zameen.com/Property/dha_defence_dha_defence_phase_6_dha_6_islamabad_kanal_available_plot_for_sale-54758251-17408-2.html"}},{"type":"Feature","geometry":{"type":"Point","coordinates":[72.859268767089,33.649382077616]},"properties":{"id":"zameen-54792713","source":"Zameen","confidenceScore":100,"confidenceBand":"High","isOutlier":false,"title":"5 Marla Plot For Sale In D-17","propertyGroup":"plot","location":"D-17, Islamabad","neighborhood":"D-17","pricePkr":3500000,"pricePerSqft":3111.11,"pricePerMarla":700000.0,"areaSqft":1125.0,"beds":null,"baths":null,"url":"https://www.zameen.com/Property/islamabad_d-17_5_marla_plot_for_sale_in_d-17-54792713-737-2.html"}},{"type":"Feature","geometry":{"type":"Point","coordinates":[73.162236,33.603325]},"properties":{"id":"zameen-54796606","source":"Zameen","confidenceScore":100,"confidenceBand":"High","isOutlier":false,"title":"5 MARLA RESIDENTIAL PLOTS | B-GREENS, GULBERG GREENS ISLAMABAD | 2550 | 1-YEAR INSTALLMENT PLAN | PRIME DEVELOPING LOCATION","propertyGroup":"plot","location":"Gulberg Greens - Block B, Gulberg Greens","neighborhood":"Gulberg","pricePkr":3500000,"pricePerSqft":3111.11,"pricePerMarla":700000.0,"areaSqft":1125.0,"beds":null,"baths":null,"url":"https://www.zameen.com/Property/gulberg_greens_gulberg_greens_-_block_b_5_marla_residential_plots_b-greens_gulberg_greens_islamabad_2550_1-year_installment_plan_prime_developing_location-54796606-8314-2.html"}},{"type":"Feature","geometry":{"type":"Point","coordinates":[72.8563803,33.63331434]},"properties":{"id":"zameen-54840285","source":"Zameen","confidenceScore":100,"confidenceBand":"High","isOutlier":false,"title":"1 Kanal (4500 Sq Ft ) ( 50*90 in Block F ). Corner Plot + On 60 Ft Road. Residential Plot Available For Sale. In Gulshan e Sehat E-18 Islamabad.","propertyGroup":"plot","location":"Gulshan-e-Sehat 1, E-18","neighborhood":"E-18","pricePkr":14000000,"pricePerSqft":3111.11,"pricePerMarla":700000.0,"areaSqft":4500.0,"beds":null,"baths":null,"url":"https://www.zameen.com/Property/e_18_gulshan-e-sehat_1_1_kanal_4500_sq_ft_50_90_in_block_f_corner_plot_on_60_ft_road_residential_plot_available_for_sale_in_gulshan_e_sehat_e-18_islamabad-54840285-3258-2.html"}},{"type":"Feature","geometry":{"type":"Point","coordinates":[73.215451,33.600394]},"properties":{"id":"zameen-54825665","source":"Zameen","confidenceScore":100,"confidenceBand":"High","isOutlier":false,"title":"50x90.1 kanal plot in A Exective block of Gulberg Islamabad in 50 series","propertyGroup":"plot","location":"Gulberg Residencia, Gulberg","neighborhood":"Gulberg","pricePkr":13500000,"pricePerSqft":3000.0,"pricePerMarla":675000.0,"areaSqft":4500.0,"beds":null,"baths":null,"url":"https://www.zameen.com/Property/gulberg_gulberg_residencia_50x90_1_kanal_plot_in_a_exective_block_of_gulberg_islamabad_in_50_series-54825665-8319-2.html"}},{"type":"Feature","geometry":{"type":"Point","coordinates":[73.293699,33.548613]},"properties":{"id":"zameen-54843634","source":"Zameen","confidenceScore":100,"confidenceBand":"High","isOutlier":false,"title":"Ideal Plot For Investor/End User, 1 Kanal Exclusive Plot available for Sale","propertyGroup":"plot","location":"DHA Phase 6 - Sector C3, DHA Defence Phase 6","neighborhood":"DHA Defence","pricePkr":13500000,"pricePerSqft":3000.0,"pricePerMarla":675000.0,"areaSqft":4500.0,"beds":null,"baths":null,"url":"https://www.zameen.com/Property/dha_defence_phase_6_dha_phase_6_-_sector_c3_ideal_plot_for_investor_end_user_1_kanal_exclusive_plot_available_for_sale-54843634-18891-2.html"}},{"type":"Feature","geometry":{"type":"Point","coordinates":[73.266106,33.507336]},"properties":{"id":"zameen-54842471","source":"Zameen","confidenceScore":100,"confidenceBand":"High","isOutlier":false,"title":"DHA phase 7 lilly block ready plot","propertyGroup":"plot","location":"DHA Valley - Lilly Sector, DHA Valley","neighborhood":"DHA Defence","pricePkr":3300000,"pricePerSqft":2933.33,"pricePerMarla":660000.0,"areaSqft":1125.0,"beds":null,"baths":null,"url":"https://www.zameen.com/Property/dha_valley_dha_valley_-_lilly_sector_dha_phase_7_lilly_block_ready_plot-54842471-3214-2.html"}},{"type":"Feature","geometry":{"type":"Point","coordinates":[72.887506,33.586238]},"properties":{"id":"zameen-54656493","source":"Zameen","confidenceScore":96,"confidenceBand":"High","isOutlier":false,"title":"For Sale 10 Marla Plot With DPC Done","propertyGroup":"plot","location":"University Town, Islamabad","neighborhood":"University Town","pricePkr":6500000,"pricePerSqft":2888.89,"pricePerMarla":650000.0,"areaSqft":2250.0,"beds":null,"baths":null,"url":"https://www.zameen.com/Property/islamabad_university_town_for_sale_10_marla_plot_with_dpc_done-54656493-1164-2.html"}},{"type":"Feature","geometry":{"type":"Point","coordinates":[73.307476,33.554539]},"properties":{"id":"zameen-54837207","source":"Zameen","confidenceScore":100,"confidenceBand":"High","isOutlier":false,"title":"Best Opportunity For Investment Starting Street Plot","propertyGroup":"plot","location":"DHA Phase 6 - Sector C3, DHA Defence Phase 6","neighborhood":"DHA Defence","pricePkr":13000000,"pricePerSqft":2888.89,"pricePerMarla":650000.0,"areaSqft":4500.0,"beds":null,"baths":null,"url":"https://www.zameen.com/Property/dha_defence_phase_6_dha_phase_6_-_sector_c3_best_opportunity_for_investment_starting_street_plot-54837207-18891-2.html"}},{"type":"Feature","geometry":{"type":"Point","coordinates":[72.888865,33.584093]},"properties":{"id":"zameen-54688592","source":"Zameen","confidenceScore":96,"confidenceBand":"High","isOutlier":false,"title":"University Town 10 Marla Plot Available for Sale","propertyGroup":"plot","location":"University Town - Block E, University Town","neighborhood":"University Town","pricePkr":6000000,"pricePerSqft":2666.67,"pricePerMarla":600000.0,"areaSqft":2250.0,"beds":null,"baths":null,"url":"https://www.zameen.com/Property/university_town_university_town_-_block_e_university_town_10_marla_plot_available_for_sale-54688592-3505-2.html"}},{"type":"Feature","geometry":{"type":"Point","coordinates":[72.888865,33.584093]},"properties":{"id":"zameen-54803111","source":"Zameen","confidenceScore":100,"confidenceBand":"High","isOutlier":false,"title":"University Town Block E St 20 5 Marla Possession Plot","propertyGroup":"plot","location":"University Town - Block E, University Town","neighborhood":"University Town","pricePkr":3000000,"pricePerSqft":2666.67,"pricePerMarla":600000.0,"areaSqft":1125.0,"beds":null,"baths":null,"url":"https://www.zameen.com/Property/university_town_university_town_-_block_e_university_town_block_e_st_20_5_marla_possession_plot-54803111-3505-2.html"}},{"type":"Feature","geometry":{"type":"Point","coordinates":[73.257008,33.5039]},"properties":{"id":"zameen-53424678","source":"Zameen","confidenceScore":96,"confidenceBand":"High","isOutlier":false,"title":"8 Marla Plot Is Available For Sale","propertyGroup":"plot","location":"DHA Valley - Bogenvelia Sector, DHA Valley","neighborhood":"DHA Defence","pricePkr":4700000,"pricePerSqft":2611.11,"pricePerMarla":587500.0,"areaSqft":1800.0,"beds":null,"baths":null,"url":"https://www.zameen.com/Property/dha_valley_dha_valley_-_bogenvelia_sector_8_marla_plot_is_available_for_sale-53424678-3209-2.html"}},{"type":"Feature","geometry":{"type":"Point","coordinates":[72.902356,33.525586]},"properties":{"id":"zameen-54733728","source":"Zameen","confidenceScore":100,"confidenceBand":"High","isOutlier":false,"title":"5 Marla Plots In Faisal Town Phase 2 Islamabad","propertyGroup":"plot","location":"Faisal Town Phase 2, Faisal Town - F-18","neighborhood":"Faisal Town - F-18","pricePkr":2890000,"pricePerSqft":2568.89,"pricePerMarla":578000.0,"areaSqft":1125.0,"beds":null,"baths":null,"url":"https://www.zameen.com/Property/faisal_town_f_18_faisal_town_phase_2_5_marla_plots_in_faisal_town_phase_2_islamabad-54733728-20466-2.html"}},{"type":"Feature","geometry":{"type":"Point","coordinates":[73.217903,33.721306]},"properties":{"id":"zameen-53970599","source":"Zameen","confidenceScore":100,"confidenceBand":"High","isOutlier":false,"title":"Get Your Hands On Farmhouse Plot In Naval Farms Housing Scheme Best Area","propertyGroup":"plot","location":"Naval Farms Housing Scheme, Islamabad","neighborhood":"Naval Farms Housing Scheme","pricePkr":57500000,"pricePerSqft":2555.56,"pricePerMarla":575000.0,"areaSqft":22500.0,"beds":null,"baths":null,"url":"https://www.zameen.com/Property/islamabad_naval_farms_housing_scheme_get_your_hands_on_farmhouse_plot_in_naval_farms_housing_scheme_best_area-53970599-1724-2.html"}},{"type":"Feature","geometry":{"type":"Point","coordinates":[72.88113,33.567618]},"properties":{"id":"zameen-54605880","source":"Zameen","confidenceScore":100,"confidenceBand":"High","isOutlier":false,"title":"A 10 Marla Residential Plot Has Landed On Market In Airport Green Garden - Block C Of Islamabad","propertyGroup":"plot","location":"Airport Green Garden - Block C, Airport Green Garden","neighborhood":"Kashmir Highway","pricePkr":5500000,"pricePerSqft":2444.44,"pricePerMarla":550000.0,"areaSqft":2250.0,"beds":null,"baths":null,"url":"https://www.zameen.com/Property/airport_green_garden_airport_green_garden_-_block_c_a_10_marla_residential_plot_has_landed_on_market_in_airport_green_garden_-_block_c_of_islamabad-54605880-19373-2.html"}},{"type":"Feature","geometry":{"type":"Point","coordinates":[72.888865,33.584093]},"properties":{"id":"zameen-54299742","source":"Zameen","confidenceScore":100,"confidenceBand":"High","isOutlier":false,"title":"10 Marla Level Plot With Approved Map By RDA For Sale","propertyGroup":"plot","location":"University Town - Block E, University Town","neighborhood":"University Town","pricePkr":5400000,"pricePerSqft":2400.0,"pricePerMarla":540000.0,"areaSqft":2250.0,"beds":null,"baths":null,"url":"https://www.zameen.com/Property/university_town_university_town_-_block_e_10_marla_level_plot_with_approved_map_by_rda_for_sale-54299742-3505-2.html"}},{"type":"Feature","geometry":{"type":"Point","coordinates":[73.266106,33.507336]},"properties":{"id":"zameen-54841875","source":"Zameen","confidenceScore":96,"confidenceBand":"High","isOutlier":false,"title":"DHA Phase 7 Lilly Block Ready Plot","propertyGroup":"plot","location":"DHA Valley - Lilly Sector, DHA Valley","neighborhood":"DHA Defence","pricePkr":2600000,"pricePerSqft":2311.11,"pricePerMarla":520000.0,"areaSqft":1125.0,"beds":null,"baths":null,"url":"https://www.zameen.com/Property/dha_valley_dha_valley_-_lilly_sector_dha_phase_7_lilly_block_ready_plot-54841875-3214-2.html"}},{"type":"Feature","geometry":{"type":"Point","coordinates":[73.15326932,33.50728127]},"properties":{"id":"zameen-54504185","source":"Zameen","confidenceScore":100,"confidenceBand":"High","isOutlier":false,"title":"F block 500 sqyard Plot for sale","propertyGroup":"plot","location":"AGOCHS Phase 2, AGOCHS","neighborhood":"AGOCHS","pricePkr":10000000,"pricePerSqft":2222.22,"pricePerMarla":500000.0,"areaSqft":4500.0,"beds":null,"baths":null,"url":"https://www.zameen.com/Property/agochs_agochs_phase_2_f_block_500_sqyard_plot_for_sale-54504185-10360-2.html"}},{"type":"Feature","geometry":{"type":"Point","coordinates":[72.883372,33.583807]},"properties":{"id":"zameen-54785351","source":"Zameen","confidenceScore":96,"confidenceBand":"High","isOutlier":false,"title":"Beautifully Located Corner Plot","propertyGroup":"plot","location":"University Town - Block C, University Town","neighborhood":"University Town","pricePkr":5000000,"pricePerSqft":2222.22,"pricePerMarla":500000.0,"areaSqft":2250.0,"beds":null,"baths":null,"url":"https://www.zameen.com/Property/university_town_university_town_-_block_c_beautifully_located_corner_plot-54785351-3503-2.html"}},{"type":"Feature","geometry":{"type":"Point","coordinates":[73.2101993,33.6123211]},"properties":{"id":"zameen-54843802","source":"Zameen","confidenceScore":100,"confidenceBand":"High","isOutlier":false,"title":"Gulberg Green A Executive 2 Islamabad 1 Kanal | Only 2 Plots Available","propertyGroup":"plot","location":"Gulberg, Islamabad","neighborhood":"Gulberg","pricePkr":10000000,"pricePerSqft":2222.22,"pricePerMarla":500000.0,"areaSqft":4500.0,"beds":null,"baths":null,"url":"https://www.zameen.com/Property/islamabad_gulberg_gulberg_green_a_executive_2_islamabad_1_kanal_only_2_plots_available-54843802-1682-2.html"}},{"type":"Feature","geometry":{"type":"Point","coordinates":[73.260784,33.503542]},"properties":{"id":"zameen-54718496","source":"Zameen","confidenceScore":96,"confidenceBand":"High","isOutlier":false,"title":"Oleander 05 Marla 4th Ballot Up To Date Near To Possession And Construction","propertyGroup":"plot","location":"DHA Valley - Oleander Sector, DHA Valley","neighborhood":"DHA Defence","pricePkr":2400000,"pricePerSqft":2133.33,"pricePerMarla":480000.0,"areaSqft":1125.0,"beds":null,"baths":null,"url":"https://www.zameen.com/Property/dha_valley_dha_valley_-_oleander_sector_oleander_05_marla_4th_ballot_up_to_date_near_to_possession_and_construction-54718496-3213-2.html"}},{"type":"Feature","geometry":{"type":"Point","coordinates":[73.241898,33.582412]},"properties":{"id":"zameen-54581341","source":"Zameen","confidenceScore":96,"confidenceBand":"High","isOutlier":false,"title":"20 Marla Residential Plot Is Available For sale","propertyGroup":"plot","location":"OPF Valley, Islamabad","neighborhood":"OPF Valley","pricePkr":9500000,"pricePerSqft":2111.11,"pricePerMarla":475000.0,"areaSqft":4500.0,"beds":null,"baths":null,"url":"https://www.zameen.com/Property/islamabad_opf_valley_20_marla_residential_plot_is_available_for_sale-54581341-8339-2.html"}},{"type":"Feature","geometry":{"type":"Point","coordinates":[72.887506,33.586238]},"properties":{"id":"zameen-54702250","source":"Zameen","confidenceScore":100,"confidenceBand":"High","isOutlier":false,"title":"University Town Islamabad 10 Marla Possession Plot For Sale","propertyGroup":"plot","location":"University Town, Islamabad","neighborhood":"University Town","pricePkr":4600000,"pricePerSqft":2044.44,"pricePerMarla":460000.0,"areaSqft":2250.0,"beds":null,"baths":null,"url":"https://www.zameen.com/Property/islamabad_university_town_university_town_islamabad_10_marla_possession_plot_for_sale-54702250-1164-2.html"}},{"type":"Feature","geometry":{"type":"Point","coordinates":[72.883372,33.583807]},"properties":{"id":"zameen-54601607","source":"Zameen","confidenceScore":96,"confidenceBand":"High","isOutlier":false,"title":"10 Marla Plot For Sale Plot 26 Street 5 Block C","propertyGroup":"plot","location":"University Town - Block C, University Town","neighborhood":"University Town","pricePkr":4500000,"pricePerSqft":2000.0,"pricePerMarla":450000.0,"areaSqft":2250.0,"beds":null,"baths":null,"url":"https://www.zameen.com/Property/university_town_university_town_-_block_c_10_marla_plot_for_sale_plot_26_street_5_block_c-54601607-3503-2.html"}},{"type":"Feature","geometry":{"type":"Point","coordinates":[72.883115,33.586309]},"properties":{"id":"zameen-54803194","source":"Zameen","confidenceScore":100,"confidenceBand":"High","isOutlier":false,"title":"University Town Block B St 2 Kanal Plot For Sale","propertyGroup":"plot","location":"University Town - Block B, University Town","neighborhood":"University Town","pricePkr":9000000,"pricePerSqft":2000.0,"pricePerMarla":450000.0,"areaSqft":4500.0,"beds":null,"baths":null,"url":"https://www.zameen.com/Property/university_town_university_town_-_block_b_university_town_block_b_st_2_kanal_plot_for_sale-54803194-3502-2.html"}},{"type":"Feature","geometry":{"type":"Point","coordinates":[73.217903,33.721306]},"properties":{"id":"zameen-54843160","source":"Zameen","confidenceScore":100,"confidenceBand":"High","isOutlier":false,"title":"NAVAL FARMS 5 KANAL PLOT FOR SALE","propertyGroup":"plot","location":"Naval Farms Housing Scheme, Islamabad","neighborhood":"Naval Farms Housing Scheme","pricePkr":45000000,"pricePerSqft":2000.0,"pricePerMarla":450000.0,"areaSqft":22500.0,"beds":null,"baths":null,"url":"https://www.zameen.com/Property/islamabad_naval_farms_housing_scheme_naval_farms_5_kanal_plot_for_sale-54843160-1724-2.html"}},{"type":"Feature","geometry":{"type":"Point","coordinates":[72.829129,33.596913]},"properties":{"id":"zameen-54512086","source":"Zameen","confidenceScore":100,"confidenceBand":"High","isOutlier":false,"title":"1 KANAL ADC PLOT FOR SALE","propertyGroup":"plot","location":"Margalla Garden Cooperative Housing Society, E-19","neighborhood":"E-19","pricePkr":8000000,"pricePerSqft":1777.78,"pricePerMarla":400000.0,"areaSqft":4500.0,"beds":null,"baths":null,"url":"https://www.zameen.com/Property/e_19_margalla_garden_cooperative_housing_society_1_kanal_adc_plot_for_sale-54512086-22496-2.html"}},{"type":"Feature","geometry":{"type":"Point","coordinates":[72.892213,33.587024]},"properties":{"id":"zameen-54803134","source":"Zameen","confidenceScore":100,"confidenceBand":"High","isOutlier":false,"title":"University Town Block F St 10 . . 10Marla Possession Plot Corner","propertyGroup":"plot","location":"University Town - Block F, University Town","neighborhood":"University Town","pricePkr":3400000,"pricePerSqft":1511.11,"pricePerMarla":340000.0,"areaSqft":2250.0,"beds":null,"baths":null,"url":"https://www.zameen.com/Property/university_town_university_town_-_block_f_university_town_block_f_st_10_10marla_possession_plot_corner-54803134-3506-2.html"}},{"type":"Feature","geometry":{"type":"Point","coordinates":[72.887506,33.586238]},"properties":{"id":"zameen-54842748","source":"Zameen","confidenceScore":100,"confidenceBand":"High","isOutlier":false,"title":"University Town Islamabad 10 Marla Corner Plot","propertyGroup":"plot","location":"University Town, Islamabad","neighborhood":"University Town","pricePkr":3300000,"pricePerSqft":1466.67,"pricePerMarla":330000.0,"areaSqft":2250.0,"beds":null,"baths":null,"url":"https://www.zameen.com/Property/islamabad_university_town_university_town_islamabad_10_marla_corner_plot-54842748-1164-2.html"}},{"type":"Feature","geometry":{"type":"Point","coordinates":[72.833208,33.578282]},"properties":{"id":"zameen-54584238","source":"Zameen","confidenceScore":100,"confidenceBand":"High","isOutlier":false,"title":"PECHS Islamabad Block H Corner Plot","propertyGroup":"plot","location":"PECHS - Block H, PECHS","neighborhood":"PECHS","pricePkr":4800000,"pricePerSqft":888.89,"pricePerMarla":200000.0,"areaSqft":5400.0,"beds":null,"baths":null,"url":"https://www.zameen.com/Property/pechs_pechs_-_block_h_pechs_islamabad_block_h_corner_plot-54584238-9105-2.html"}},{"type":"Feature","geometry":{"type":"Point","coordinates":[72.981134,33.697539]},"properties":{"id":"graana-1545978","source":"Graana","confidenceScore":68,"confidenceBand":"Low","isOutlier":true,"title":"7.50 Ft\u00b2 Flat for Sale","propertyGroup":"apartment","location":"E-11, Islamabad","neighborhood":"E-11","pricePkr":6500000,"pricePerSqft":866666.67,"pricePerMarla":195000000.0,"areaSqft":7.5,"beds":1,"baths":1,"url":"https://www.graana.com/property/1545978"}},{"type":"Feature","geometry":{"type":"Point","coordinates":[73.1889129,33.48432489]},"properties":{"id":"zameen-54833184","source":"Zameen","confidenceScore":100,"confidenceBand":"High","isOutlier":true,"title":"10 Marla Pairs Commercial Avn 6 Main Blwd","propertyGroup":"plot","location":"DHA Phase 3 - Block B, DHA Defence Phase 3","neighborhood":"DHA Defence","pricePkr":95000000,"pricePerSqft":42222.22,"pricePerMarla":9500000.0,"areaSqft":2250.0,"beds":null,"baths":null,"url":"https://www.zameen.com/Property/dha_defence_phase_3_dha_phase_3_-_block_b_10_marla_pairs_commercial_avn_6_main_blwd-54833184-16227-2.html"}},{"type":"Feature","geometry":{"type":"Point","coordinates":[72.972193,33.637489]},"properties":{"id":"zameen-51544389","source":"Zameen","confidenceScore":100,"confidenceBand":"High","isOutlier":true,"title":"Prime Location Studio Flat For Sale In Sector H-13 Islamabad","propertyGroup":"apartment","location":"H-13, Islamabad","neighborhood":"H-13","pricePkr":4000000,"pricePerSqft":11428.57,"pricePerMarla":2571428.57,"areaSqft":350.0,"beds":null,"baths":1,"url":"https://www.zameen.com/Property/islamabad_h-13_prime_location_studio_flat_for_sale_in_sector_h-13_islamabad-51544389-1039-1.html"}},{"type":"Feature","geometry":{"type":"Point","coordinates":[72.972193,33.637489]},"properties":{"id":"graana-1555630","source":"Graana","confidenceScore":68,"confidenceBand":"Low","isOutlier":true,"title":"700 Ft\u00b2 Flat for Sale","propertyGroup":"apartment","location":"H-13, Islamabad","neighborhood":"H-13","pricePkr":30000,"pricePerSqft":42.86,"pricePerMarla":9642.86,"areaSqft":700.0,"beds":2,"baths":2,"url":"https://www.graana.com/property/1555630"}},{"type":"Feature","geometry":{"type":"Point","coordinates":[72.972193,33.637489]},"properties":{"id":"graana-1555635","source":"Graana","confidenceScore":68,"confidenceBand":"Low","isOutlier":true,"title":"700 Ft\u00b2 Flat for Sale","propertyGroup":"apartment","location":"H-13, Islamabad","neighborhood":"H-13","pricePkr":30000,"pricePerSqft":42.86,"pricePerMarla":9642.86,"areaSqft":700.0,"beds":2,"baths":2,"url":"https://www.graana.com/property/1555635"}}]}